symbol,company_name,year,quarter,call_datetime,pres_pos,pres_neg,pres_neu,qa_pos,qa_neg,qa_neu,sentiment_mismatch_pos,sentiment_mismatch_neg,evasion_index,abnormal_return_5d
ADP,"Automatic Data Processing, Inc.",2020,4,2020-07-29 08:30:00,0.35045958,0.54769444,0.10184599,0.15359364,0.2639902,0.5824162,0.19686593,0.28370425,0.20411332,-0.11497904357283072
ADP,"Automatic Data Processing, Inc.",2020,3,2020-04-29 08:30:00,0.37377766,0.39420432,0.23201798,0.21406083,0.09373335,0.69220585,0.15971683,0.30047098,0.25873107,0.016066753589916
ADP,"Automatic Data Processing, Inc.",2023,3,2023-04-26 08:30:00,0.698615,0.09454957,0.20683545,0.24402319,0.03278663,0.72319025,0.4545918,0.061762936,0.50523156,0.015569625323053508
ADP,"Automatic Data Processing, Inc.",2023,1,2022-10-26 08:30:00,0.60832757,0.016874768,0.37479764,0.23349582,0.08683821,0.67966604,0.37483174,-0.06996344,0.4134596,0.02441671981513175
ALLE,Allegion plc,2020,3,2020-10-22 08:00:00,0.29515344,0.5604906,0.14435592,0.4208743,0.04010041,0.5390253,-0.12572086,0.5203902,0.15909517,-0.019211586674738844
ALLE,Allegion plc,2020,2,2020-07-23 08:00:00,0.1423761,0.54348725,0.31413668,0.27312967,0.05073333,0.676137,-0.13075358,0.49275392,0.09626574,-0.11653067960624121
ALLE,Allegion plc,2021,4,2022-02-15 08:00:00,0.022273311,0.03320523,0.94452137,0.3511595,0.16191098,0.48692948,-0.3288862,-0.12870575,0.010845532,-0.03409121387549252
ALLE,Allegion plc,2022,3,2022-10-27 08:00:00,0.57526505,0.267287,0.15744793,0.462001,0.023948241,0.5140508,0.113264054,0.24333875,0.29571545,0.0803758918377898
ALLE,Allegion plc,2022,2,2022-07-30 08:00:00,0.45371735,0.27678928,0.26949334,0.43716168,0.05382254,0.50901574,0.016555667,0.22296673,0.23094927,-0.029139296314255186
ALLE,Allegion plc,2022,1,2022-04-26 08:00:00,0.5502657,0.2708138,0.17892046,0.5356546,0.11790272,0.3464427,0.014611125,0.15291107,0.19063555,0.03400843946715965
ALLE,Allegion plc,2023,2,2023-07-26 08:00:00,0.80626935,0.06882284,0.124907784,0.31686565,0.09190798,0.59122634,0.4894037,-0.02308514,0.47668767,-0.08724121084285867
ALLE,Allegion plc,2023,1,2023-04-26 11:00:00,0.74461937,0.16665007,0.088730566,0.419267,0.058326006,0.522407,0.32535237,0.108324066,0.38899437,0.06406326291275932
ALLE,Allegion plc,2024,2,2024-07-24 08:00:00,0.781596,0.023173975,0.19522996,0.39014423,0.029937634,0.57991815,0.39145178,-0.0067636594,0.4532617,0.08173843759271661
ALLE,Allegion plc,2024,1,2024-04-25 08:00:00,0.45403224,0.4979582,0.04800961,0.3118604,0.03371561,0.654424,0.14217183,0.4642426,0.2971296,-0.03235835231873389
ALLE,Allegion plc,2025,1,2025-04-24 08:00:00,0.66332334,0.15394539,0.18273123,0.19491993,0.034902856,0.7701771,0.4684034,0.11904253,0.5108765,0.054246574857046356
AME,"AMETEK, Inc.",2020,2,2020-08-04 08:30:00,0.4177096,0.38864955,0.19364086,0.18851739,0.22706088,0.5844217,0.2291922,0.16158867,0.24411854,0.03342527626025541
AME,"AMETEK, Inc.",2020,1,2020-05-05 08:30:00,0.2937729,0.51561487,0.19061221,0.26614758,0.1548925,0.57895994,0.027625322,0.36072236,0.17008275,0.004803200528961682
AME,"AMETEK, Inc.",2021,4,2022-02-03 08:30:00,0.9205856,0.0278544,0.051560003,0.4416612,0.025868539,0.5324703,0.47892436,0.001985861,0.49018446,-0.0121739745563632
AME,"AMETEK, Inc.",2023,2,2023-08-01 08:30:00,0.62854356,0.1362369,0.23521958,0.48093456,0.02825022,0.4908152,0.147609,0.10798669,0.30849874,0.03150058403907527
AME,"AMETEK, Inc.",2023,1,2023-05-02 08:30:00,0.81672615,0.08322838,0.10004545,0.53221124,0.03134915,0.4364396,0.2845149,0.05187923,0.35645163,0.04807055853822323
AME,"AMETEK, Inc.",2024,4,2025-02-04 08:30:00,0.6617715,0.23474188,0.10348657,0.54616547,0.08936599,0.3644685,0.11560601,0.14537589,0.24119484,-0.005869929872865507
AME,"AMETEK, Inc.",2024,2,2024-08-01 08:30:00,0.58710134,0.1348447,0.27805397,0.30333167,0.2345485,0.46211985,0.28376967,-0.09970379,0.2713112,-0.04757413317977866
AME,"AMETEK, Inc.",2024,1,2024-05-02 08:30:00,0.83803,0.009746856,0.1522232,0.17663124,0.0643019,0.7590669,0.66139877,-0.054555044,0.6361208,-0.06244564410347735
AME,"AMETEK, Inc.",2025,1,2025-05-01 08:30:00,0.73846334,0.0419815,0.21955521,0.33368593,0.081129014,0.58518505,0.4047774,-0.039147515,0.4321377,-0.005302051440159607
AOS,A. O. Smith Corporation,2020,4,2021-01-28 10:00:00,0.61644363,0.3196497,0.063906685,0.2375243,0.11613945,0.6463362,0.37891933,0.20351025,0.39842984,0.07562611010977746
AOS,A. O. Smith Corporation,2021,1,2021-04-29 10:00:00,0.63924634,0.29222053,0.06853314,0.2988975,0.15172146,0.5493811,0.34034884,0.14049907,0.35118985,0.07193423830889756
AOS,A. O. Smith Corporation,2023,4,2024-01-30 10:00:00,0.72750837,0.071565256,0.20092635,0.33935118,0.053300727,0.6073481,0.3881572,0.018264528,0.4418508,-0.04357624511133506
AOS,A. O. Smith Corporation,2023,3,2023-10-26 10:00:00,0.72455895,0.056190766,0.21925028,0.18241738,0.09271737,0.72486526,0.54214156,-0.036526605,0.52520764,0.06839141982942622
AOS,A. O. Smith Corporation,2023,2,2023-07-27 10:00:00,0.49013716,0.18683532,0.32302752,0.3967545,0.05825493,0.54499054,0.09338266,0.12858039,0.26712012,-0.01875862533055394
AOS,A. O. Smith Corporation,2024,1,2024-04-25 10:00:00,0.8758354,0.024727006,0.0994377,0.16891146,0.16177374,0.6693148,0.70692396,-0.13704674,0.5862096,-0.03448285242304862
AXON,"Axon Enterprise, Inc.",2021,2,2021-08-06 18:00:00,0.4055759,0.015228495,0.5791956,0.37217462,0.016735489,0.6110899,0.03340128,-0.0015069935,0.24784333,-0.04270664523092768
BA,The Boeing Company,2023,2,2023-07-26 10:30:00,0.82397324,0.09414149,0.08188532,0.26277623,0.043888647,0.6933351,0.56119704,0.050252844,0.5712896,0.09244710280014015
BLDR,"Builders FirstSource, Inc.",2020,4,2021-02-26 09:00:00,0.78325886,0.020555794,0.19618529,0.303583,0.046449173,0.6499679,0.47967586,-0.025893379,0.5090931,0.06836687653446945
BLDR,"Builders FirstSource, Inc.",2020,3,2020-10-30 10:00:00,0.7862405,0.046712797,0.16704667,0.20756526,0.17104018,0.62139463,0.57867527,-0.12432738,0.48856565,0.07573618771571544
BLDR,"Builders FirstSource, Inc.",2020,2,2020-07-31 10:00:00,0.55672103,0.30521512,0.13806383,0.29220626,0.10616015,0.60163355,0.26451477,0.19905497,0.33494204,0.11659050657236067
BLDR,"Builders FirstSource, Inc.",2020,1,2020-05-01 10:00:00,0.5006443,0.27323118,0.22612451,0.19069822,0.24697874,0.56232303,0.30994612,0.026252434,0.28152382,-0.031032305637924116
BLDR,"Builders FirstSource, Inc.",2021,4,2022-03-01 09:00:00,0.78359497,0.024384279,0.19202073,0.34349674,0.028800499,0.6277028,0.44009823,-0.00441622,0.49186474,-0.005267327976450346
BLDR,"Builders FirstSource, Inc.",2021,2,2021-08-07 09:00:00,0.81572336,0.017094295,0.16718243,0.42828932,0.037069283,0.5346414,0.38743404,-0.019974988,0.43611947,0.08098177661395216
BLDR,"Builders FirstSource, Inc.",2021,1,2021-05-09 09:00:00,0.7037641,0.1055197,0.19071627,0.3416389,0.03883208,0.619529,0.3621252,0.066687614,0.43600225,-0.06784930396171374
BLDR,"Builders FirstSource, Inc.",2024,4,2025-02-20 09:00:00,0.42267343,0.327261,0.25006557,0.1905841,0.09975665,0.7096593,0.23208934,0.22750434,0.29995412,0.007038765187502238
BR,"Broadridge Financial Solutions, Inc.",2020,4,2020-08-11 08:30:00,0.026321517,0.026822971,0.94685555,0.594915,0.061227214,0.34385788,-0.56859344,-0.03440424,0.009050861,0.010604747166779225
BR,"Broadridge Financial Solutions, Inc.",2020,3,2020-05-08 08:00:00,0.5346804,0.1802404,0.2850792,0.39640507,0.03195982,0.5716351,0.13827536,0.14828058,0.30564213,-0.0036989778838365933
BR,"Broadridge Financial Solutions, Inc.",2021,4,2021-08-12 08:30:00,0.67717624,0.13337521,0.18944855,0.33874318,0.034320567,0.62693626,0.33843306,0.09905465,0.42454633,0.017595015877444803
BR,"Broadridge Financial Solutions, Inc.",2021,3,2021-05-04 08:30:00,0.5981588,0.01564351,0.38619766,0.27098265,0.016948072,0.71206933,0.32717612,-0.0013045631,0.42593053,0.033489699120389294
BR,"Broadridge Financial Solutions, Inc.",2021,2,2021-02-02 08:30:00,0.20358083,0.041237183,0.755182,0.31483477,0.027209312,0.65795594,-0.11125395,0.014027871,0.13394721,-0.06652288829943599
BR,"Broadridge Financial Solutions, Inc.",2021,1,2020-10-30 08:30:00,0.2582322,0.018018223,0.72374964,0.18619785,0.06917198,0.74463016,0.07203436,-0.051153757,0.19228749,0.0011048794987284574
BR,"Broadridge Financial Solutions, Inc.",2022,4,2022-08-12 08:30:00,0.7302558,0.05342523,0.21631901,0.357978,0.026785178,0.6152369,0.3722778,0.026640052,0.4492803,0.03207674760408624
BR,"Broadridge Financial Solutions, Inc.",2022,1,2021-11-03 00:00:00,0.2015329,0.011046492,0.78742063,0.16962957,0.07875292,0.7516175,0.031903327,-0.06770643,0.15147565,-0.003691780384679768
BR,"Broadridge Financial Solutions, Inc.",2023,4,2023-08-08 08:30:00,0.8145528,0.09725773,0.08818951,0.24013865,0.047214564,0.71264684,0.57441413,0.05004317,0.58048844,0.10630790706503582
BR,"Broadridge Financial Solutions, Inc.",2023,3,2023-05-02 08:30:00,0.7815284,0.07927512,0.13919653,0.31962845,0.04275445,0.6376171,0.46189997,0.036520667,0.4983159,0.06973708989666576
BR,"Broadridge Financial Solutions, Inc.",2023,1,2022-11-02 20:30:00,0.6556043,0.1426688,0.20172694,0.29503483,0.02287207,0.6820931,0.36056948,0.11979673,0.44718316,-0.026828214150528412
BR,"Broadridge Financial Solutions, Inc.",2024,2,2024-02-01 08:30:00,0.78038263,0.07996221,0.13965519,0.28328216,0.024130108,0.6925878,0.49710047,0.055832103,0.5404835,-0.056887252870893565
BR,"Broadridge Financial Solutions, Inc.",2025,1,2024-11-05 08:30:00,0.6669115,0.19267818,0.14041038,0.4449238,0.032438856,0.52263737,0.2219877,0.16023932,0.34855285,0.034650002782116406
CARR,Carrier Global Corporation,2020,4,2021-02-09 09:00:00,0.78103757,0.120794244,0.09816821,0.4428137,0.06890072,0.48828563,0.33822387,0.051893525,0.3813694,-0.06598446440827699
CARR,Carrier Global Corporation,2020,3,2020-10-29 09:00:00,0.48983532,0.2762286,0.23393607,0.27342305,0.11104837,0.6155286,0.21641228,0.16518024,0.30150765,0.07671572069185399
CARR,Carrier Global Corporation,2020,2,2020-07-30 09:00:00,0.5269383,0.3203898,0.15267186,0.1682434,0.1260821,0.7056745,0.3586949,0.1943077,0.37184694,0.012261084089352555
CARR,Carrier Global Corporation,2020,1,2020-05-08 08:30:00,0.36642405,0.41173768,0.22183833,0.17939258,0.12825996,0.69234747,0.18703148,0.28347772,0.25369278,0.02435234045629898
CARR,Carrier Global Corporation,2021,4,2022-02-08 08:30:00,0.84236646,0.030998196,0.12663542,0.34150392,0.068749964,0.5897461,0.50086254,-0.037751768,0.49678236,0.003511060139641898
CARR,Carrier Global Corporation,2021,3,2021-10-28 08:30:00,0.75554234,0.15656453,0.08789322,0.36152363,0.11518212,0.52329427,0.3940187,0.041382417,0.395371,-0.02952485926612897
CARR,Carrier Global Corporation,2021,2,2021-07-29 09:00:00,0.8208836,0.018003212,0.1611132,0.25438267,0.075563885,0.67005336,0.5665009,-0.057560675,0.5500358,0.08564049984337478
CARR,Carrier Global Corporation,2021,1,2021-04-29 08:50:00,0.8932469,0.02118507,0.08556796,0.34964138,0.05450518,0.59585345,0.5436055,-0.03332011,0.53224427,-0.009120103184163241
CARR,Carrier Global Corporation,2022,4,2023-02-07 08:00:00,0.57399696,0.3633655,0.06263753,0.2834675,0.20163807,0.51489437,0.29052946,0.16172743,0.2955478,-0.028194870813976886
CARR,Carrier Global Corporation,2022,3,2022-10-27 07:30:00,0.67866254,0.26186207,0.059475455,0.27886936,0.22288129,0.49824935,0.39979318,0.038980782,0.33814317,0.09324321552485076
CARR,Carrier Global Corporation,2022,2,2022-07-28 07:30:00,0.80309886,0.13764629,0.059254892,0.28589413,0.17174362,0.5423622,0.51720476,-0.03409733,0.43557048,0.02551613361916171
CARR,Carrier Global Corporation,2022,1,2022-04-28 09:05:00,0.77980393,0.11638105,0.10381507,0.3702971,0.07282103,0.5568819,0.40950683,0.04356002,0.4342587,-0.044737750959529025
CARR,Carrier Global Corporation,2023,4,2024-02-06 07:30:00,0.6971851,0.19269711,0.110117786,0.23473229,0.103802584,0.6614651,0.46245283,0.08889452,0.4611636,-0.04279984885813143
CARR,Carrier Global Corporation,2023,3,2023-10-26 07:30:00,0.6857699,0.1988275,0.11540262,0.37975997,0.08158788,0.5386521,0.30600995,0.117239624,0.3693914,0.03519024077589103
CARR,Carrier Global Corporation,2023,2,2023-07-27 07:30:00,0.6342076,0.3168746,0.048917774,0.35061952,0.085546836,0.5638337,0.28358808,0.23132776,0.35758764,0.08162875092904566
CARR,Carrier Global Corporation,2023,1,2023-04-27 14:50:00,0.7281311,0.009287562,0.2625814,0.16122176,0.022829277,0.81594884,0.5669094,-0.013541715,0.59411776,0.01435328700278468
CARR,Carrier Global Corporation,2024,4,2025-02-11 07:30:00,0.6842089,0.224137,0.09165402,0.2290533,0.09760316,0.6733434,0.4551556,0.12653384,0.46070758,-0.0165845170332261
CARR,Carrier Global Corporation,2024,3,2024-10-24 07:30:00,0.52434754,0.14607053,0.32958195,0.21825434,0.08615908,0.6955866,0.30609322,0.059911445,0.36472914,-0.0721906175652427
CARR,Carrier Global Corporation,2024,2,2024-07-25 07:30:00,0.67259,0.2477119,0.07969808,0.28529447,0.183254,0.53145146,0.38729554,0.06445789,0.35744894,-0.0025418999882422825
CARR,Carrier Global Corporation,2024,1,2024-04-25 07:30:00,0.9077296,0.009111015,0.083159365,0.23634791,0.122034274,0.64161783,0.6713817,-0.11292326,0.5824155,0.11758730716341806
CARR,Carrier Global Corporation,2025,1,2025-05-01 07:30:00,0.76231354,0.1760573,0.06162915,0.30736798,0.18967672,0.50295526,0.45494556,-0.013619423,0.38340962,0.11388690689993276
CAT,Caterpillar Inc.,2020,4,2021-01-29 08:30:00,0.47256377,0.42400613,0.1034301,0.37366292,0.04237015,0.583967,0.098900855,0.381636,0.27596164,0.020719972102653736
CAT,Caterpillar Inc.,2020,3,2020-10-27 08:30:00,0.3481616,0.5348226,0.11701589,0.36504212,0.10971813,0.52523977,-0.016880512,0.42510444,0.18286832,0.03686559600708784
CAT,Caterpillar Inc.,2020,2,2020-07-31 08:30:00,0.17804419,0.6949022,0.12705363,0.18189298,0.27689034,0.5412166,-0.0038487911,0.41801184,0.09636047,-0.045601527419122136
CAT,Caterpillar Inc.,2020,1,2020-04-28 08:30:00,0.33250222,0.47342053,0.19407724,0.23556046,0.2459252,0.5185142,0.096941754,0.22749533,0.17240712,-0.051112513953620806
CAT,Caterpillar Inc.,2021,4,2022-01-28 08:30:00,0.650675,0.23150675,0.117818214,0.26389387,0.13092199,0.60518414,0.38678113,0.10058476,0.39377818,-0.10507555606871594
CAT,Caterpillar Inc.,2021,3,2021-10-28 08:30:00,0.7673488,0.11050547,0.12214562,0.35068077,0.06863968,0.5806796,0.41666806,0.04186579,0.44558382,0.009830841297018545
CAT,Caterpillar Inc.,2021,2,2021-07-30 09:30:00,0.8448723,0.044663783,0.110463984,0.5457189,0.047162037,0.40711904,0.2991534,-0.0024982542,0.3439636,-0.023736838330181153
CAT,Caterpillar Inc.,2021,1,2021-04-29 08:30:00,0.8015646,0.07266133,0.12577409,0.33950666,0.087323114,0.57317024,0.46205792,-0.0146617815,0.45943296,0.016125709534614886
CAT,Caterpillar Inc.,2022,4,2023-01-31 08:30:00,0.7444512,0.14171092,0.11383789,0.47023425,0.15613471,0.37363106,0.27421698,-0.014423788,0.2781501,-0.08167303040207888
CAT,Caterpillar Inc.,2022,3,2022-10-27 08:30:00,0.8239433,0.050765704,0.125291,0.3616771,0.076084934,0.562238,0.4622662,-0.02531923,0.46325222,0.14212225295665137
CAT,Caterpillar Inc.,2022,2,2022-08-02 08:30:00,0.46695268,0.40970305,0.12334428,0.3770003,0.1361031,0.4868966,0.08995238,0.27359995,0.22735767,-0.04624696722731861
CAT,Caterpillar Inc.,2022,1,2022-04-28 08:30:00,0.63956374,0.2555383,0.10489794,0.46629962,0.06441396,0.46928647,0.17326412,0.19112435,0.30013862,0.01807184842989982
CAT,Caterpillar Inc.,2023,4,2024-02-05 08:30:00,0.58230317,0.28702918,0.13066766,0.36789125,0.10643885,0.52566993,0.21441191,0.18059033,0.30609927,0.008004434061133265
CAT,Caterpillar Inc.,2023,3,2023-10-31 08:30:00,0.64280814,0.23579423,0.12139768,0.27526432,0.2569236,0.46781206,0.36754382,-0.021129355,0.3007134,-0.08067037470570992
CAT,Caterpillar Inc.,2023,2,2023-08-01 08:30:00,0.6279448,0.17183366,0.20022148,0.45560697,0.17509149,0.36930147,0.17233786,-0.003257826,0.23190095,0.08634590079629112
CAT,Caterpillar Inc.,2023,1,2023-04-27 12:00:00,0.74958247,0.13618746,0.114230104,0.18804072,0.1366671,0.67529225,0.56154174,-0.00047963858,0.50618726,-0.028163947589962827
CAT,Caterpillar Inc.,2024,4,2025-01-30 08:30:00,0.20654777,0.63964725,0.15380499,0.22669321,0.21838361,0.5549232,-0.020145446,0.42126364,0.114618145,-0.07797414421289074
CAT,Caterpillar Inc.,2024,3,2024-10-30 08:30:00,0.414559,0.45519456,0.13024649,0.3304887,0.08205305,0.58745825,0.084070295,0.37314153,0.24353611,0.05931263114588157
CAT,Caterpillar Inc.,2024,2,2024-08-06 08:30:00,0.31271887,0.5140241,0.17325704,0.24129401,0.07691984,0.6817861,0.07142486,0.43710423,0.21320738,0.021607113156647054
CAT,Caterpillar Inc.,2024,1,2024-04-25 08:30:00,0.4568504,0.38297784,0.16017173,0.31976599,0.05161851,0.6286155,0.13708442,0.33135933,0.28718325,-0.07577967004341564
CAT,Caterpillar Inc.,2025,1,2025-04-30 08:30:00,0.3664211,0.4630287,0.17055018,0.2715441,0.053691067,0.6747649,0.094877005,0.40933764,0.24724808,0.029263571570466676
CHRW,"C.H. Robinson Worldwide, Inc.",2021,3,2021-10-26 17:00:00,0.25954503,0.013293498,0.72716147,0.2944961,0.035394922,0.6701091,-0.03495106,-0.022101425,0.17392348,-0.059660426131800004
CHRW,"C.H. Robinson Worldwide, Inc.",2021,2,2021-07-28 18:00:00,0.648647,0.17367686,0.17767613,0.24552014,0.068147294,0.68633264,0.40312687,0.10552957,0.44518763,0.007429162024406584
CHRW,"C.H. Robinson Worldwide, Inc.",2021,1,2021-04-27 17:00:00,0.6043264,0.3045829,0.0910907,0.22625698,0.13118997,0.64255303,0.37806946,0.17339292,0.38831177,0.028174561635123257
CHRW,"C.H. Robinson Worldwide, Inc.",2022,3,2022-11-02 08:30:00,0.43187848,0.42315277,0.14496873,0.19388857,0.15400569,0.65210575,0.2379899,0.2691471,0.28163043,-0.04907687552320961
CHRW,"C.H. Robinson Worldwide, Inc.",2022,2,2022-07-27 17:00:00,0.6546292,0.279268,0.06610283,0.17957981,0.23331851,0.5871017,0.47504938,0.04594949,0.3843339,0.03129179318513394
CHRW,"C.H. Robinson Worldwide, Inc.",2023,3,2023-11-01 17:00:00,0.11623614,0.015320423,0.8684434,0.1889898,0.043519616,0.76749057,-0.07275366,-0.028199192,0.089210145,-0.0422856216391347
CHRW,"C.H. Robinson Worldwide, Inc.",2024,1,2024-05-01 17:00:00,0.8362194,0.07289733,0.090883315,0.11748495,0.080198236,0.80231684,0.71873444,-0.007300906,0.67091286,0.08820778195379034
CMI,Cummins Inc.,2020,4,2020-11-12 09:00:00,0.56010133,0.25932646,0.18057221,0.17781815,0.03519976,0.78698206,0.38228318,0.2241267,0.4407897,-0.004297603830274216
CMI,Cummins Inc.,2022,2,2022-08-02 10:00:00,0.4963252,0.31155667,0.19211821,0.3481726,0.15015903,0.50166833,0.14815259,0.16139764,0.24899064,0.0003529623046415677
CMI,Cummins Inc.,2023,2,2023-08-03 10:00:00,0.6770889,0.19628997,0.1266211,0.25701296,0.18735853,0.55562854,0.42007595,0.008931443,0.3762099,-0.08546685312677675
CMI,Cummins Inc.,2024,3,2024-11-05 10:00:00,0.41604248,0.43548915,0.14846833,0.28332695,0.03922208,0.6774509,0.13271552,0.39626706,0.28184834,0.04298271176668735
CMI,Cummins Inc.,2024,1,2024-05-02 10:00:00,0.038035195,0.9182432,0.043721627,0.3058558,0.030801753,0.6633425,-0.26782063,0.88744146,0.025230361,-0.0012662425298245947
CMI,Cummins Inc.,2025,1,2025-05-05 10:00:00,0.46073675,0.2707363,0.26852697,0.21964774,0.037833754,0.7425185,0.24108902,0.23290256,0.34210557,0.07481800547400899
CPRT,"Copart, Inc.",2020,4,2020-09-03 11:00:00,0.3201902,0.302548,0.37726185,0.33168226,0.055613775,0.6127039,-0.011492074,0.24693422,0.19618179,0.04036496137501128
CPRT,"Copart, Inc.",2020,3,2020-05-21 11:00:00,0.11587042,0.45550057,0.428629,0.18165015,0.15103061,0.66731924,-0.06577972,0.30446994,0.077322565,0.006680589686732498
CPRT,"Copart, Inc.",2020,2,2020-02-20 11:00:00,0.5641894,0.041016247,0.39479437,0.16717237,0.075591505,0.7572361,0.397017,-0.034575257,0.42722458,-0.07021570176983409
CPRT,"Copart, Inc.",2020,1,2019-11-21 11:00:00,0.6045169,0.029664263,0.36581877,0.17487806,0.023040868,0.8020811,0.42963886,0.006623395,0.4848716,0.03758346314582421
CPRT,"Copart, Inc.",2021,4,2021-09-09 11:00:00,0.6988963,0.054232646,0.24687111,0.16016775,0.045063753,0.79476845,0.53872854,0.009168893,0.55546075,0.06146542841429751
CPRT,"Copart, Inc.",2021,3,2021-05-20 11:00:00,0.5402192,0.14697014,0.31281072,0.1843235,0.017728481,0.797948,0.3558957,0.12924166,0.4310668,0.04128741243222808
CPRT,"Copart, Inc.",2021,2,2021-02-19 11:00:00,0.58425033,0.24465163,0.17109805,0.19943134,0.09432656,0.7062421,0.38481897,0.15032506,0.41262218,-0.05464261184684491
CPRT,"Copart, Inc.",2021,1,2020-11-19 11:00:00,0.5318165,0.16175131,0.30643228,0.26328412,0.071144834,0.66557103,0.26853237,0.09060648,0.35396165,-0.026330402301073988
CPRT,"Copart, Inc.",2022,4,2022-09-09 11:00:00,0.3279027,0.35664725,0.31545,0.13263045,0.05402502,0.8133444,0.19527225,0.30262223,0.26669782,-0.025410797968668138
CPRT,"Copart, Inc.",2022,3,2022-05-19 11:00:00,0.65703446,0.13354881,0.20941673,0.30729523,0.09420857,0.59849614,0.34973922,0.039340243,0.39323258,0.039575756331868814
CPRT,"Copart, Inc.",2022,2,2022-02-17 11:00:00,0.46012476,0.35945264,0.18042254,0.227437,0.036620844,0.7359421,0.23268776,0.32283178,0.3386252,0.003009158951195273
CPRT,"Copart, Inc.",2023,4,2023-09-14 11:00:00,0.561766,0.18347616,0.25475782,0.17899853,0.08337398,0.73762757,0.3827675,0.100102186,0.4143741,0.004359891399443802
CPRT,"Copart, Inc.",2023,2,2023-02-21 11:29:00,0.6621706,0.080056526,0.2577729,0.13048398,0.07129132,0.7982246,0.5316866,0.008765206,0.5285609,0.05682390469773356
CPRT,"Copart, Inc.",2023,1,2022-11-17 11:00:00,0.312256,0.40579134,0.28195265,0.2635838,0.02426765,0.7121486,0.0486722,0.3815237,0.22237268,0.03215401494276318
CPRT,"Copart, Inc.",2024,4,2024-09-04 17:30:00,0.48865658,0.3187624,0.19258097,0.09551774,0.067301996,0.8371804,0.39313883,0.2514604,0.4090937,-0.08119524216726794
CPRT,"Copart, Inc.",2024,3,2024-05-16 17:30:00,0.5839437,0.18529472,0.23076156,0.17763406,0.11535406,0.7070118,0.40630966,0.06994066,0.41285512,-0.011698738438598297
CPRT,"Copart, Inc.",2024,2,2024-02-22 17:30:00,0.6773432,0.24696939,0.07568748,0.2623422,0.019299509,0.7183582,0.41500098,0.22766988,0.48657504,0.074557106907828
CPRT,"Copart, Inc.",2024,1,2023-11-16 17:30:00,0.618444,0.16337696,0.21817894,0.19060272,0.016887592,0.7925098,0.4278413,0.14648937,0.49012294,0.028970520151376494
CPRT,"Copart, Inc.",2025,2,2025-02-20 17:30:00,0.52958614,0.11107022,0.35934362,0.18915503,0.02411245,0.7867325,0.3404311,0.086957775,0.41664264,-0.03209467637572369
CPRT,"Copart, Inc.",2025,1,2024-11-21 17:30:00,0.46448246,0.15186259,0.38365495,0.20398475,0.055136982,0.7408782,0.2604977,0.09672561,0.34412494,0.07343428830388071
CSX,CSX Corporation,2022,4,2023-01-25 16:30:00,0.82107526,0.059801877,0.1191228,0.31220403,0.06671617,0.62107986,0.5088712,-0.0069142953,0.5099533,0.01048806719564637
CSX,CSX Corporation,2023,2,2023-07-20 16:30:00,0.6186878,0.3280899,0.053222254,0.45977068,0.061677776,0.47855154,0.15891713,0.2664121,0.296074,-0.007773769505752402
CSX,CSX Corporation,2023,1,2023-04-20 09:00:00,0.83938533,0.05567366,0.104941055,0.34081048,0.09843568,0.5607538,0.49857485,-0.04276202,0.47068852,-0.0009485910343490448
CTAS,Cintas Corporation,2020,4,2020-07-23 00:00:00,0.50831723,0.4336657,0.058017116,0.13315852,0.097881764,0.76895976,0.37515873,0.33578393,0.3908755,0.05212223423923024
CTAS,Cintas Corporation,2020,3,2020-03-19 17:00:00,0.5383814,0.070794344,0.39082423,0.15008566,0.32633168,0.5235827,0.38829574,-0.25553733,0.28188717,-0.06263321996208723
CTAS,Cintas Corporation,2020,2,2019-12-17 17:00:00,0.5047154,0.24019568,0.25508893,0.34290156,0.040689565,0.6164089,0.16181383,0.1995061,0.31111103,0.013419192852413416
CTAS,Cintas Corporation,2020,1,2019-09-25 17:00:00,0.37761134,0.28955534,0.33283332,0.2328242,0.068492524,0.6986832,0.14478713,0.22106281,0.2638307,-0.005095546377055046
CTAS,Cintas Corporation,2021,4,2021-07-15 10:00:00,0.6694731,0.13118008,0.19934686,0.32046732,0.031369448,0.64816326,0.3490058,0.09981063,0.43392786,0.03354199974118666
CTAS,Cintas Corporation,2021,3,2021-03-17 10:00:00,0.5082734,0.30145437,0.19027226,0.20556661,0.113623954,0.6808095,0.3027068,0.18783042,0.3460374,-0.015922240827365687
CTAS,Cintas Corporation,2021,2,2020-12-22 10:00:00,0.47457734,0.34203187,0.18339078,0.19202389,0.114464484,0.6935116,0.28255343,0.22756737,0.3291249,0.00179922243674642
CTAS,Cintas Corporation,2021,1,2020-09-23 10:00:00,0.24503326,0.26723737,0.48772934,0.24127482,0.16843486,0.59029025,0.0037584454,0.09880251,0.14464074,0.012916110505543268
CTAS,Cintas Corporation,2022,4,2022-07-14 10:00:00,0.69692874,0.042812977,0.26025832,0.3475086,0.030082518,0.62240887,0.34942013,0.012730459,0.43377462,0.007517254523516648
CTAS,Cintas Corporation,2022,3,2022-03-23 10:00:00,0.5687152,0.14386578,0.28741902,0.3451611,0.01866151,0.6361775,0.2235541,0.12520427,0.3618038,0.07912737817660812
CTAS,Cintas Corporation,2022,2,2021-12-22 10:00:00,0.87640333,0.070580795,0.053015858,0.39930984,0.02720246,0.57348776,0.4770935,0.043378334,0.5026066,-0.02153510215726974
CTAS,Cintas Corporation,2022,1,2021-09-29 10:00:00,0.7862496,0.118043,0.09570745,0.32565144,0.073867336,0.60048115,0.46059814,0.044175662,0.47212806,0.0230564431212706
CTAS,Cintas Corporation,2023,4,2023-07-13 10:00:00,0.73604774,0.10723853,0.15671372,0.32322055,0.03099642,0.6457831,0.4128272,0.07624211,0.47532722,0.014433229998147284
CTAS,Cintas Corporation,2023,3,2023-03-29 10:00:00,0.6630068,0.043337546,0.29365563,0.2481995,0.028582992,0.72321755,0.4148073,0.014754554,0.47949815,-0.011711991872690796
CTAS,Cintas Corporation,2023,2,2022-12-21 10:00:00,0.76274276,0.102933556,0.13432369,0.29553366,0.04900335,0.65546304,0.4672091,0.053930204,0.4999497,0.022068011507574658
CTAS,Cintas Corporation,2023,1,2022-09-28 17:00:00,0.63298166,0.049913585,0.31710476,0.3497566,0.0753207,0.5749227,0.28322506,-0.025407113,0.3639155,0.03385315819947961
CTAS,Cintas Corporation,2024,4,2024-07-18 10:00:00,0.86748934,0.02941013,0.1031006,0.2350416,0.0280501,0.73690826,0.6324477,0.001360029,0.63926005,0.08253923874052574
CTAS,Cintas Corporation,2024,3,2024-03-27 10:00:00,0.7357196,0.1509288,0.11335153,0.33721521,0.02866062,0.6341243,0.3985044,0.12226818,0.46653768,0.059948882541694316
CTAS,Cintas Corporation,2024,2,2023-12-21 10:00:00,0.7272747,0.17470448,0.09802075,0.28183174,0.028585378,0.6895829,0.44544297,0.1461191,0.5015162,0.07328794698622987
CTAS,Cintas Corporation,2024,1,2023-09-26 10:00:00,0.55864596,0.26105186,0.18030225,0.24171184,0.025153847,0.73313427,0.3169341,0.23589802,0.4095625,-0.023864493164771457
CTAS,Cintas Corporation,2025,3,2025-03-26 10:00:00,0.72243524,0.1592735,0.118291244,0.29269862,0.022774141,0.68452716,0.4297366,0.13649936,0.49452654,0.09691511453182633
CTAS,Cintas Corporation,2025,2,2024-12-19 10:00:00,0.88236994,0.027781636,0.08984846,0.24526015,0.03673132,0.7180085,0.63710976,-0.008949686,0.63354915,-0.11964720168692781
CTAS,Cintas Corporation,2025,1,2024-09-25 10:00:00,0.8850709,0.0237947,0.09113439,0.23328844,0.018593764,0.7481178,0.6517825,0.0052009355,0.6621373,0.006276671490232921
DAL,"Delta Air Lines, Inc.",2020,4,2021-01-14 10:00:00,0.022758264,0.039752938,0.93748873,0.3362411,0.107996345,0.55576247,-0.31348282,-0.06824341,0.012648189,-0.019427014827529537
DAL,"Delta Air Lines, Inc.",2022,2,2022-07-13 10:00:00,0.7422999,0.025504846,0.23219517,0.25904405,0.101066574,0.6398894,0.48325586,-0.07556173,0.47498986,0.01966083803172749
DE,Deere & Company,2021,2,2021-05-21 10:00:00,0.741976,0.10910628,0.14891768,0.22561003,0.068779446,0.70561045,0.516366,0.040326834,0.52354604,0.005736072134399322
DE,Deere & Company,2023,4,2023-11-22 10:00:00,0.47009262,0.17180116,0.3581062,0.31422016,0.11043543,0.5753444,0.15587246,0.06136573,0.27046517,-0.054192078251836126
DE,Deere & Company,2023,3,2023-08-18 10:00:00,0.65261596,0.21950823,0.1278758,0.21441175,0.119005665,0.6665826,0.43820423,0.100502566,0.43502244,-0.07715530701057874
DE,Deere & Company,2023,1,2023-02-17 10:00:00,0.59382164,0.19216833,0.21400997,0.31847572,0.12955482,0.5519695,0.27534592,0.0626135,0.32777146,0.07277695587506906
DE,Deere & Company,2024,2,2024-05-16 10:00:00,0.43503085,0.22496895,0.3400002,0.1620837,0.050602075,0.7873142,0.27294713,0.17436688,0.34250596,-0.0764115891337751
DE,Deere & Company,2024,1,2024-02-15 10:00:00,0.57806903,0.099677466,0.32225347,0.19964088,0.19104254,0.6093165,0.37842816,-0.09136508,0.352227,-0.06992334826702823
DOV,Dover Corporation,2020,4,2021-01-28 10:00:00,0.72672576,0.11488423,0.15839005,0.13000928,0.10463593,0.7653548,0.59671646,0.010248296,0.55620307,-0.02476928624334806
DOV,Dover Corporation,2020,2,2020-07-22 09:00:00,0.601811,0.24261999,0.15556899,0.20529145,0.13281818,0.66189045,0.39651954,0.109801814,0.39833295,0.03240676736419446
DOV,Dover Corporation,2020,1,2020-04-21 10:00:00,0.2830775,0.49045533,0.22646722,0.11199269,0.26902148,0.61898583,0.17108482,0.22143385,0.17522097,0.08973985865231458
DOV,Dover Corporation,2021,1,2021-04-20 10:00:00,0.72905236,0.0343014,0.23664623,0.1812709,0.12833442,0.69039464,0.54778147,-0.09403302,0.50333387,0.04784388078863645
DOV,Dover Corporation,2022,2,2022-07-21 09:00:00,0.7443649,0.14506678,0.11056824,0.16917796,0.1280577,0.70276433,0.57518697,0.01700908,0.52311313,0.020110738364570137
DOV,Dover Corporation,2024,1,2024-04-25 09:30:00,0.7676668,0.026018644,0.2063145,0.1309637,0.13040964,0.7386266,0.63670313,-0.104391,0.5670191,0.03710420826204132
EFX,Equifax Inc.,2020,4,2021-02-11 08:30:00,0.562841,0.2442126,0.1929464,0.28244203,0.039782256,0.6777756,0.28039896,0.20443034,0.38147992,-0.03236641009407454
EFX,Equifax Inc.,2020,3,2020-10-22 08:30:00,0.6146458,0.21612264,0.16923161,0.28434962,0.051068403,0.664582,0.33029616,0.16505423,0.40848252,-0.10386082474565989
EFX,Equifax Inc.,2020,2,2020-07-23 08:30:00,0.4011471,0.37548813,0.22336476,0.20286104,0.05330516,0.7438337,0.19828606,0.32218298,0.29838675,-0.01816343223599811
EFX,Equifax Inc.,2020,1,2020-04-21 08:00:00,0.4474105,0.29552755,0.25706193,0.15531245,0.16785708,0.6768305,0.29209805,0.12767047,0.30282107,0.103944275032829
EFX,Equifax Inc.,2021,3,2021-10-21 08:30:00,0.6079978,0.16763099,0.22437124,0.26324558,0.072014816,0.66473955,0.3447522,0.09561617,0.40416017,0.008224415359077062
EFX,Equifax Inc.,2021,1,2021-04-22 08:30:00,0.6297576,0.23339994,0.1368425,0.28787193,0.03835128,0.67377687,0.34188566,0.19504866,0.42431608,0.17449920660826662
EFX,Equifax Inc.,2023,1,2023-04-20 15:20:00,0.38003796,0.5163761,0.10358604,0.27294275,0.08249023,0.644567,0.10709521,0.43388584,0.24495994,0.06007579294656247
EFX,Equifax Inc.,2025,1,2025-04-22 08:30:00,0.771602,0.056554083,0.17184404,0.22396708,0.12574568,0.6502873,0.5476349,-0.069191605,0.5017629,0.12339304881615089
EMR,Emerson Electric Co.,2020,3,2020-08-04 14:00:00,0.24552467,0.31474128,0.43973395,0.20494625,0.14927295,0.6457808,0.040578425,0.16546834,0.15855512,0.10794051768001434
EMR,Emerson Electric Co.,2020,1,2020-02-04 15:00:00,0.33321548,0.29070193,0.37608257,0.16115424,0.12141215,0.71743363,0.17206123,0.16928977,0.23905998,-0.016554988645091962
EMR,Emerson Electric Co.,2022,4,2022-11-02 09:00:00,0.59313035,0.052986134,0.3538835,0.12451866,0.023927469,0.85155386,0.4686117,0.029058665,0.5050824,0.0836391887687328
EMR,Emerson Electric Co.,2022,3,2022-08-09 09:00:00,0.43695363,0.21284777,0.35019866,0.3199703,0.034459524,0.6455702,0.116983324,0.17838824,0.28208426,-0.034863927634890796
EMR,Emerson Electric Co.,2022,2,2022-05-04 09:00:00,0.72785467,0.10952453,0.16262084,0.3119427,0.034227356,0.65382993,0.41591197,0.07529718,0.47589317,-0.023683032428483006
EMR,Emerson Electric Co.,2023,3,2023-08-02 09:00:00,0.79870856,0.04786259,0.15342893,0.32130465,0.14674105,0.53195435,0.4774039,-0.09887846,0.42487648,0.07194879695052796
EMR,Emerson Electric Co.,2023,2,2023-05-03 08:00:00,0.62328583,0.11124505,0.26546913,0.23282024,0.106676504,0.66050327,0.3904656,0.004568547,0.41168234,-0.0012214164461419336
EMR,Emerson Electric Co.,2024,2,2024-05-08 09:00:00,0.89553297,0.009743842,0.09472324,0.24629346,0.08130605,0.67240053,0.64923954,-0.07156221,0.6021568,0.04586913835888461
ETN,Eaton Corporation plc,2020,3,2020-11-03 11:00:00,0.21840383,0.43924415,0.34235203,0.23521605,0.06233614,0.7024479,-0.01681222,0.376908,0.1534173,0.006405806063230435
ETN,Eaton Corporation plc,2020,2,2020-07-29 11:00:00,0.26464474,0.53924704,0.1961082,0.19290477,0.209948,0.5971472,0.07173997,0.32929903,0.15803188,-0.001829483447747908
ETN,Eaton Corporation plc,2022,4,2023-02-08 11:00:00,0.87975484,0.033031702,0.0872135,0.2680795,0.11091022,0.62101024,0.6116754,-0.07787852,0.54633677,0.060233465294404195
ETN,Eaton Corporation plc,2022,3,2022-11-01 11:00:00,0.8328404,0.020813113,0.14634646,0.30336678,0.043461338,0.65317196,0.5294736,-0.022648225,0.543988,0.06543809600539022
ETN,Eaton Corporation plc,2022,1,2022-05-03 11:00:00,0.5597368,0.051434644,0.38882864,0.2555403,0.0759842,0.66847557,0.30419648,-0.024549559,0.37417036,-0.000539854544383829
ETN,Eaton Corporation plc,2023,4,2024-02-01 11:00:00,0.7540333,0.027805656,0.21816103,0.21019016,0.043624546,0.7461853,0.54384315,-0.01581889,0.5626486,0.0788267965555614
ETN,Eaton Corporation plc,2023,3,2023-10-31 11:00:00,0.82385004,0.033575494,0.14257449,0.2950412,0.061731495,0.6432273,0.52880883,-0.028156001,0.52992284,0.044900316470338035
ETN,Eaton Corporation plc,2024,4,2025-01-31 05:00:00,0.69569284,0.12146735,0.18283977,0.29408246,0.050711166,0.6552064,0.40161037,0.07075618,0.45582238,-0.035511500264333994
ETN,Eaton Corporation plc,2024,1,2024-04-30 11:00:00,0.10609872,0.013517819,0.8803834,0.15975742,0.105682194,0.73456043,-0.0536587,-0.092164375,0.07793592,-0.008164564263426953
ETN,Eaton Corporation plc,2025,1,2025-05-02 11:00:00,0.73189944,0.09604355,0.17205708,0.30431518,0.032696743,0.66298807,0.42758426,0.0633468,0.4852406,0.020841264998042463
FAST,Fastenal Company,2020,4,2021-01-20 10:00:00,0.24174094,0.19146116,0.5667979,0.1533862,0.060251813,0.786362,0.08835474,0.13120934,0.19009589,-0.038894425055491344
FAST,Fastenal Company,2022,4,2023-01-19 10:00:00,0.32364684,0.22780791,0.44854528,0.19769615,0.06100173,0.74130213,0.1259507,0.16680618,0.2399201,0.010054163792054177
FAST,Fastenal Company,2023,4,2024-01-18 10:00:00,0.28672278,0.11833318,0.59494406,0.11129021,0.121721275,0.7669885,0.17543256,-0.003388092,0.21991308,0.059289381872723944
FAST,Fastenal Company,2023,2,2023-07-13 10:00:00,0.21609138,0.37090144,0.41300723,0.12819964,0.114888646,0.75691175,0.08789174,0.2560128,0.1635621,-0.0288358419924482
FAST,Fastenal Company,2023,1,2023-04-13 10:00:00,0.43680406,0.2971579,0.2660381,0.18217818,0.16469617,0.65312564,0.25462586,0.13246174,0.28528792,0.029565274596763433
FDX,FedEx Corporation,2020,4,2020-07-01 17:00:00,0.64034593,0.18228987,0.17736419,0.4130823,0.046123452,0.54079413,0.22726363,0.13616642,0.34629533,-0.009882833995712544
FDX,FedEx Corporation,2020,2,2019-12-17 17:30:00,0.5672873,0.28125927,0.1514535,0.26553455,0.14623667,0.58822876,0.30175278,0.1350226,0.33369473,-0.08064054704519766
FDX,FedEx Corporation,2020,1,2019-09-17 17:30:00,0.3631732,0.22179675,0.4150301,0.19134726,0.02113903,0.78751373,0.17182593,0.20065773,0.28600386,-0.1445990174927374
FDX,FedEx Corporation,2021,4,2021-06-24 17:00:00,0.57298607,0.06486655,0.36214745,0.46997368,0.012317146,0.5177092,0.10301238,0.052549403,0.29664016,-0.03187355818638143
FDX,FedEx Corporation,2021,2,2020-12-17 17:30:00,0.58189005,0.100721166,0.31738874,0.46750656,0.029459113,0.5030344,0.11438349,0.071262054,0.29271072,-0.10378174154163705
FDX,FedEx Corporation,2021,1,2020-09-16 17:30:00,0.5567203,0.050332848,0.39294684,0.3111892,0.017922698,0.67088807,0.24553111,0.032410152,0.373497,0.016737234799953628
FDX,FedEx Corporation,2022,4,2022-06-23 17:00:00,0.6428728,0.13638036,0.22074687,0.36167523,0.024640989,0.6136839,0.28119758,0.11173937,0.39452067,-0.022645472064378433
FDX,FedEx Corporation,2022,3,2022-03-17 17:30:00,0.6483517,0.18593651,0.1657118,0.36767116,0.06868964,0.56363916,0.28068057,0.11724687,0.36543643,-0.03601087582728331
FDX,FedEx Corporation,2022,2,2021-12-16 17:30:00,0.67179275,0.07731192,0.25089532,0.36760962,0.023619331,0.60877115,0.30418313,0.053692587,0.40896803,0.048090275149658274
FDX,FedEx Corporation,2022,1,2021-09-23 17:30:00,0.43638742,0.106033914,0.45757866,0.2120734,0.14335127,0.6445753,0.22431402,-0.037317358,0.28128454,-0.007248446099835486
FDX,FedEx Corporation,2023,2,2022-12-20 17:30:00,0.36464205,0.200288,0.43506992,0.5656906,0.01847021,0.4158392,-0.20104852,0.18181778,0.15163246,0.06090949681256192
FDX,FedEx Corporation,2023,1,2022-09-22 08:30:00,0.42618528,0.30668935,0.26712543,0.2781907,0.08870857,0.6331007,0.14799458,0.21798077,0.2698182,0.03330233091207647
FDX,FedEx Corporation,2025,2,2024-12-19 17:30:00,0.7158797,0.15492575,0.12919465,0.36881804,0.032818653,0.5983632,0.34706163,0.122107096,0.42835608,0.01013386090483595
FDX,FedEx Corporation,2025,1,2024-09-19 17:30:00,0.5989553,0.24230221,0.15874253,0.40723354,0.088339694,0.5044268,0.19172174,0.15396252,0.3021291,-0.11361764840520194
FTV,Fortive Corporation,2020,1,2020-05-01 17:30:00,0.3665009,0.44304547,0.19045362,0.15119097,0.14702313,0.7017859,0.21530995,0.29602236,0.2572052,-0.06691258921546923
FTV,Fortive Corporation,2021,3,2021-10-28 17:00:00,0.80229175,0.02635951,0.17134878,0.3140854,0.042351633,0.643563,0.48820636,-0.015992124,0.51632524,0.028029054613762084
FTV,Fortive Corporation,2022,3,2022-10-26 12:00:00,0.777112,0.11874147,0.10414657,0.2502439,0.13374251,0.6160135,0.5268681,-0.015001044,0.47871152,-0.0002113390894025076
FTV,Fortive Corporation,2022,2,2022-07-28 12:00:00,0.8683224,0.04225272,0.08942488,0.31328166,0.03320871,0.6535097,0.5550407,0.00904401,0.5674571,0.07045904857987445
FTV,Fortive Corporation,2023,4,2024-01-31 12:00:00,0.71261775,0.09651625,0.190866,0.2636826,0.052188504,0.6841288,0.44893515,0.044327747,0.48752233,0.08791033609432283
FTV,Fortive Corporation,2023,3,2023-10-25 12:00:00,0.9330454,0.022722341,0.044232298,0.25477198,0.1179624,0.6272657,0.67827344,-0.09524006,0.58526736,-0.06971672814853692
FTV,Fortive Corporation,2023,2,2023-07-26 12:00:00,0.8000192,0.013623046,0.1863578,0.27141628,0.08996711,0.6386166,0.52860296,-0.076344065,0.51090556,0.06739367190718486
FTV,Fortive Corporation,2023,1,2023-04-26 12:00:00,0.81351316,0.025446884,0.16103995,0.29926777,0.064241454,0.63649076,0.5142454,-0.03879457,0.5177936,-0.024903990981389724
FTV,Fortive Corporation,2024,3,2024-10-30 12:00:00,0.7176896,0.018665338,0.26364508,0.29733786,0.040043093,0.66261894,0.4203517,-0.021377755,0.4755547,-0.020634440628876614
FTV,Fortive Corporation,2024,1,2024-04-24 12:00:00,0.9427986,0.012374942,0.044826448,0.2502634,0.21221578,0.53752077,0.6925352,-0.19984084,0.5067738,-0.05489283472932258
GD,General Dynamics Corporation,2020,4,2021-01-27 09:00:00,0.5237037,0.18289784,0.29339856,0.24221577,0.03452738,0.7232568,0.28148794,0.14837046,0.37877226,0.023345587549094386
GD,General Dynamics Corporation,2020,3,2020-10-28 09:00:00,0.03932474,0.9188843,0.041791003,0.2702595,0.04402674,0.68571377,-0.23093475,0.87485754,0.026965518,0.015728820522744352
GD,General Dynamics Corporation,2021,4,2022-01-26 09:00:00,0.6912683,0.123523496,0.18520817,0.2538091,0.03839061,0.7078003,0.43745923,0.08513288,0.48927996,-0.01404267169436764
GD,General Dynamics Corporation,2021,3,2021-10-27 09:00:00,0.4931495,0.018928245,0.4879223,0.22215356,0.034682125,0.74316436,0.27099591,-0.01575388,0.36649114,-0.0351753102355773
GD,General Dynamics Corporation,2021,1,2021-04-28 09:00:00,0.62529093,0.23033094,0.14437805,0.34596568,0.027067496,0.6269669,0.27932525,0.20326345,0.3920367,0.03033747067170927
GD,General Dynamics Corporation,2022,4,2023-01-25 09:00:00,0.6424186,0.29299703,0.06458436,0.24977098,0.079676084,0.6705529,0.39264762,0.21332094,0.43077567,-0.04669302792791519
GD,General Dynamics Corporation,2022,3,2022-10-26 09:00:00,0.58648586,0.37373522,0.039778974,0.1763571,0.078018375,0.7456245,0.41012877,0.29571685,0.4372982,0.028285418377531252
GD,General Dynamics Corporation,2022,2,2022-07-27 09:00:00,0.41470143,0.4515993,0.13369933,0.2112842,0.13740009,0.6513157,0.20341723,0.3141992,0.27010155,0.00020961762609860574
GD,General Dynamics Corporation,2022,1,2022-04-27 10:30:00,0.9373417,0.03076363,0.031894702,0.2899236,0.03730001,0.67277634,0.6474181,-0.0065363795,0.6306213,-0.004649581686247434
GD,General Dynamics Corporation,2023,1,2023-04-26 16:30:00,0.6498483,0.3032469,0.046904817,0.3085515,0.089590706,0.6018578,0.3412968,0.21365619,0.39111623,-0.02912549199982074
GD,General Dynamics Corporation,2024,1,2024-04-24 09:00:00,0.91316175,0.03997449,0.046863787,0.33282483,0.05137323,0.615802,0.5803369,-0.01139874,0.56232685,-0.010859657996313008
GE,General Electric Company,2020,1,2020-04-29 08:00:00,0.29988104,0.51387984,0.1862392,0.22077644,0.097911745,0.68131185,0.0791046,0.4159681,0.2043125,-0.11535982021005266
GE,General Electric Company,2021,3,2021-10-26 08:00:00,0.735563,0.18677947,0.07765751,0.39816195,0.048606507,0.5532315,0.33740103,0.13817295,0.4069366,-0.0008519430915717181
GE,General Electric Company,2021,1,2021-04-27 09:00:00,0.543161,0.3684361,0.08840295,0.23770975,0.09803826,0.664252,0.3054512,0.27039784,0.36079577,-0.027678473296462107
GE,General Electric Company,2022,4,2023-01-24 08:00:00,0.86103314,0.083142854,0.055823997,0.3431183,0.047846757,0.60903496,0.51791483,0.035296097,0.5243993,-0.005226795406334648
GE,General Electric Company,2022,3,2022-10-25 08:00:00,0.67510897,0.20240234,0.12248861,0.55445737,0.019471284,0.42607126,0.1206516,0.18293105,0.28764454,0.0506382927086746
GE,General Electric Company,2022,2,2022-07-26 08:00:00,0.6382377,0.22595736,0.1358049,0.35733485,0.08348629,0.5591789,0.28090286,0.14247108,0.35688907,0.05642335092531055
GE,General Electric Company,2023,4,2024-01-23 07:30:00,0.866807,0.017412726,0.11578032,0.3006887,0.025814036,0.6734973,0.56611824,-0.00840131,0.5837922,0.0052068586491497235
GE,General Electric Company,2023,3,2023-10-24 07:30:00,0.8167364,0.01740089,0.16586271,0.44697514,0.055873815,0.49715102,0.36976126,-0.038472924,0.40604132,0.023694744540012136
GE,General Electric Company,2023,2,2023-07-25 07:30:00,0.8556785,0.037547704,0.10677381,0.51321816,0.081692845,0.40508893,0.34246033,-0.04414514,0.3466259,0.022088616081020487
GE,General Electric Company,2023,1,2023-04-25 08:30:00,0.8709896,0.015144686,0.11386572,0.50001925,0.05511756,0.44486317,0.37097037,-0.03997287,0.3874712,0.017800191441744273
GE,General Electric Company,2024,4,2025-01-24 07:30:00,0.7592957,0.030648658,0.21005566,0.498908,0.052393056,0.44869897,0.2603877,-0.021744398,0.3406952,0.026572117334000146
GE,General Electric Company,2024,3,2024-10-22 07:30:00,0.70323837,0.25440425,0.042357348,0.4127759,0.039978456,0.5472457,0.29046246,0.21442579,0.38484415,-0.10029987494743693
GE,General Electric Company,2024,2,2024-07-23 07:30:00,0.70984185,0.15654144,0.13361666,0.42941064,0.14087282,0.42971656,0.2804312,0.015668616,0.3050308,0.05199787146037722
GE,General Electric Company,2024,1,2024-04-23 07:30:00,0.8090337,0.022246312,0.16871993,0.41323406,0.12577051,0.46099538,0.39579964,-0.10352419,0.3729608,0.072427881830442
GE,General Electric Company,2025,1,2025-04-25 07:30:00,0.75106806,0.05712395,0.19180794,0.39519903,0.04532607,0.5594749,0.35586902,0.011797883,0.42020372,0.015313962115100735
GEV,GE Vernova Inc.,2024,4,2025-01-22 07:30:00,0.79156166,0.0723102,0.13612823,0.21770313,0.021320755,0.76097614,0.5738585,0.05098945,0.60235953,-0.14919966910180796
GEV,GE Vernova Inc.,2024,3,2024-10-23 07:30:00,0.84182686,0.025894457,0.13227865,0.28822228,0.05258922,0.6591885,0.5536046,-0.026694762,0.5549226,0.08303678723697744
GEV,GE Vernova Inc.,2024,2,2024-07-25 07:30:00,0.7391317,0.054001987,0.20686623,0.31488398,0.02633671,0.6587794,0.4242477,0.027665276,0.4869247,0.06472186852224697
GEV,GE Vernova Inc.,2024,1,2024-04-25 07:30:00,0.7823606,0.0333323,0.1843071,0.48193255,0.016702905,0.5013645,0.30042806,0.016629394,0.39224786,0.053797724116070894
GEV,GE Vernova Inc.,2025,1,2025-04-23 07:30:00,0.67742944,0.114292644,0.20827794,0.20914067,0.031812534,0.7590468,0.46828878,0.08248011,0.5142006,0.08404205122942948
GNRC,Generac Holdings Inc.,2020,2,2020-07-31 09:00:00,0.6644764,0.27595752,0.059566073,0.14485961,0.034929022,0.8202114,0.5196168,0.2410285,0.5450111,0.17569902800032777
GNRC,Generac Holdings Inc.,2021,4,2022-02-16 10:00:00,0.75190604,0.13155757,0.11653643,0.23540409,0.052543983,0.7120519,0.51650196,0.079013586,0.53539616,0.1298744388810787
GNRC,Generac Holdings Inc.,2022,2,2022-08-03 10:00:00,0.8301862,0.053012673,0.1168011,0.1850528,0.10756065,0.7073866,0.6451334,-0.054547977,0.5872626,-0.05538825084694336
GNRC,Generac Holdings Inc.,2023,3,2023-11-01 10:00:00,0.51922077,0.4224748,0.058304414,0.2346551,0.06759402,0.69775087,0.2845657,0.35488078,0.36228675,0.18938571892589065
GNRC,Generac Holdings Inc.,2024,1,2024-05-01 10:00:00,0.95218986,0.02411761,0.023692567,0.17855021,0.297293,0.5241567,0.7736397,-0.2731754,0.4990967,-0.021354465107073506
GWW,"W.W. Grainger, Inc.",2020,4,2021-02-03 11:00:00,0.6254334,0.24397148,0.1305951,0.25820535,0.1448591,0.5969355,0.36722803,0.09911238,0.3733434,-0.009260455856524097
GWW,"W.W. Grainger, Inc.",2020,3,2020-10-22 11:00:00,0.61141855,0.28279227,0.105789244,0.184107,0.0962381,0.7196548,0.42731154,0.18655416,0.44001028,-0.025958250821153717
GWW,"W.W. Grainger, Inc.",2021,1,2021-04-30 11:00:00,0.03316468,0.019512655,0.9473226,0.5123583,0.11449347,0.3731482,-0.47919363,-0.09498081,0.012375341,0.08195487416189995
GWW,"W.W. Grainger, Inc.",2022,1,2022-04-28 11:00:00,0.75116867,0.021026552,0.22780478,0.31507072,0.11221241,0.57271683,0.43609795,-0.09118586,0.43020695,-0.01649266242336829
GWW,"W.W. Grainger, Inc.",2023,4,2024-02-02 11:00:00,0.59194094,0.22041284,0.18764628,0.17426473,0.09731936,0.72841597,0.4176762,0.12309348,0.43117923,0.01691416720101791
GWW,"W.W. Grainger, Inc.",2023,3,2023-10-26 11:00:00,0.73621607,0.09514481,0.16863906,0.23849952,0.063325286,0.6981752,0.49771655,0.031819522,0.5140078,0.08515235866480476
GWW,"W.W. Grainger, Inc.",2023,2,2023-07-27 11:00:00,0.7454489,0.06608271,0.18846837,0.16428764,0.0989347,0.73677766,0.58116126,-0.032851994,0.5492301,-0.037285196814445316
GWW,"W.W. Grainger, Inc.",2024,4,2025-01-31 05:00:00,0.75859004,0.09239885,0.14901103,0.18746619,0.105866395,0.7066674,0.57112384,-0.013467543,0.5360709,-0.07272195963280324
GWW,"W.W. Grainger, Inc.",2024,1,2024-04-25 11:00:00,0.71102005,0.01026235,0.27871764,0.29264545,0.054168094,0.6531864,0.4183746,-0.043905742,0.4644286,-0.03445207805304987
GWW,"W.W. Grainger, Inc.",2025,1,2025-05-01 11:00:00,0.5499074,0.14347768,0.30661488,0.19928001,0.048101995,0.75261796,0.35062736,0.09537569,0.4138702,0.004030739287782158
HII,"Huntington Ingalls Industries, Inc.",2020,4,2021-02-11 09:00:00,0.8997711,0.011980498,0.08824836,0.23498967,0.024624651,0.7403858,0.66478145,-0.012644153,0.6661777,0.08640410941919924
HII,"Huntington Ingalls Industries, Inc.",2020,3,2020-11-06 09:00:00,0.52602595,0.19611897,0.277855,0.16904956,0.03203012,0.79892033,0.3569764,0.16408885,0.42025283,0.05908454358745202
HII,"Huntington Ingalls Industries, Inc.",2020,1,2020-05-07 09:00:00,0.6172609,0.020525286,0.36221382,0.11465193,0.08501836,0.8003297,0.50260895,-0.064493075,0.4940122,-0.037424347347692996
HII,"Huntington Ingalls Industries, Inc.",2021,1,2021-05-06 09:00:00,0.40340853,0.32024154,0.27634993,0.1280455,0.045555,0.8263995,0.27536303,0.27468655,0.33337662,0.0245868426463282
HII,"Huntington Ingalls Industries, Inc.",2022,1,2022-05-05 09:00:00,0.49094638,0.31494084,0.19411284,0.2364699,0.031518824,0.73201126,0.2544765,0.28342202,0.35937828,0.003368439067680168
HII,"Huntington Ingalls Industries, Inc.",2023,4,2024-02-01 09:00:00,0.85463274,0.031651367,0.11371589,0.17895164,0.04995696,0.77109146,0.6756811,-0.018305592,0.659,0.019597566518522902
HII,"Huntington Ingalls Industries, Inc.",2023,2,2023-08-03 09:00:00,0.48310193,0.29512367,0.22177444,0.1500767,0.03606885,0.8138545,0.33302522,0.2590548,0.39317468,-0.003866035359988116
HII,"Huntington Ingalls Industries, Inc.",2023,1,2023-05-04 11:25:00,0.38531733,0.2855336,0.32914904,0.1876163,0.040452536,0.77193123,0.19770102,0.24508107,0.29743847,-0.010152943371574286
HII,"Huntington Ingalls Industries, Inc.",2024,4,2025-02-06 09:00:00,0.4920322,0.38015202,0.12781575,0.19316037,0.040547494,0.76629204,0.29887182,0.33960453,0.37704036,-0.18656878064260146
HII,"Huntington Ingalls Industries, Inc.",2024,3,2024-10-31 09:00:00,0.44907808,0.3563617,0.19456024,0.2108613,0.04466787,0.7444709,0.23821679,0.31169382,0.33432555,-0.2376912841357831
HII,"Huntington Ingalls Industries, Inc.",2024,1,2024-05-02 09:00:00,0.48542184,0.012488098,0.5020901,0.18989876,0.046554435,0.76354676,0.29552308,-0.034066338,0.37064227,-0.1331617566708425
HON,Honeywell International Inc.,2021,4,2022-02-03 08:30:00,0.5733937,0.23802656,0.18857974,0.2254868,0.049846258,0.7246669,0.3479069,0.1881803,0.41551945,-0.0575398212844612
HON,Honeywell International Inc.,2022,3,2022-10-27 08:30:00,0.69929117,0.07639974,0.22430907,0.37656453,0.086214215,0.53722125,0.32272664,-0.009814471,0.37567407,0.10311192922180097
HON,Honeywell International Inc.,2022,1,2022-04-29 08:30:00,0.59630644,0.20169775,0.20199583,0.27489275,0.084001794,0.6411054,0.3214137,0.11769596,0.38229528,0.06730003965813153
HON,Honeywell International Inc.,2024,1,2024-04-25 09:00:00,0.8920528,0.0077113905,0.10023573,0.16113232,0.11363351,0.72523415,0.7309205,-0.105922125,0.6469472,-0.004438937736197014
HUBB,Hubbell Incorporated,2020,2,2020-08-02 10:00:00,0.470016,0.32283118,0.20715277,0.22302008,0.066467635,0.7105124,0.24699593,0.25636354,0.3339522,0.043886121803319196
HUBB,Hubbell Incorporated,2020,1,2020-05-02 10:00:00,0.40242156,0.2736694,0.32390904,0.16849875,0.20855418,0.6229471,0.23392281,0.06511521,0.25068733,-0.03997578071495186
HUBB,Hubbell Incorporated,2022,2,2022-07-26 10:00:00,0.6484043,0.031799033,0.31979668,0.14561073,0.12006954,0.7343196,0.50279355,-0.08827051,0.476136,0.05508450236182044
HUBB,Hubbell Incorporated,2023,4,2024-01-30 10:00:00,0.7131721,0.021377504,0.26545045,0.19466995,0.14644639,0.65888363,0.5185021,-0.12506889,0.46989742,0.04785676137875797
HUBB,Hubbell Incorporated,2023,3,2023-10-31 10:00:00,0.55416906,0.14124973,0.30458125,0.21079022,0.038355336,0.75085443,0.34337884,0.102894396,0.4161003,-0.06736116484720281
HUBB,Hubbell Incorporated,2024,4,2025-02-04 10:00:00,0.67467725,0.13567588,0.18964693,0.18907395,0.07942649,0.73149955,0.4856033,0.056249388,0.4935261,-0.04086027581886752
HUBB,Hubbell Incorporated,2024,3,2024-10-29 10:00:00,0.8121868,0.09555329,0.092259854,0.21645415,0.11190754,0.6716383,0.5957326,-0.016354255,0.54549575,-0.015305891974386799
HWM,Howmet Aerospace Inc.,2020,4,2021-02-03 10:00:00,0.2229994,0.58066666,0.19633399,0.25000864,0.13208474,0.6179066,-0.027009249,0.44858193,0.1377928,0.06318396966046161
HWM,Howmet Aerospace Inc.,2020,3,2020-11-09 10:00:00,0.34178558,0.54861695,0.10959747,0.28528574,0.04282408,0.6718901,0.05649984,0.50579286,0.22964235,0.1962361666587668
HWM,Howmet Aerospace Inc.,2020,2,2020-08-06 10:00:00,0.16358805,0.62095594,0.21545598,0.16623473,0.15796025,0.67580503,-0.0026466846,0.4629957,0.11055362,0.07334378181824716
HWM,Howmet Aerospace Inc.,2020,1,2020-05-05 10:00:00,0.31619415,0.3343535,0.3494523,0.18025455,0.10949304,0.7102524,0.1359396,0.22486046,0.22457765,-0.0790877702788322
HWM,Howmet Aerospace Inc.,2021,4,2022-02-02 09:30:00,0.45303085,0.41105533,0.13591377,0.38835856,0.048095535,0.56354594,0.06467229,0.3629598,0.2553037,0.08186331014773879
HWM,Howmet Aerospace Inc.,2021,3,2021-11-04 10:00:00,0.7109481,0.22232787,0.066724084,0.22980331,0.09701838,0.6731783,0.4811448,0.1253095,0.47859484,0.05470994339169355
HWM,Howmet Aerospace Inc.,2021,2,2021-08-04 10:00:00,0.5356591,0.16013284,0.3042081,0.28835833,0.15607353,0.5555681,0.24730074,0.0040593147,0.29759508,-0.003399504430180827
HWM,Howmet Aerospace Inc.,2021,1,2021-05-06 10:00:00,0.5023598,0.33926317,0.15837704,0.18129428,0.09131026,0.7273954,0.32106555,0.24795291,0.36541423,0.01321863374646055
HWM,Howmet Aerospace Inc.,2022,3,2022-10-31 10:00:00,0.49278355,0.44609776,0.06111869,0.34128955,0.1357783,0.5229321,0.151494,0.31031948,0.25769234,0.03747444500568085
HWM,Howmet Aerospace Inc.,2022,2,2022-08-04 11:30:00,0.6002059,0.23593868,0.16385539,0.35069463,0.12525497,0.52405035,0.24951127,0.11068371,0.31453812,0.014873400047022619
HWM,Howmet Aerospace Inc.,2022,1,2022-05-03 15:00:00,0.66941065,0.20164128,0.1289481,0.29192692,0.046777938,0.66129506,0.37748373,0.15486334,0.44267794,0.041826614295442856
HWM,Howmet Aerospace Inc.,2023,3,2023-11-02 09:30:00,0.9146072,0.039373912,0.04601885,0.31587213,0.07095179,0.61317605,0.5987351,-0.031577878,0.5608152,0.06563241728062262
HWM,Howmet Aerospace Inc.,2024,4,2025-02-13 10:00:00,0.75165385,0.12695353,0.121392615,0.382627,0.058205422,0.5591676,0.36902684,0.0687481,0.42030048,0.02000196706841134
HWM,Howmet Aerospace Inc.,2024,1,2024-05-02 10:00:00,0.9396611,0.011307322,0.049031578,0.28169468,0.07510776,0.64319754,0.6579664,-0.06380044,0.6043877,0.19012193668125632
IEX,IDEX Corporation,2020,3,2020-10-28 10:30:00,0.3958857,0.2780856,0.32602876,0.16415896,0.033741787,0.8020992,0.23172675,0.2443438,0.31753963,-0.0644851149616074
IEX,IDEX Corporation,2021,1,2021-04-28 10:30:00,0.73244727,0.02170837,0.24584433,0.26894525,0.023119194,0.7079354,0.46350202,-0.0014108252,0.51852536,0.002358739791218127
IEX,IDEX Corporation,2022,4,2023-02-01 10:30:00,0.51876795,0.2072607,0.2739714,0.13630004,0.10962755,0.7540725,0.38246793,0.097633146,0.39118865,-0.07320519374238936
IEX,IDEX Corporation,2022,3,2022-10-26 10:30:00,0.6157198,0.14455058,0.2397296,0.17045593,0.032394383,0.7971497,0.44526386,0.1121562,0.49082085,0.054395695218504556
IEX,IDEX Corporation,2022,2,2022-07-27 10:30:00,0.73049146,0.09414049,0.17536806,0.20907442,0.046383787,0.7445418,0.521417,0.047756705,0.5438814,0.01860226805217073
IEX,IDEX Corporation,2022,1,2022-04-27 10:30:00,0.67459506,0.03343713,0.2919679,0.20888138,0.07422116,0.7168975,0.46571368,-0.040784027,0.4836155,0.02701237807903444
IEX,IDEX Corporation,2023,3,2023-10-26 10:30:00,0.23364823,0.583718,0.18263377,0.16959068,0.066912256,0.7634971,0.064057544,0.51680577,0.17838974,0.003949102720848273
IEX,IDEX Corporation,2023,1,2023-04-27 10:30:00,0.5639505,0.23116533,0.20488419,0.19353396,0.12429992,0.6821661,0.37041652,0.10686541,0.3847079,-0.01220568312400301
IEX,IDEX Corporation,2024,4,2025-02-05 10:30:00,0.517314,0.21239947,0.2702866,0.09820427,0.07051935,0.8312764,0.41910976,0.14188012,0.43003094,-0.11717474356606088
IEX,IDEX Corporation,2024,2,2024-08-01 10:30:00,0.54686534,0.26010528,0.19302937,0.15687738,0.05831923,0.78480333,0.38998795,0.20178606,0.42918175,-0.02857180869233495
IEX,IDEX Corporation,2024,1,2024-04-24 10:30:00,0.46346492,0.017123643,0.51941144,0.11694936,0.04153211,0.8415186,0.34651557,-0.024408467,0.39001435,-0.036598314380087836
IEX,IDEX Corporation,2025,1,2025-05-02 09:00:00,0.6210038,0.1607102,0.218286,0.14517298,0.07848257,0.7763445,0.47583082,0.08222763,0.48211288,0.03695289545368724
IR,Ingersoll Rand Inc.,2020,2,2020-08-04 10:00:00,0.3268318,0.38231513,0.29085308,0.3181184,0.08820411,0.5936775,0.008713394,0.294111,0.19403268,0.08712703381080178
IR,Ingersoll Rand Inc.,2021,4,2022-02-24 08:00:00,0.82537377,0.04254369,0.13208255,0.28619972,0.03493705,0.6788633,0.5391741,0.0076066405,0.56031597,-0.07707941074238804
IR,Ingersoll Rand Inc.,2021,3,2021-11-04 08:00:00,0.82123566,0.012176099,0.16658825,0.33102655,0.03274382,0.6362296,0.4902091,-0.020567719,0.52249444,0.04184860561741183
IR,Ingersoll Rand Inc.,2021,2,2021-07-29 09:00:00,0.7700647,0.011861154,0.21807416,0.28047812,0.019073654,0.7004483,0.4895866,-0.0072125,0.5393905,0.0489362333524523
IR,Ingersoll Rand Inc.,2021,1,2021-04-29 08:00:00,0.69594854,0.01581958,0.28823185,0.28152755,0.030662565,0.6878099,0.414421,-0.014842985,0.47868028,-0.05080779999517071
IR,Ingersoll Rand Inc.,2022,3,2022-11-03 08:00:00,0.81022847,0.023051884,0.16671966,0.25384212,0.04317363,0.7029843,0.55638635,-0.020121746,0.5695779,0.046158175299324186
IR,Ingersoll Rand Inc.,2022,2,2022-08-04 08:00:00,0.7182059,0.1278774,0.15391673,0.3055564,0.05126669,0.6431769,0.41264954,0.076610714,0.46193346,0.026948415155103593
IR,Ingersoll Rand Inc.,2022,1,2022-05-05 08:00:00,0.7459282,0.095449194,0.15862253,0.19312955,0.030007463,0.776863,0.5527987,0.06544173,0.57948405,-0.0003372700484407798
IR,Ingersoll Rand Inc.,2024,2,2024-08-01 08:00:00,0.63095486,0.098547444,0.2704977,0.20850967,0.03879863,0.7526916,0.42244518,0.059748814,0.47491443,-0.062046458814915086
IR,Ingersoll Rand Inc.,2024,1,2024-05-03 08:00:00,0.7233119,0.24991222,0.026775958,0.17000481,0.07228589,0.7577092,0.55330706,0.17762633,0.54806006,-0.04841839081889248
ITW,Illinois Tool Works Inc.,2020,4,2021-02-05 11:00:00,0.508049,0.27499387,0.21695715,0.2812727,0.068386495,0.6503408,0.2267763,0.20660737,0.330405,0.003597371258554423
ITW,Illinois Tool Works Inc.,2021,4,2022-02-03 10:00:00,0.7637803,0.078420036,0.15779966,0.2198449,0.12469884,0.65545624,0.5439354,-0.046278805,0.50062454,-0.04981198610358365
ITW,Illinois Tool Works Inc.,2021,3,2021-10-28 10:00:00,0.6349597,0.2998539,0.06518639,0.21007061,0.18070741,0.609222,0.4248891,0.11914648,0.3868314,0.018689471382872542
ITW,Illinois Tool Works Inc.,2021,2,2021-07-30 10:00:00,0.030016826,0.020705497,0.94927764,0.40831414,0.056523394,0.53516245,-0.3782973,-0.0358179,0.016063878,-0.006864257096193585
ITW,Illinois Tool Works Inc.,2022,4,2023-02-02 10:00:00,0.8759847,0.05797639,0.06603883,0.2904744,0.116329916,0.5931957,0.5855103,-0.058353525,0.5196304,-0.009797414843174885
ITW,Illinois Tool Works Inc.,2022,3,2022-10-25 10:00:00,0.7026839,0.16252725,0.13478889,0.30900285,0.20236951,0.48862767,0.39368108,-0.039842263,0.3433508,0.04683311410054215
ITW,Illinois Tool Works Inc.,2022,2,2022-08-02 10:00:00,0.49242163,0.30135468,0.20622368,0.25536802,0.106839694,0.6377923,0.2370536,0.19451499,0.3140627,0.007121850292122804
ITW,Illinois Tool Works Inc.,2023,3,2023-10-24 10:00:00,0.43757853,0.36844474,0.19397677,0.35274288,0.15664937,0.49060774,0.08483565,0.21179537,0.21467942,0.01301826270761637
ITW,Illinois Tool Works Inc.,2023,1,2023-05-02 15:20:00,0.51338,0.4400494,0.0465706,0.24598682,0.25055063,0.5034625,0.26739317,0.18949878,0.25846758,-0.05975271216046531
ITW,Illinois Tool Works Inc.,2024,3,2024-10-30 10:00:00,0.41913494,0.53290975,0.047955267,0.3662302,0.105336465,0.52843344,0.052904755,0.4275733,0.22148491,0.05940764803905111
ITW,Illinois Tool Works Inc.,2024,2,2024-07-30 10:00:00,0.48164058,0.24113645,0.27722293,0.32015163,0.04970725,0.63014114,0.16148895,0.1914292,0.30350155,0.0020012010768914942
ITW,Illinois Tool Works Inc.,2024,1,2024-04-30 10:00:00,0.23150282,0.013695125,0.75480205,0.3679715,0.3877996,0.2442289,-0.1364687,-0.37410447,0.056539677,-0.022406857746637955
J,Jacobs Solutions Inc.,2020,2,2020-05-07 16:45:00,0.58493674,0.17292929,0.24213398,0.25907663,0.064580984,0.67634237,0.3258601,0.1083483,0.39561749,-0.075915711536006
J,Jacobs Solutions Inc.,2020,1,2020-02-04 11:00:00,0.79434705,0.022178221,0.18347466,0.27527773,0.028360043,0.6963622,0.5190693,-0.006181821,0.5531533,0.016911405968362714
J,Jacobs Solutions Inc.,2021,4,2021-11-23 10:00:00,0.74004006,0.08990496,0.17005496,0.2911233,0.020326678,0.68855006,0.44891676,0.069578275,0.5095546,-0.016868059572585185
J,Jacobs Solutions Inc.,2021,3,2021-08-03 10:00:00,0.7296143,0.022339398,0.2480463,0.34150562,0.02111021,0.6373842,0.3881087,0.0012291875,0.46504462,-0.02758410670182983
J,Jacobs Solutions Inc.,2021,2,2021-05-10 10:00:00,0.8760556,0.021597508,0.10234692,0.34041274,0.020288205,0.639299,0.53564286,0.0013093036,0.56006145,0.010301739003862718
J,Jacobs Solutions Inc.,2022,4,2022-11-21 10:00:00,0.6976995,0.10669095,0.19560958,0.2722223,0.032700475,0.6950773,0.42547718,0.07399048,0.48495507,-0.023999672320356213
J,Jacobs Solutions Inc.,2022,1,2022-02-08 10:00:00,0.7227936,0.07099572,0.20621069,0.24197084,0.031341348,0.7266878,0.48082274,0.03965437,0.52524525,-0.030410978458956187
J,Jacobs Solutions Inc.,2023,3,2023-08-08 10:00:00,0.7015505,0.112958714,0.18549074,0.24889284,0.028027672,0.72307944,0.45265764,0.084931046,0.5072767,0.07939448438750532
J,Jacobs Solutions Inc.,2023,2,2023-05-09 10:00:00,0.8110509,0.03528355,0.1536656,0.19834463,0.026173176,0.7754822,0.61270624,0.009110374,0.6289555,-0.025408439314986375
J,Jacobs Solutions Inc.,2024,1,2024-02-06 10:00:00,0.6799213,0.046106525,0.2739721,0.1535433,0.031236602,0.81522006,0.52637804,0.014869923,0.5542855,0.04213759159877884
J,Jacobs Solutions Inc.,2025,2,2025-05-06 10:00:00,0.88584316,0.017264454,0.09689247,0.30657333,0.023390057,0.67003673,0.5792698,-0.006125603,0.59354746,-0.039349030031776575
J,Jacobs Solutions Inc.,2025,1,2025-02-04 10:00:00,0.8774891,0.03135905,0.09115192,0.39664012,0.024446229,0.5789136,0.48084897,0.006912822,0.5079904,-0.052396266916647574
JBHT,"J.B. Hunt Transport Services, Inc.",2021,3,2021-10-15 10:00:00,0.69412094,0.13326183,0.17261721,0.29832557,0.043057684,0.6586167,0.39579538,0.09020415,0.45715967,0.0924986081463744
JBHT,"J.B. Hunt Transport Services, Inc.",2021,1,2021-04-15 17:00:00,0.80373716,0.024616513,0.17164636,0.33474144,0.035360713,0.6298978,0.46899572,-0.010744199,0.50627226,-0.005695202926564285
JBHT,"J.B. Hunt Transport Services, Inc.",2022,4,2023-01-18 09:00:00,0.5703359,0.17543146,0.25423265,0.37526855,0.08584761,0.53888386,0.19506738,0.08958385,0.30734482,0.06355816600095993
JBHT,"J.B. Hunt Transport Services, Inc.",2022,3,2022-10-18 17:00:00,0.5157076,0.097008355,0.38728404,0.2858716,0.091286905,0.6228415,0.22983602,0.00572145,0.3212041,-0.019670658608428218
JBHT,"J.B. Hunt Transport Services, Inc.",2022,1,2022-04-18 17:00:00,0.84292054,0.01790981,0.13916963,0.30535993,0.06011634,0.63452375,0.5375606,-0.04220653,0.5348531,0.05256125220171303
JBHT,"J.B. Hunt Transport Services, Inc.",2024,3,2024-10-15 17:00:00,0.68388915,0.15599768,0.16011316,0.33522633,0.04068759,0.6240861,0.34866282,0.11531009,0.4268057,0.007648455396686267
JBHT,"J.B. Hunt Transport Services, Inc.",2024,1,2024-04-16 17:00:00,0.46872568,0.2688162,0.26245812,0.1944026,0.21140417,0.5941932,0.27432308,0.05741203,0.2785136,-0.1043361142281424
JBHT,"J.B. Hunt Transport Services, Inc.",2025,1,2025-04-15 17:00:00,0.6888877,0.08151147,0.2296008,0.1727615,0.09046664,0.73677176,0.5161262,-0.008955173,0.50755304,-0.032097413811892336
JCI,Johnson Controls International plc,2021,4,2021-11-05 00:00:00,0.87749845,0.009481399,0.11302013,0.3476616,0.017759334,0.63457906,0.52983683,-0.008277935,0.55684215,0.059024323415304336
JCI,Johnson Controls International plc,2021,1,2021-01-29 07:30:00,0.94524866,0.0190292,0.03572215,0.5613461,0.14890882,0.2897451,0.38390255,-0.12987962,0.27388117,0.00839913359846222
JCI,Johnson Controls International plc,2022,2,2022-05-04 08:30:00,0.80402,0.085576944,0.11040302,0.44017094,0.02961662,0.53021246,0.36384904,0.055960324,0.42630142,-0.11818894191323989
JCI,Johnson Controls International plc,2022,1,2022-02-02 08:30:00,0.8814961,0.018197432,0.100306526,0.5027969,0.04912389,0.44807917,0.37869918,-0.030926459,0.39498,-0.04932019619687927
JCI,Johnson Controls International plc,2023,4,2023-12-12 08:30:00,0.6125983,0.2095596,0.17784204,0.44063962,0.066934355,0.4924261,0.17195868,0.14262524,0.30165938,-0.06829106570175428
JCI,Johnson Controls International plc,2023,3,2023-08-02 08:30:00,0.8774498,0.015635967,0.106914245,0.39289936,0.06294916,0.5441514,0.48455045,-0.04731319,0.47746557,-0.1109789244814971
JCI,Johnson Controls International plc,2023,2,2023-05-05 08:30:00,0.8034013,0.024343276,0.17225541,0.41060263,0.042718403,0.546679,0.39279866,-0.018375127,0.43920264,0.04468259006030188
JCI,Johnson Controls International plc,2024,3,2024-07-31 08:30:00,0.82215685,0.080347605,0.09749554,0.47610444,0.024596315,0.49929926,0.3460524,0.05575129,0.4105023,-0.0037869797038987754
JCI,Johnson Controls International plc,2024,2,2024-05-01 08:30:00,0.755738,0.1345051,0.10975684,0.30821902,0.026687104,0.66509384,0.447519,0.10781799,0.50263673,-0.027567997907048496
JCI,Johnson Controls International plc,2025,1,2025-02-05 08:30:00,0.6983191,0.0119719645,0.28970894,0.4011896,0.02267963,0.57613075,0.29712948,-0.010707666,0.4023231,0.14956187674223406
LDOS,"Leidos Holdings, Inc.",2024,4,2025-02-11 08:00:00,0.7884008,0.06440153,0.14719765,0.41691285,0.014856653,0.5682305,0.37148798,0.04954488,0.4479934,-0.0917482404990119
LHX,"L3Harris Technologies, Inc.",2020,3,2020-10-30 08:00:00,0.7663081,0.18589056,0.047801338,0.32389903,0.028602937,0.647498,0.4424091,0.15728761,0.49618298,0.03790971998208597
LHX,"L3Harris Technologies, Inc.",2020,2,2020-07-31 08:30:00,0.70183635,0.17791505,0.1202486,0.27710694,0.034086507,0.6888066,0.4247294,0.14382854,0.4834295,-0.01845189026440678
LHX,"L3Harris Technologies, Inc.",2020,1,2020-05-05 09:00:00,0.5965378,0.28866312,0.11479911,0.24096242,0.16572997,0.59330755,0.3555754,0.12293315,0.3539304,-0.04287196513848749
LHX,"L3Harris Technologies, Inc.",2021,2,2021-08-03 08:30:00,0.02974251,0.023710977,0.94654644,0.4933284,0.049775418,0.45689616,-0.46358588,-0.02606444,0.013589238,0.01821631544477111
LHX,"L3Harris Technologies, Inc.",2022,2,2022-07-29 08:30:00,0.5916496,0.09134233,0.31700802,0.2910845,0.027731176,0.6811843,0.3005651,0.06361115,0.4030224,-0.005829601575009438
LHX,"L3Harris Technologies, Inc.",2024,1,2024-04-26 08:30:00,0.8059196,0.008550152,0.18553028,0.20828032,0.021423846,0.77029586,0.59763926,-0.012873694,0.6207965,0.0078120623850991555
LII,Lennox International Inc.,2020,3,2020-10-19 09:30:00,0.10037592,0.5057219,0.39390218,0.20093454,0.1532258,0.64583963,-0.10055862,0.35249615,0.06482675,0.0015384945530435394
LII,Lennox International Inc.,2020,2,2020-07-20 09:30:00,0.054088425,0.6680792,0.2778324,0.20842285,0.20926514,0.5823119,-0.15433443,0.45881405,0.031496335,0.09293016293503177
LII,Lennox International Inc.,2020,1,2020-04-20 09:30:00,0.01584343,0.92688286,0.057273697,0.11417027,0.34241483,0.5434149,-0.09832684,0.584468,0.008609556,0.002823857831428243
LII,Lennox International Inc.,2023,2,2023-07-27 09:30:00,0.70330465,0.17653723,0.12015813,0.24089348,0.1283087,0.6307978,0.46241117,0.048228532,0.44364303,0.1261702213145377
LII,Lennox International Inc.,2023,1,2023-04-27 09:30:00,0.68066937,0.05042478,0.2689059,0.3294209,0.117154986,0.5534241,0.35124847,-0.0667302,0.37669885,0.08300654301526783
LII,Lennox International Inc.,2024,3,2024-10-23 09:30:00,0.87760293,0.026295358,0.09610166,0.17653769,0.037222438,0.78623986,0.70106524,-0.010927079,0.69000643,0.016710686024697975
LII,Lennox International Inc.,2024,1,2024-04-24 09:30:00,0.9240016,0.010820481,0.06517796,0.17427748,0.056591354,0.7691311,0.7497241,-0.045770872,0.7106784,-0.03483981852313153
LMT,Lockheed Martin Corporation,2020,3,2020-10-20 11:00:00,0.6534194,0.016434768,0.33014587,0.2675421,0.08758117,0.6448767,0.38587728,-0.071146406,0.42137495,-0.044883281920905696
LMT,Lockheed Martin Corporation,2020,2,2020-07-21 11:00:00,0.7438264,0.012390375,0.24378325,0.22163683,0.058055397,0.72030765,0.52218956,-0.045665022,0.5357838,0.06807753218696344
LMT,Lockheed Martin Corporation,2020,1,2020-04-21 11:00:00,0.61511576,0.026848728,0.35803553,0.2941097,0.09804137,0.6078489,0.32100606,-0.071192645,0.37389743,-0.010283649803740672
LMT,Lockheed Martin Corporation,2021,4,2022-01-25 11:00:00,0.5836853,0.01727282,0.3990419,0.25694057,0.08049348,0.66256595,0.3267447,-0.06322066,0.38673,0.0057121237549879605
LMT,Lockheed Martin Corporation,2021,3,2021-10-26 11:00:00,0.5565225,0.31605053,0.12742692,0.1739229,0.11729273,0.70878434,0.3825996,0.1987578,0.39445442,-0.146967841041666
LMT,Lockheed Martin Corporation,2021,2,2021-07-26 11:00:00,0.6330825,0.016766813,0.35015067,0.21178868,0.02807083,0.76014054,0.42129382,-0.011304017,0.4812317,-0.027166395926563273
LMT,Lockheed Martin Corporation,2021,1,2021-04-20 11:00:00,0.64213336,0.011926259,0.34594044,0.2256531,0.1187313,0.6556157,0.41648024,-0.10680504,0.4209927,-0.05288705195460298
LMT,Lockheed Martin Corporation,2022,4,2023-01-24 11:00:00,0.46339205,0.14599885,0.3906091,0.21569785,0.09406082,0.69024134,0.2476942,0.051938027,0.31985235,0.0356821546196425
LMT,Lockheed Martin Corporation,2022,3,2022-10-18 11:00:00,0.7097855,0.101299,0.1889154,0.2349833,0.045153733,0.719863,0.47480223,0.05614527,0.51094836,0.10890797812838643
LMT,Lockheed Martin Corporation,2022,2,2022-07-19 11:00:00,0.49251658,0.2467687,0.26071474,0.30074912,0.071951844,0.627299,0.19176745,0.17481685,0.30895516,0.0010620860891916509
LMT,Lockheed Martin Corporation,2022,1,2022-04-19 11:00:00,0.44796476,0.14767838,0.40435684,0.19703786,0.08684161,0.71612054,0.2509269,0.060836762,0.32079676,0.0036210579092204875
LMT,Lockheed Martin Corporation,2023,4,2024-01-23 11:00:00,0.6357583,0.20909092,0.15515071,0.17193487,0.049164273,0.7789008,0.4638234,0.15992665,0.49519265,-0.0743965953947602
LMT,Lockheed Martin Corporation,2023,3,2023-10-17 11:00:00,0.7253613,0.12566456,0.14897409,0.25308535,0.05419261,0.69272196,0.47227594,0.07147195,0.5024737,0.02991009764169006
LMT,Lockheed Martin Corporation,2023,2,2023-07-18 11:00:00,0.709546,0.100727,0.18972698,0.29532507,0.049544107,0.6551308,0.41422096,0.051182892,0.46484545,-0.0435383603140173
LMT,Lockheed Martin Corporation,2023,1,2023-04-18 09:30:00,0.60697234,0.2711846,0.121843055,0.22094454,0.034061752,0.74499375,0.3860278,0.23712283,0.4521906,-0.009518661562741029
LMT,Lockheed Martin Corporation,2024,4,2025-01-28 11:00:00,0.56240743,0.3056172,0.13197541,0.33289707,0.08408715,0.58301574,0.22951037,0.22153006,0.3278924,-0.10354521828333103
LMT,Lockheed Martin Corporation,2024,3,2024-10-22 11:00:00,0.7494912,0.120180935,0.1303278,0.19557206,0.02465718,0.77977073,0.55391914,0.09552375,0.5844313,-0.10673254754356121
LMT,Lockheed Martin Corporation,2024,2,2024-07-23 11:00:00,0.8726731,0.02169851,0.105628364,0.35728693,0.022957785,0.6197554,0.51538616,-0.0012592748,0.54084384,0.15589165717397377
LMT,Lockheed Martin Corporation,2024,1,2024-04-23 10:15:00,0.76818484,0.019099561,0.21271563,0.20237683,0.07289306,0.72473013,0.565808,-0.053793497,0.5567267,0.002796134255917589
LMT,Lockheed Martin Corporation,2025,1,2025-04-22 11:00:00,0.7880137,0.013397839,0.19858846,0.21093439,0.021322986,0.76774263,0.5770793,-0.007925147,0.60499173,-0.03976496118679598
LUV,Southwest Airlines Co.,2020,2,2020-07-24 12:30:00,0.31658316,0.41076547,0.27265137,0.13574453,0.10060537,0.76365024,0.18083863,0.3101601,0.24175881,-0.06890356994776627
LUV,Southwest Airlines Co.,2020,1,2020-04-28 11:30:00,0.27446705,0.4263934,0.29913962,0.114451855,0.10096378,0.7845843,0.1600152,0.32542962,0.21534254,-0.08892015681387629
LUV,Southwest Airlines Co.,2021,2,2021-07-22 12:30:00,0.6347868,0.14556853,0.21964465,0.15620543,0.10907434,0.73472023,0.47858137,0.036494195,0.4663907,-0.04360967039961069
LUV,Southwest Airlines Co.,2024,1,2024-04-25 10:00:00,0.19835377,0.15277131,0.648875,0.08655468,0.08322848,0.8302168,0.11179909,0.06954283,0.16467664,-0.09716980788792555
MAS,Masco Corporation,2020,4,2021-02-09 08:00:00,0.80665976,0.041545007,0.15179525,0.27507624,0.075554326,0.64936936,0.53158355,-0.03400932,0.5238201,-0.0582672034638902
MAS,Masco Corporation,2020,3,2020-10-28 08:00:00,0.78663135,0.024179133,0.18918951,0.3395421,0.055398364,0.60505956,0.44708925,-0.031219231,0.47595882,0.05444169868367441
MAS,Masco Corporation,2020,2,2020-07-30 09:00:00,0.333694,0.44816324,0.21814276,0.3370039,0.08464539,0.5783507,-0.0033098757,0.36351785,0.19299217,-0.008494860363210833
MAS,Masco Corporation,2020,1,2020-04-29 08:00:00,0.43135512,0.3770234,0.19162147,0.23971757,0.1552936,0.60498893,0.19163755,0.2217298,0.26096508,-0.005079164080788564
MAS,Masco Corporation,2021,4,2022-02-08 08:00:00,0.8355612,0.01668712,0.14775166,0.49562377,0.05654824,0.447828,0.33993745,-0.03986112,0.3741877,-0.03510946418168058
MAS,Masco Corporation,2021,3,2021-10-27 08:00:00,0.790216,0.019444847,0.19033907,0.37387168,0.037638906,0.58848935,0.41634434,-0.018194059,0.4650337,0.03167507591391007
MAS,Masco Corporation,2021,2,2021-07-29 10:01:00,0.6474008,0.12982629,0.22277293,0.36085686,0.10190995,0.53723323,0.28654394,0.027916342,0.34780523,0.007614851145236941
MAS,Masco Corporation,2021,1,2021-04-28 08:00:00,0.8154997,0.018886203,0.16561413,0.32868052,0.042040486,0.62927896,0.4868192,-0.023154283,0.5131768,0.03524417597254652
MAS,Masco Corporation,2022,4,2023-02-09 08:00:00,0.38060558,0.3474108,0.27198362,0.25699773,0.09220362,0.6507987,0.123607844,0.25520718,0.2476976,0.03789283157699822
MAS,Masco Corporation,2022,3,2022-10-26 08:00:00,0.38080323,0.37745404,0.24174277,0.21923582,0.21075618,0.57000804,0.1615674,0.16669786,0.2170609,-0.06153597040069493
MAS,Masco Corporation,2022,2,2022-07-28 08:00:00,0.6400888,0.1985694,0.1613418,0.31634027,0.11697042,0.5666893,0.32374853,0.08159898,0.3627315,-0.05099652697013935
MAS,Masco Corporation,2022,1,2022-04-27 08:00:00,0.6949519,0.018915862,0.2861323,0.35645133,0.033749983,0.60979867,0.33850056,-0.014834121,0.42378074,0.02847927701641279
MAS,Masco Corporation,2023,3,2023-10-26 08:00:00,0.31004712,0.42356715,0.26638576,0.28034428,0.15102834,0.5686274,0.029702842,0.2725388,0.17630129,0.08333713158909273
MAS,Masco Corporation,2023,2,2023-07-27 08:00:00,0.28217867,0.64694387,0.070877485,0.3293399,0.17033501,0.5003252,-0.04716122,0.47660887,0.1411811,-0.022966639247491517
MAS,Masco Corporation,2023,1,2023-04-26 07:45:00,0.25556108,0.5279904,0.21644852,0.30199936,0.162137,0.53586364,-0.046438277,0.3658534,0.13694589,0.06536778963396095
MAS,Masco Corporation,2024,4,2025-02-11 08:00:00,0.56122816,0.26276106,0.17601076,0.260119,0.04568498,0.69419605,0.30110916,0.21707608,0.38960236,-0.02466855334505648
MAS,Masco Corporation,2024,3,2024-10-29 08:00:00,0.63743263,0.2686002,0.09396716,0.45644262,0.063663945,0.47989345,0.18099001,0.20493625,0.30589974,0.00822365526403417
MAS,Masco Corporation,2024,2,2024-07-25 08:00:00,0.5327899,0.35673964,0.11047047,0.29362944,0.06387097,0.6424995,0.23916045,0.29286867,0.34231725,0.0761651087961172
MAS,Masco Corporation,2024,1,2024-04-24 08:00:00,0.027687524,0.8735227,0.09878979,0.2076609,0.22131346,0.57102567,-0.17997338,0.6522092,0.015810287,-0.050389967817817245
MAS,Masco Corporation,2025,1,2025-04-23 08:00:00,0.3187048,0.3765389,0.30475634,0.22410062,0.09596366,0.67993575,0.094604194,0.28057525,0.2166988,-0.06654695746601172
MMM,3M Company,2021,4,2022-01-25 09:00:00,0.5453431,0.3049815,0.1496754,0.23940732,0.068235956,0.69235665,0.3059358,0.23674554,0.3775719,-0.062007467253009776
MMM,3M Company,2023,4,2024-01-23 09:00:00,0.49801424,0.31610802,0.1858777,0.15271764,0.085997924,0.7612845,0.34529662,0.2301101,0.3791305,-0.12895775506906149
MMM,3M Company,2023,3,2023-10-24 09:00:00,0.509967,0.41291803,0.077114925,0.26350772,0.15917148,0.5773209,0.2464593,0.25374657,0.2944146,0.06801092200408514
MMM,3M Company,2023,2,2023-07-25 09:00:00,0.48019966,0.3196233,0.20017707,0.275119,0.14706632,0.5778147,0.20508066,0.17255697,0.27746642,0.055474295621555855
MMM,3M Company,2024,3,2024-10-22 09:00:00,0.6308425,0.18426536,0.18489216,0.23241067,0.06736954,0.7002198,0.39843184,0.11689582,0.4417284,-0.03771046278723241
MMM,3M Company,2024,1,2024-04-30 09:50:00,0.14170948,0.023503806,0.8347867,0.16812864,0.016202,0.8156693,-0.026419163,0.0073018055,0.11558807,0.022693971293341685
NDSN,Nordson Corporation,2020,1,2020-02-20 08:30:00,0.4994611,0.25771818,0.2428207,0.2524981,0.086239316,0.66126263,0.24696302,0.17147887,0.33027497,-0.006201462532426524
NDSN,Nordson Corporation,2021,4,2021-12-16 08:30:00,0.75175387,0.015482965,0.23276316,0.15046403,0.08032741,0.76920855,0.60128987,-0.064844444,0.5782555,-0.058891964909621654
NDSN,Nordson Corporation,2021,2,2021-05-25 08:30:00,0.773057,0.016628386,0.21031463,0.64223766,0.010613752,0.3471485,0.13081932,0.006014635,0.2683656,0.09149965773241361
NDSN,Nordson Corporation,2021,1,2021-02-23 08:30:00,0.74028254,0.02413637,0.23558111,0.3620119,0.0637321,0.57425606,0.37827063,-0.03959573,0.42511174,0.04813640390891807
NDSN,Nordson Corporation,2022,1,2022-04-30 09:00:00,0.5927322,0.3712952,0.035972614,0.16794947,0.039042234,0.7930082,0.42478272,0.33225298,0.47004148,0.0017808034822001453
NDSN,Nordson Corporation,2023,1,2023-02-21 08:30:00,0.4577349,0.33088878,0.2113763,0.31157628,0.16954564,0.51887804,0.14615864,0.16134314,0.2375086,-0.08124530714619002
NOC,Northrop Grumman Corporation,2020,4,2021-01-28 09:00:00,0.57436615,0.16949056,0.25614327,0.3063458,0.020372486,0.6732817,0.26802036,0.14911808,0.38671023,0.0006320332959237202
NOC,Northrop Grumman Corporation,2020,3,2020-10-22 09:00:00,0.7883287,0.0570867,0.15458459,0.43182886,0.02720161,0.5409695,0.35649985,0.029885089,0.4264618,-0.015305303255658015
NOC,Northrop Grumman Corporation,2020,2,2020-07-30 09:00:00,0.7200378,0.14917482,0.13078731,0.30645183,0.10489635,0.58865184,0.413586,0.044278473,0.42385158,0.0073037230757865175
NOC,Northrop Grumman Corporation,2020,1,2020-04-29 08:00:00,0.590983,0.2323325,0.17668465,0.46366724,0.0316712,0.50466156,0.12731573,0.2006613,0.29824638,-0.05717537738978251
NOC,Northrop Grumman Corporation,2021,4,2022-01-27 09:00:00,0.62546635,0.1550927,0.21944098,0.283983,0.08979385,0.62622315,0.34148335,0.06529885,0.3916815,-0.10227380417216783
NOC,Northrop Grumman Corporation,2021,3,2021-10-28 09:00:00,0.59584695,0.22152491,0.18262814,0.3523247,0.19786644,0.4498089,0.24352226,0.02365847,0.26801726,-0.10933340144978361
NOC,Northrop Grumman Corporation,2021,2,2021-07-29 09:00:00,0.64688265,0.23353761,0.119579755,0.39085144,0.018370455,0.5907781,0.25603122,0.21516716,0.38216412,-0.010327304981649629
NOC,Northrop Grumman Corporation,2021,1,2021-04-29 09:00:00,0.8503125,0.02078704,0.12890047,0.40102723,0.058166094,0.5408067,0.44928524,-0.037379056,0.4598547,0.08921732772317925
NOC,Northrop Grumman Corporation,2022,4,2023-01-26 09:00:00,0.6920694,0.21757688,0.09035372,0.35719445,0.11951804,0.5232875,0.33487496,0.098058835,0.36215127,-0.08913462034221159
NOC,Northrop Grumman Corporation,2022,3,2022-10-27 09:00:00,0.75537324,0.10863111,0.13599563,0.34496945,0.10234353,0.55268705,0.4104038,0.006287582,0.417485,0.01858123017639899
NOC,Northrop Grumman Corporation,2022,2,2022-07-28 09:00:00,0.6316409,0.14893612,0.21942294,0.29984444,0.09575296,0.6044026,0.33179647,0.05318316,0.3817654,0.040401157765681976
NOC,Northrop Grumman Corporation,2022,1,2022-04-28 09:00:00,0.66395503,0.1435865,0.19245856,0.35571998,0.054616246,0.5896638,0.30823505,0.08897026,0.39151025,0.07001045790985518
NOC,Northrop Grumman Corporation,2023,4,2024-01-25 11:30:00,0.8692237,0.016490443,0.11428591,0.3316336,0.02768596,0.64068043,0.53759015,-0.011195518,0.5568946,-0.045884469878910886
NOC,Northrop Grumman Corporation,2023,3,2023-10-26 09:00:00,0.79536515,0.040822823,0.16381206,0.3400514,0.034081023,0.62586755,0.45531374,0.0067417994,0.49779323,-0.04679033409404893
NOC,Northrop Grumman Corporation,2023,2,2023-07-27 09:00:00,0.8647621,0.03870542,0.09653251,0.33434495,0.044276055,0.621379,0.5304172,-0.005570635,0.53734505,-0.01762438473012183
NOC,Northrop Grumman Corporation,2023,1,2023-04-27 12:30:00,0.7678482,0.11777918,0.11437272,0.273766,0.033603616,0.69263047,0.49408218,0.084175564,0.5318351,-0.01656466071158807
NOC,Northrop Grumman Corporation,2024,4,2025-01-30 09:00:00,0.76439875,0.030046433,0.2055548,0.48998272,0.01536912,0.4946482,0.27441603,0.014677313,0.37810847,-0.038458012547953814
NOC,Northrop Grumman Corporation,2024,3,2024-10-24 09:00:00,0.88402206,0.03329571,0.08268219,0.40858182,0.017920176,0.57349795,0.47544023,0.015375534,0.50698483,0.0015724603307832423
NOC,Northrop Grumman Corporation,2024,2,2024-07-25 09:00:00,0.8230506,0.09260518,0.08434414,0.43640018,0.07974566,0.4838542,0.38665044,0.012859523,0.3982365,0.11229363835787666
NOC,Northrop Grumman Corporation,2024,1,2024-04-25 10:10:00,0.54532623,0.012217168,0.44245657,0.2954921,0.039948802,0.66455907,0.24983412,-0.027731635,0.3624015,0.0023710869712158453
NOC,Northrop Grumman Corporation,2025,1,2025-04-22 09:30:00,0.7006096,0.19287027,0.10652008,0.3167908,0.02403197,0.6591772,0.38381884,0.1688383,0.46182588,-0.17071061869165102
NSC,Norfolk Southern Corporation,2020,3,2020-10-28 08:45:00,0.49236405,0.35872528,0.1489107,0.381202,0.045288898,0.57350916,0.11116204,0.3134364,0.28237528,0.06865697139011233
NSC,Norfolk Southern Corporation,2022,4,2023-01-25 08:45:00,0.79093665,0.060454175,0.14860922,0.25116092,0.08797502,0.66086406,0.5397757,-0.027520843,0.5227016,-0.053165370443911605
NSC,Norfolk Southern Corporation,2022,3,2022-10-26 08:45:00,0.611171,0.25402984,0.13479917,0.3130776,0.17103064,0.5158918,0.2980934,0.0829992,0.3152981,0.07039321371988103
NSC,Norfolk Southern Corporation,2024,1,2024-04-24 08:45:00,0.4676913,0.111847825,0.42046082,0.1962039,0.023715341,0.7800808,0.2714874,0.088132486,0.364837,-0.048685558764603294
ODFL,"Old Dominion Freight Line, Inc.",2020,4,2021-02-04 10:00:00,0.72415984,0.023051668,0.25278854,0.3803569,0.066938,0.552705,0.34380293,-0.04388633,0.40024677,0.029527086050864876
ODFL,"Old Dominion Freight Line, Inc.",2022,4,2023-02-01 10:00:00,0.69414425,0.07503686,0.23081894,0.35006458,0.19411042,0.45582494,0.34407967,-0.11907356,0.31640825,0.08788640444028716
ODFL,"Old Dominion Freight Line, Inc.",2022,3,2022-10-26 10:00:00,0.655733,0.080524355,0.26374266,0.3150148,0.22949801,0.45548713,0.34071818,-0.14897366,0.29867795,-0.024012883814390453
ODFL,"Old Dominion Freight Line, Inc.",2022,2,2022-07-27 10:00:00,0.7261127,0.014842403,0.25904492,0.2387832,0.14281,0.6184068,0.48732954,-0.1279676,0.44903302,0.023045193418725032
ODFL,"Old Dominion Freight Line, Inc.",2023,2,2023-07-26 10:00:00,0.2669775,0.3563484,0.37667412,0.23417373,0.20868841,0.55713785,0.03280376,0.14765999,0.14874326,0.04524957167227053
ODFL,"Old Dominion Freight Line, Inc.",2023,1,2023-04-26 10:00:00,0.5484493,0.25742373,0.19412701,0.2532708,0.278677,0.46805224,0.29517847,-0.021253258,0.2567029,-0.059797968415280206
ODFL,"Old Dominion Freight Line, Inc.",2024,4,2025-02-05 10:00:00,0.035226613,0.019544702,0.9452287,0.37279275,0.15677042,0.4704368,-0.33756614,-0.13722572,0.016571896,0.10307855774707954
ODFL,"Old Dominion Freight Line, Inc.",2024,3,2024-10-23 10:00:00,0.40649533,0.2302194,0.3632853,0.3010777,0.29647186,0.40245044,0.10541764,-0.06625247,0.16359423,0.027812432386951892
ODFL,"Old Dominion Freight Line, Inc.",2024,1,2024-04-24 10:00:00,0.9174716,0.051294543,0.031233888,0.2270933,0.15356961,0.6193371,0.6903783,-0.102275066,0.5682242,-0.15748954203596846
ODFL,"Old Dominion Freight Line, Inc.",2025,1,2025-04-23 10:00:00,0.4237852,0.37104377,0.20517103,0.24923061,0.23637576,0.5143936,0.1745546,0.13466801,0.21799241,-0.04524167205491165
OTIS,Otis Worldwide Corporation,2020,4,2021-02-01 10:00:00,0.7943716,0.14121014,0.064418264,0.46875694,0.04076157,0.49048153,0.32561466,0.10044856,0.3896246,-0.06844076417602282
OTIS,Otis Worldwide Corporation,2020,3,2020-10-26 10:00:00,0.47394836,0.42641413,0.09963746,0.4321693,0.15179773,0.41603297,0.04177907,0.27461642,0.19717814,0.024125048549216675
OTIS,Otis Worldwide Corporation,2020,2,2020-07-28 10:00:00,0.3707953,0.57165545,0.05754926,0.3663354,0.15605634,0.47760823,0.0044599175,0.4155991,0.17709489,0.05284593316586742
OTIS,Otis Worldwide Corporation,2020,1,2020-05-07 10:00:00,0.31485522,0.48558447,0.19956027,0.3166735,0.1992796,0.48404685,-0.0018182695,0.28630486,0.15240468,-0.007849488728855875
OTIS,Otis Worldwide Corporation,2021,4,2022-01-31 08:30:00,0.92877424,0.02738674,0.043839023,0.40395057,0.1107442,0.48530525,0.52482367,-0.08335746,0.45073903,-0.02514860636938216
OTIS,Otis Worldwide Corporation,2021,3,2021-10-25 08:30:00,0.8152313,0.13734044,0.047428243,0.368012,0.14357187,0.48841605,0.4472193,-0.006231427,0.39817205,-0.0701356892623884
OTIS,Otis Worldwide Corporation,2021,2,2021-07-26 08:30:00,0.9282619,0.0152600035,0.056478158,0.5390433,0.08618208,0.37477463,0.38921857,-0.07092208,0.347889,0.021511407865199936
OTIS,Otis Worldwide Corporation,2021,1,2021-04-26 08:30:00,0.7591838,0.039300006,0.20151618,0.70567185,0.06436669,0.22996148,0.053511977,-0.025066685,0.17458303,0.09689988371246443
OTIS,Otis Worldwide Corporation,2022,4,2023-02-01 08:30:00,0.80221164,0.13937294,0.058415394,0.46706694,0.105538815,0.42739424,0.3351447,0.03383413,0.34286064,0.005688132612330801
OTIS,Otis Worldwide Corporation,2022,2,2022-07-27 08:30:00,0.6002927,0.20706055,0.1926468,0.22479859,0.3831376,0.39206383,0.3754941,-0.17607707,0.23535305,0.02981278311715034
OTIS,Otis Worldwide Corporation,2022,1,2022-04-25 08:30:00,0.7812219,0.1804936,0.0382844,0.4221384,0.18380028,0.39406142,0.35908353,-0.0033066869,0.3078494,0.02084686642437744
OTIS,Otis Worldwide Corporation,2023,4,2024-01-31 08:30:00,0.7413986,0.18354705,0.07505437,0.48459437,0.22871211,0.28669348,0.2568042,-0.045165062,0.21255414,0.005435066374276888
OTIS,Otis Worldwide Corporation,2023,3,2023-10-25 08:30:00,0.9000357,0.05453562,0.045428652,0.21253386,0.26254898,0.52491707,0.6875018,-0.20801336,0.4724441,-0.0036414774648183077
OTIS,Otis Worldwide Corporation,2023,2,2023-07-26 08:30:00,0.78849614,0.13439457,0.0771093,0.38232994,0.17285608,0.44481394,0.4061662,-0.038461506,0.35073408,0.032621493119188584
OTIS,Otis Worldwide Corporation,2023,1,2023-04-26 10:30:00,0.8677623,0.104802825,0.02743487,0.33579028,0.18198189,0.48222786,0.53197205,-0.07717907,0.41845918,0.03027064563051213
OTIS,Otis Worldwide Corporation,2024,4,2025-01-29 08:30:00,0.64208716,0.2787263,0.07918657,0.34856915,0.16980925,0.48162156,0.293518,0.10891706,0.30924302,-0.012743503234173666
OTIS,Otis Worldwide Corporation,2024,3,2024-10-30 08:30:00,0.57465285,0.34144995,0.08389719,0.47238368,0.18241446,0.34520185,0.10226917,0.15903549,0.19837123,-0.02446960725892315
OTIS,Otis Worldwide Corporation,2024,2,2024-07-24 08:30:00,0.6725238,0.25802612,0.06945014,0.37120083,0.21271928,0.4160799,0.30132297,0.045306846,0.27982363,-0.033419813813031454
OTIS,Otis Worldwide Corporation,2024,1,2024-04-24 08:30:00,0.04652678,0.9160371,0.03743617,0.21453264,0.29529682,0.49017054,-0.16800587,0.6207403,0.022806056,-0.05168115337030644
OTIS,Otis Worldwide Corporation,2025,1,2025-04-23 08:30:00,0.6099735,0.31292245,0.07710402,0.27686962,0.167679,0.55545133,0.33310387,0.14524345,0.3388106,-0.08028282906056437
PAYX,"Paychex, Inc.",2020,1,2019-10-02 09:30:00,0.5281964,0.049627822,0.42217582,0.20542885,0.076883145,0.717688,0.32276756,-0.027255323,0.37908024,0.021867251049679272
PAYX,"Paychex, Inc.",2021,1,2020-10-06 09:30:00,0.4006402,0.36470154,0.23465826,0.2606913,0.15105481,0.58825386,0.1399489,0.21364672,0.23567814,-0.011284603364544586
PCAR,PACCAR Inc,2022,1,2022-04-26 11:00:00,0.93190247,0.010603141,0.057494387,0.39682257,0.03309573,0.57008165,0.5350799,-0.022492588,0.5312605,0.013373718668189516
PCAR,PACCAR Inc,2023,3,2023-10-24 12:00:00,0.9219289,0.010056367,0.06801473,0.2815944,0.035306774,0.6830988,0.6403345,-0.025250407,0.6297685,0.019891521761068884
PCAR,PACCAR Inc,2024,1,2024-04-30 11:00:00,0.7742617,0.011332227,0.214406,0.27573445,0.1427558,0.58150965,0.49852726,-0.13142358,0.45024067,-0.07593128760704956
PH,Parker-Hannifin Corporation,2020,3,2020-04-30 11:00:00,0.32021508,0.24888061,0.4309044,0.2987319,0.18168199,0.5195862,0.021483183,0.06719862,0.16637933,0.02003278873216841
PH,Parker-Hannifin Corporation,2021,1,2020-11-05 11:00:00,0.29663178,0.20785552,0.49551275,0.26930144,0.071037516,0.659661,0.027330339,0.136818,0.19567642,0.15623195271583404
PH,Parker-Hannifin Corporation,2023,1,2022-11-03 09:00:00,0.48960578,0.028834749,0.4815595,0.22935039,0.108985014,0.6616646,0.2602554,-0.08015026,0.32395482,0.022352170328203802
PH,Parker-Hannifin Corporation,2024,2,2024-02-01 11:00:00,0.72081697,0.038889233,0.24029377,0.3358661,0.11381496,0.55031896,0.38495088,-0.07492572,0.39667925,0.08159830609778321
PH,Parker-Hannifin Corporation,2024,1,2023-11-02 11:00:00,0.6557572,0.04046058,0.30378214,0.20726961,0.15546678,0.63726366,0.44848758,-0.1150062,0.41789022,0.08847796262634078
PNR,Pentair plc,2020,4,2021-01-28 09:00:00,0.67074335,0.12864316,0.20061348,0.27915564,0.03896941,0.6818749,0.3915877,0.08967374,0.45736304,-0.08689311787350588
PNR,Pentair plc,2020,2,2020-07-23 09:00:00,0.27469677,0.38745806,0.33784518,0.27444413,0.042801898,0.682754,0.0002526343,0.34465617,0.1875503,0.011911932761809473
PNR,Pentair plc,2021,1,2021-04-22 10:00:00,0.8100705,0.014630771,0.17529869,0.3382598,0.03816398,0.62357616,0.47181073,-0.023533206,0.50514066,0.006310480458213447
PNR,Pentair plc,2022,3,2022-10-25 09:00:00,0.5731343,0.121381,0.30548465,0.22840886,0.079582244,0.69200885,0.34472543,0.041798756,0.39661402,0.02425115199411676
PNR,Pentair plc,2022,2,2022-07-26 09:00:00,0.5965446,0.1776793,0.22577609,0.20706977,0.10403728,0.688893,0.38947487,0.07364202,0.41095543,-0.007060935380590241
PNR,Pentair plc,2022,1,2022-04-21 09:00:00,0.8551625,0.015050995,0.12978654,0.28710547,0.06926878,0.6436258,0.56805706,-0.054217782,0.55040467,0.018414489731228025
PNR,Pentair plc,2023,2,2023-07-27 09:00:00,0.5998605,0.14616464,0.2539748,0.2166514,0.088119574,0.69522905,0.3832091,0.058045067,0.41704044,0.05051429737174982
PNR,Pentair plc,2024,3,2024-10-22 09:00:00,0.50245965,0.23399436,0.263546,0.37204498,0.06126457,0.56669044,0.13041466,0.17272979,0.28473908,0.011120967172289786
PWR,"Quanta Services, Inc.",2021,2,2021-08-05 09:00:00,0.6475083,0.18842724,0.1640644,0.21339218,0.031040369,0.7555675,0.43411613,0.15738687,0.48923624,0.09145940152366769
PWR,"Quanta Services, Inc.",2022,4,2023-02-23 09:00:00,0.6540484,0.14565249,0.20029907,0.15092148,0.028376745,0.8207018,0.5031269,0.117275745,0.5367787,0.08093427278991584
PWR,"Quanta Services, Inc.",2022,3,2022-11-03 09:00:00,0.79339385,0.049828097,0.15677813,0.12423115,0.03935884,0.8364101,0.6691627,0.010469258,0.66360265,0.022844334672975836
PWR,"Quanta Services, Inc.",2022,2,2022-08-04 09:00:00,0.6513117,0.13395014,0.2147382,0.18359213,0.030322205,0.7860857,0.46771955,0.103627935,0.51198685,0.01803203308128222
PWR,"Quanta Services, Inc.",2023,3,2023-11-02 09:00:00,0.77275145,0.01915829,0.20809017,0.20059158,0.02571435,0.7736941,0.5721599,-0.00655606,0.5978732,0.03649952053482546
PWR,"Quanta Services, Inc.",2023,1,2023-05-04 09:00:00,0.7572432,0.024417087,0.21833977,0.25384262,0.028103372,0.718054,0.50340056,-0.0036862846,0.5437415,0.010286623846126884
PWR,"Quanta Services, Inc.",2024,3,2024-10-31 09:00:00,0.6816877,0.015870817,0.30244142,0.16875745,0.023628939,0.8076137,0.5129303,-0.007758122,0.5505403,0.002195066148989632
PWR,"Quanta Services, Inc.",2024,2,2024-08-01 09:00:00,0.5892499,0.01735782,0.39339224,0.28610227,0.021874197,0.6920236,0.30314764,-0.004516376,0.40777484,0.02703605992403208
PWR,"Quanta Services, Inc.",2024,1,2024-05-02 09:00:00,0.9281978,0.016216988,0.055585213,0.19278172,0.032677464,0.7745409,0.73541605,-0.016460476,0.71892715,0.016315715382413207
ROK,"Rockwell Automation, Inc.",2020,3,2020-07-28 08:30:00,0.18957125,0.48935485,0.3210739,0.28109127,0.15511082,0.56379795,-0.09152003,0.334244,0.10687988,-0.0580499662546562
ROK,"Rockwell Automation, Inc.",2020,2,2020-04-28 08:30:00,0.3302631,0.33153555,0.33820137,0.25168002,0.19915526,0.5491647,0.07858309,0.13238029,0.18136884,0.05473170450228759
ROK,"Rockwell Automation, Inc.",2021,4,2021-11-02 08:30:00,0.60283303,0.012594704,0.3845723,0.25772128,0.049138285,0.69314045,0.34511176,-0.03654358,0.41784796,0.0337208497585221
ROK,"Rockwell Automation, Inc.",2024,2,2024-05-07 08:30:00,0.2687809,0.012634155,0.718585,0.16166364,0.14075673,0.6975796,0.10711725,-0.12812257,0.18749607,-0.0318081236267988
ROL,"Rollins, Inc.",2020,4,2021-01-27 10:00:00,0.62038344,0.093404524,0.28621203,0.32935,0.035661716,0.6349883,0.29103345,0.057742808,0.39393625,-0.006556696182709485
ROL,"Rollins, Inc.",2020,3,2020-10-28 10:00:00,0.42171305,0.21758984,0.36069712,0.41246274,0.03599503,0.5515422,0.009250313,0.18159482,0.23259255,0.01884684740273685
ROL,"Rollins, Inc.",2020,2,2020-07-29 10:00:00,0.5800447,0.11712674,0.30282858,0.17828557,0.056987543,0.76472694,0.40175912,0.060139198,0.4435758,0.06940764293124556
ROL,"Rollins, Inc.",2020,1,2020-04-29 10:00:00,0.278794,0.35777676,0.36342928,0.110398866,0.11042864,0.77917254,0.16839513,0.24734813,0.21722862,0.021452205279034554
ROL,"Rollins, Inc.",2021,1,2021-04-28 10:00:00,0.7035988,0.06954734,0.22685389,0.20698905,0.032555033,0.7604559,0.49660975,0.036992308,0.5350559,0.03742042790004348
ROL,"Rollins, Inc.",2022,3,2022-10-26 10:00:00,0.6093898,0.11411725,0.276493,0.37520877,0.2142677,0.41052356,0.23418102,-0.10015045,0.25016886,0.19075969444110671
ROL,"Rollins, Inc.",2023,2,2023-07-27 08:30:00,0.8022316,0.015330548,0.18243782,0.20148262,0.16073816,0.6377792,0.600749,-0.1454076,0.5116466,-0.07753849956193305
ROL,"Rollins, Inc.",2024,4,2025-02-13 08:30:00,0.8739004,0.012455518,0.11364406,0.26845998,0.04198359,0.6895565,0.60544044,-0.02952807,0.6026037,0.030170349029759316
ROL,"Rollins, Inc.",2024,2,2024-07-25 08:30:00,0.888655,0.021677595,0.08966746,0.37254593,0.040558714,0.58689535,0.5161091,-0.01888112,0.5215475,-0.05465330098395855
ROL,"Rollins, Inc.",2024,1,2024-04-25 08:30:00,0.28920785,0.03237088,0.6784213,0.22027877,0.035086352,0.7446348,0.068929076,-0.0027154721,0.21535423,0.045085410668651016
RSG,"Republic Services, Inc.",2020,4,2021-02-23 17:00:00,0.6332797,0.11202405,0.25469625,0.2948799,0.03917714,0.66594297,0.33839977,0.072846904,0.42172816,0.04286208185793749
RSG,"Republic Services, Inc.",2020,3,2020-11-05 17:00:00,0.9483101,0.012267259,0.039422624,0.28559142,0.08898117,0.62542754,0.66271865,-0.076713905,0.59309924,0.03682985732273987
RSG,"Republic Services, Inc.",2021,4,2022-02-10 17:00:00,0.66057056,0.021683404,0.31774604,0.18773027,0.02643462,0.78583515,0.4728403,-0.0047512166,0.5190996,-0.030679658803363055
RSG,"Republic Services, Inc.",2022,4,2023-02-15 17:00:00,0.5090181,0.30820027,0.18278164,0.24660206,0.044888284,0.70850956,0.26241606,0.26331198,0.36064422,0.07301457657467406
RSG,"Republic Services, Inc.",2022,3,2022-10-27 17:00:00,0.7040799,0.048626218,0.24729379,0.23984951,0.05134964,0.7088009,0.46423042,-0.002723422,0.4990525,-0.025477901063925997
RSG,"Republic Services, Inc.",2023,3,2023-10-26 17:00:00,0.64084166,0.07418698,0.2849714,0.21650586,0.07630617,0.7071879,0.4243358,-0.002119191,0.45319545,-0.0025607961384791975
RSG,"Republic Services, Inc.",2023,1,2023-04-27 14:15:00,0.68669426,0.061615825,0.2516899,0.261131,0.04271192,0.69615704,0.42556328,0.018903904,0.47804704,0.061078419937405065
RSG,"Republic Services, Inc.",2024,4,2025-02-13 17:00:00,0.4361573,0.20211072,0.36173195,0.2150143,0.032817338,0.75216836,0.22114299,0.16929339,0.3280637,0.05817292362653216
RSG,"Republic Services, Inc.",2024,2,2024-07-24 17:00:00,0.45499882,0.30060154,0.24439967,0.28111583,0.036667038,0.68221706,0.17388299,0.2639345,0.31040797,-0.014270093345666354
RSG,"Republic Services, Inc.",2024,1,2024-04-30 17:00:00,0.6300088,0.0166291,0.35336202,0.31868997,0.086777285,0.5945327,0.31131884,-0.070148185,0.37456086,-0.052976613979738636
RTX,RTX Corporation,2020,4,2021-01-26 08:30:00,0.64590514,0.12367753,0.23041736,0.25339907,0.13102645,0.6155745,0.39250606,-0.0073489174,0.3976027,0.06577286522951582
RTX,RTX Corporation,2020,3,2020-10-27 08:30:00,0.45952576,0.38388103,0.15659323,0.2860303,0.11356134,0.6004084,0.17349547,0.2703197,0.2759031,-0.05264306610866927
RTX,RTX Corporation,2020,2,2020-07-28 08:30:00,0.46176943,0.33257762,0.20565295,0.2804364,0.34388813,0.37567544,0.18133304,-0.011310518,0.17347543,-0.07931576627851317
RTX,RTX Corporation,2020,1,2020-05-07 08:30:00,0.4188401,0.28467703,0.29648286,0.09955884,0.34109223,0.5593489,0.31928128,-0.0564152,0.23427774,-0.06329225394254803
RTX,RTX Corporation,2021,2,2021-07-27 08:30:00,0.88507295,0.05292414,0.062002867,0.43208972,0.045220077,0.5226902,0.45298323,0.0077040642,0.46261895,0.02331010296764772
RTX,RTX Corporation,2022,3,2022-10-25 08:30:00,0.5594564,0.27972588,0.16081765,0.29348814,0.16343331,0.54307854,0.26596826,0.116292566,0.30382878,0.049387422495725745
RTX,RTX Corporation,2022,2,2022-07-26 08:30:00,0.6540409,0.24474391,0.1012152,0.20988992,0.20857336,0.5815367,0.44415095,0.036170557,0.38034877,-0.04001832069926892
RTX,RTX Corporation,2024,2,2024-07-25 08:00:00,0.7443745,0.027776962,0.22784853,0.38064855,0.028781781,0.59056973,0.36372596,-0.0010048188,0.43960506,0.110010113410336
SNA,Snap-on Incorporated,2020,4,2021-02-04 10:00:00,0.6598472,0.22926965,0.110883065,0.24918535,0.08614594,0.66466874,0.41066185,0.14312372,0.4385798,0.04838083599154563
SNA,Snap-on Incorporated,2020,3,2020-10-22 10:00:00,0.47711882,0.32382408,0.19905718,0.13481893,0.16602713,0.69915396,0.34229988,0.15779695,0.3335795,0.04063699858399843
SNA,Snap-on Incorporated,2020,2,2020-07-31 10:00:00,0.23008898,0.5165636,0.25334752,0.154992,0.115113795,0.72989416,0.07509698,0.4014498,0.1679406,-0.018599265113033864
SNA,Snap-on Incorporated,2020,1,2020-04-21 10:00:00,0.36654055,0.36512214,0.26833725,0.12087218,0.21040751,0.66872025,0.24566838,0.15471463,0.24511309,0.08805223320602557
SNA,Snap-on Incorporated,2021,4,2022-02-03 10:00:00,0.6353794,0.22355388,0.14106666,0.16340092,0.15409932,0.6824998,0.47197846,0.069454566,0.43364632,0.02147631550037517
SNA,Snap-on Incorporated,2021,3,2021-10-21 10:00:00,0.724475,0.120537266,0.15498771,0.15276767,0.13995746,0.70727485,0.57170737,-0.019420192,0.51240295,-0.11068146852674746
SNA,Snap-on Incorporated,2021,2,2021-07-22 10:00:00,0.6592395,0.14681546,0.193945,0.23506455,0.05508192,0.70985353,0.4241749,0.091733545,0.46796346,-0.027262173378948144
SNA,Snap-on Incorporated,2021,1,2021-04-22 10:00:00,0.6639612,0.14440617,0.19163266,0.1620475,0.07736526,0.76058716,0.50191367,0.06704091,0.50500035,0.0037099857673477833
SNA,Snap-on Incorporated,2022,4,2023-02-02 10:00:00,0.67966384,0.17266135,0.14767475,0.15657432,0.09938688,0.7440388,0.5230895,0.07327447,0.5056963,0.0047212890324684195
SNA,Snap-on Incorporated,2022,2,2022-07-21 10:00:00,0.62216765,0.15490048,0.22293194,0.22872926,0.065699115,0.70557165,0.3934384,0.08920136,0.43898386,0.037938242490382634
SNA,Snap-on Incorporated,2022,1,2022-04-21 10:00:00,0.51333946,0.29222646,0.19443409,0.10845083,0.076406926,0.81514233,0.40488863,0.21581954,0.41844472,0.011693986812255933
SNA,Snap-on Incorporated,2023,4,2024-02-08 10:00:00,0.6473943,0.070131995,0.28247368,0.11306818,0.21773458,0.6691972,0.53432614,-0.14760259,0.43323445,-0.09352829209150862
SNA,Snap-on Incorporated,2023,3,2023-10-19 10:00:00,0.64973605,0.027718574,0.32254544,0.19812588,0.142512,0.65936214,0.45161015,-0.11479342,0.42841133,0.05365181205573875
SNA,Snap-on Incorporated,2023,2,2023-07-20 10:00:00,0.64932734,0.12103099,0.22964175,0.160928,0.15515754,0.6839144,0.48839933,-0.03412655,0.44408435,-0.07707896477133631
SWK,"Stanley Black & Decker, Inc.",2024,1,2024-05-01 23:00:00,0.39881453,0.4923228,0.10886268,0.075026065,0.32289654,0.60207736,0.32378846,0.16942626,0.2401172,-0.07969110825855596
TDG,TransDigm Group Incorporated,2021,3,2021-08-10 11:00:00,0.5714057,0.05149292,0.37710145,0.23361972,0.060125813,0.7062544,0.337786,-0.008632895,0.4035578,-0.04342092534578145
TDG,TransDigm Group Incorporated,2022,3,2022-08-09 11:00:00,0.46451265,0.33847034,0.19701703,0.2346445,0.056223582,0.7091319,0.22986814,0.28224677,0.32940075,0.016538969551858393
TDG,TransDigm Group Incorporated,2023,1,2023-02-07 11:00:00,0.61350435,0.19794448,0.18855117,0.34667078,0.065050654,0.5882786,0.26683357,0.13289383,0.3609115,0.04295242995153547
TDG,TransDigm Group Incorporated,2024,3,2024-11-07 10:00:00,0.51669395,0.11403136,0.3692747,0.30774945,0.066047594,0.62620294,0.2089445,0.047983766,0.32355526,-0.08359907486338557
TDG,TransDigm Group Incorporated,2024,2,2024-05-07 11:00:00,0.1054794,0.013236706,0.88128394,0.21653883,0.09117053,0.69229066,-0.111059435,-0.07793382,0.0730224,-0.03259521726769821
TT,Trane Technologies plc,2020,4,2021-02-05 10:00:00,0.5285216,0.11206312,0.35941532,0.20532435,0.026734022,0.76794165,0.32319725,0.08532909,0.40587375,-0.0022530212192005163
TT,Trane Technologies plc,2021,4,2022-01-31 10:00:00,0.64634335,0.0907453,0.26291135,0.27062494,0.059305146,0.67007,0.3757184,0.031440154,0.43309528,-0.10002277186487141
TT,Trane Technologies plc,2021,3,2021-11-03 16:46:13,0.83729684,0.021244587,0.14145857,0.251768,0.049618334,0.69861364,0.58552885,-0.028373746,0.584947,0.06040699491222763
TT,Trane Technologies plc,2021,1,2021-05-05 10:00:00,0.8110503,0.023501836,0.1654478,0.28982565,0.031691678,0.67848265,0.5212246,-0.008189842,0.55028355,0.04672190314762627
TT,Trane Technologies plc,2022,4,2023-02-02 10:00:00,0.7018409,0.13371843,0.16444065,0.2831397,0.055958465,0.66090184,0.41870117,0.077759966,0.46384794,0.02459071139474151
TT,Trane Technologies plc,2022,3,2022-11-02 10:00:00,0.7628934,0.10859247,0.12851413,0.3623796,0.054394722,0.58322567,0.40051377,0.05419775,0.444939,0.06518476296453338
TT,Trane Technologies plc,2022,2,2022-08-03 10:00:00,0.71562123,0.06431283,0.22006601,0.30991548,0.05397211,0.6361124,0.40570575,0.01034072,0.45521554,0.05870462039010397
TT,Trane Technologies plc,2023,4,2024-02-01 10:00:00,0.7933213,0.060476743,0.146202,0.24604681,0.030981919,0.7229713,0.5472745,0.029494824,0.57354856,0.03955597497697924
TT,Trane Technologies plc,2023,3,2023-11-01 10:00:00,0.83709556,0.0211726,0.14173181,0.25010133,0.06297666,0.68692195,0.58699423,-0.04180406,0.5750193,0.12061526753738622
TT,Trane Technologies plc,2023,2,2023-08-02 10:00:00,0.6847759,0.15808815,0.1571359,0.24559657,0.16071492,0.5936885,0.4391793,-0.0026267767,0.40654355,0.03899399509996542
TT,Trane Technologies plc,2023,1,2023-05-03 10:00:00,0.8274098,0.021099841,0.15149029,0.3822513,0.04555692,0.5721917,0.4451585,-0.02445708,0.47343704,-0.05678105765893856
TT,Trane Technologies plc,2024,4,2025-01-30 10:00:00,0.65988386,0.036400504,0.30371568,0.22233339,0.060378462,0.7172882,0.4375505,-0.023977958,0.4733269,-0.02463631418514272
TT,Trane Technologies plc,2024,2,2024-07-31 10:00:00,0.7634705,0.04265463,0.19387491,0.26372313,0.086645715,0.6496312,0.49974734,-0.043991085,0.49597424,0.027313870230389274
TT,Trane Technologies plc,2024,1,2024-04-30 10:00:00,0.819801,0.108364865,0.07183416,0.22973853,0.029004937,0.7412565,0.59006244,0.07935993,0.60768276,0.06921363857247118
TT,Trane Technologies plc,2025,1,2025-04-30 10:00:00,0.81856275,0.07830387,0.10313333,0.22871752,0.072356254,0.6989262,0.58984524,0.0059476197,0.57211494,0.13954934659641474
TXT,Textron Inc.,2021,1,2021-04-29 08:00:00,0.89086723,0.0818223,0.02731047,0.25377187,0.07703936,0.66918886,0.63709533,0.0047829375,0.59615844,0.08563214137561491
TXT,Textron Inc.,2022,4,2023-01-25 08:00:00,0.3889812,0.41341949,0.19759937,0.18157952,0.14585829,0.6725621,0.20740168,0.2675612,0.26161402,0.04566363734434663
TXT,Textron Inc.,2022,3,2022-10-27 08:00:00,0.39150178,0.56021756,0.048280653,0.2445666,0.051456902,0.70397645,0.14693518,0.50876063,0.27560803,0.0637742682051155
TXT,Textron Inc.,2022,1,2022-04-28 08:00:00,0.022273311,0.03320523,0.94452137,0.25870264,0.10204341,0.6392539,-0.23642932,-0.06883818,0.014238302,0.05382871329517732
TXT,Textron Inc.,2023,3,2023-10-26 08:00:00,0.9309559,0.02491412,0.04412999,0.27261052,0.067451954,0.65993756,0.65834534,-0.042537834,0.61437273,0.010532281568331497
TXT,Textron Inc.,2024,1,2024-04-25 08:00:00,0.46314994,0.045030307,0.49181977,0.14904201,0.068199545,0.7827585,0.31410792,-0.023169238,0.36253452,-0.09044023052787688
UAL,"United Airlines Holdings, Inc.",2020,1,2020-05-01 10:00:00,0.17051345,0.1738667,0.6556199,0.03705084,0.02717904,0.9357701,0.13346261,0.14668766,0.1595614,-0.14659969199274728
UAL,"United Airlines Holdings, Inc.",2024,2,2024-07-18 10:30:00,0.6328706,0.13062386,0.23650557,0.22318856,0.18330933,0.59350204,0.40968204,-0.05268547,0.37561,0.029142975698818567
UBER,"Uber Technologies, Inc.",2020,2,2020-08-07 16:30:00,0.6173359,0.19132939,0.19133471,0.40965265,0.07678828,0.51355916,0.20768327,0.11454111,0.3170385,-0.11311507435621909
UBER,"Uber Technologies, Inc.",2020,1,2020-05-07 16:30:00,0.52150816,0.32215557,0.1563363,0.3168836,0.02310933,0.6600071,0.20462456,0.29904625,0.3441991,0.05586028229433657
UBER,"Uber Technologies, Inc.",2022,4,2023-02-08 08:00:00,0.63820624,0.013761414,0.3480323,0.32212722,0.03295544,0.64491737,0.31607902,-0.019194027,0.41159028,0.04204732121812883
UBER,"Uber Technologies, Inc.",2022,2,2022-08-02 08:00:00,0.5121236,0.016068695,0.47180772,0.37249714,0.027538514,0.5999643,0.13962644,-0.011469819,0.30725586,0.26166915522053996
UBER,"Uber Technologies, Inc.",2024,3,2024-10-31 08:00:00,0.6132989,0.013983031,0.37271807,0.31620046,0.01910716,0.66469234,0.29709843,-0.0051241284,0.4076551,-0.106738486111974
UBER,"Uber Technologies, Inc.",2024,1,2024-05-08 08:00:00,0.9488748,0.014425034,0.036700208,0.283291,0.026170788,0.69053817,0.6655837,-0.011745755,0.6552342,-0.07731455549115487
UNP,Union Pacific Corporation,2020,2,2020-07-23 08:45:00,0.49509034,0.42398873,0.08092098,0.17956232,0.09659808,0.72383964,0.31552804,0.32739064,0.358366,-0.027585283358105506
UNP,Union Pacific Corporation,2022,3,2022-10-20 08:45:00,0.81468856,0.13993911,0.045372352,0.22130547,0.10663336,0.6720612,0.5933831,0.033305757,0.5475206,-0.050441783595147505
UNP,Union Pacific Corporation,2022,1,2022-04-21 08:45:00,0.8061116,0.12417962,0.06970877,0.23311429,0.056265205,0.7106206,0.5729973,0.06791441,0.5728395,0.006907764675346907
UNP,Union Pacific Corporation,2023,2,2023-07-26 08:45:00,0.47956982,0.33582675,0.18460344,0.24131677,0.093368374,0.66531485,0.23825306,0.24245837,0.31906492,0.07980369229601385
UNP,Union Pacific Corporation,2023,1,2023-04-20 10:30:00,0.63439083,0.2336631,0.13194606,0.21585527,0.09877679,0.685368,0.41853556,0.13488631,0.43479118,-0.03726690655977266
UNP,Union Pacific Corporation,2024,4,2025-01-23 08:45:00,0.76802117,0.11049877,0.12148001,0.19658832,0.028368266,0.7750435,0.5714328,0.08213051,0.59524983,0.062378795967979975
UNP,Union Pacific Corporation,2024,3,2024-10-24 08:45:00,0.8359755,0.08509893,0.07892558,0.30193385,0.04290582,0.65516025,0.53404164,0.04219311,0.54769796,-0.022586456273041698
UPS,"United Parcel Service, Inc.",2020,2,2020-07-30 08:30:00,0.43392453,0.35303676,0.21303879,0.2431324,0.08907931,0.66778827,0.19079213,0.26395744,0.2897697,0.1483388761004885
UPS,"United Parcel Service, Inc.",2022,3,2022-10-25 08:30:00,0.75921446,0.1443654,0.09642015,0.3868401,0.07601797,0.5371419,0.37237436,0.06834743,0.40780592,-0.016369310796327394
UPS,"United Parcel Service, Inc.",2022,2,2022-07-26 08:30:00,0.6473244,0.22018108,0.13249458,0.2302057,0.09515868,0.6746357,0.41711867,0.1250224,0.43670815,-0.0014395954945816344
UPS,"United Parcel Service, Inc.",2023,2,2023-08-08 08:30:00,0.28308612,0.4854076,0.23150635,0.20812869,0.09910312,0.6927681,0.07495743,0.38630447,0.19611304,-0.022352111410616757
UPS,"United Parcel Service, Inc.",2024,3,2024-10-24 08:30:00,0.7228482,0.101442285,0.1757095,0.456823,0.04676274,0.4964143,0.2660252,0.054679547,0.35883218,0.03602984120581581
UPS,"United Parcel Service, Inc.",2025,1,2025-04-29 08:30:00,0.34346926,0.3371456,0.31938517,0.254768,0.15792693,0.5873051,0.08870125,0.17921866,0.20172127,-0.04792013730782796
URI,"United Rentals, Inc.",2024,1,2024-04-25 08:30:00,0.9298449,0.011046558,0.059108455,0.2196617,0.024186295,0.756152,0.7101832,-0.013139737,0.7031041,0.01578132129085731
VLTO,Veralto Corporation,2023,3,2023-10-26 00:00:00,0.22966096,0.010991476,0.7593476,0.25397134,0.049414806,0.69661385,-0.02431038,-0.03842333,0.159985,-0.03849561704406418
VLTO,Veralto Corporation,2025,1,2025-04-30 08:30:00,0.69722265,0.022432152,0.28034517,0.14737242,0.027990103,0.8246374,0.5498502,-0.0055579506,0.5749559,0.019557844016573803
VRSK,"Verisk Analytics, Inc.",2020,4,2021-02-24 08:30:00,0.56089264,0.17792425,0.2611831,0.3302158,0.08975458,0.5800296,0.23067683,0.088169664,0.32533434,-0.09498185470473125
VRSK,"Verisk Analytics, Inc.",2020,3,2020-11-05 08:30:00,0.030491048,0.037293095,0.93221587,0.3828699,0.07324234,0.54388773,-0.35237885,-0.03594924,0.016583707,-0.012966823603045971
VRSK,"Verisk Analytics, Inc.",2020,1,2020-05-06 08:30:00,0.44792816,0.25572464,0.29634717,0.17400049,0.07087248,0.75512713,0.2739277,0.18485215,0.3382427,-0.0025423136468110084
VRSK,"Verisk Analytics, Inc.",2021,2,2021-08-04 08:30:00,0.67871714,0.13885906,0.1824238,0.20521823,0.046745427,0.74803627,0.4734989,0.09211364,0.50770503,0.005619288586063716
VRSK,"Verisk Analytics, Inc.",2022,4,2023-03-01 08:30:00,0.62207043,0.02372161,0.35420784,0.2858415,0.027474549,0.686684,0.33622894,-0.0037529394,0.4271658,0.07490985564442233
VRSK,"Verisk Analytics, Inc.",2023,1,2023-05-03 09:30:00,0.65981007,0.066366106,0.27382386,0.27802366,0.03789807,0.6840783,0.3817864,0.028468035,0.45136175,0.13049820982074894
VRSK,"Verisk Analytics, Inc.",2024,4,2025-02-26 08:30:00,0.6257794,0.09221091,0.28200966,0.26567122,0.02726844,0.70706034,0.36010817,0.06494247,0.4424638,0.009469137066434008
VRSK,"Verisk Analytics, Inc.",2024,2,2024-07-31 08:30:00,0.67403585,0.10309284,0.22287126,0.30013195,0.027386345,0.6724817,0.3739039,0.0757065,0.45327678,-0.046209840547462605
VRSK,"Verisk Analytics, Inc.",2024,1,2024-05-01 08:30:00,0.4001403,0.015277134,0.5845825,0.37213272,0.016817953,0.6110493,0.028007567,-0.0015408192,0.24450544,0.09190599415430567
VRSK,"Verisk Analytics, Inc.",2025,1,2025-05-07 08:30:00,0.62362194,0.023026098,0.353352,0.23097251,0.03334328,0.73568434,0.3926494,-0.010317184,0.4587889,-0.0337985910019129
WAB,Westinghouse Air Brake Technologies Corporation,2020,2,2020-07-28 08:30:00,0.5900446,0.3583764,0.051579025,0.384779,0.09798774,0.51723325,0.20526561,0.26038867,0.30519068,-0.02571316538503887
WAB,Westinghouse Air Brake Technologies Corporation,2022,3,2022-11-01 08:30:00,0.68866026,0.26291737,0.048422277,0.37534726,0.23657963,0.38807312,0.313313,0.026337743,0.26725054,0.062359147746366056
WAB,Westinghouse Air Brake Technologies Corporation,2022,2,2022-08-05 14:27:14,0.7440404,0.18357429,0.072385356,0.41549444,0.19108449,0.39342114,0.328546,-0.0075102,0.29272124,0.014144445312180065
WAB,Westinghouse Air Brake Technologies Corporation,2022,1,2022-04-27 14:31:19,0.7273519,0.14715993,0.12548806,0.41174418,0.12372989,0.4645259,0.31560773,0.023430042,0.33787382,0.06520215370913258
WAB,Westinghouse Air Brake Technologies Corporation,2023,4,2024-02-14 08:30:00,0.7412703,0.11999008,0.13873957,0.36780512,0.06646605,0.5657289,0.37346518,0.053524032,0.41935804,-0.015127169911713166
WAB,Westinghouse Air Brake Technologies Corporation,2023,3,2023-10-25 08:30:00,0.9357991,0.019311594,0.044889245,0.49753857,0.051940553,0.45052087,0.43826056,-0.03262896,0.42159703,0.06094723893873199
WAB,Westinghouse Air Brake Technologies Corporation,2023,2,2023-07-27 08:30:00,0.9156603,0.045833346,0.03850635,0.3818932,0.04123411,0.57687277,0.5337671,0.004599236,0.5282195,0.04516509505992121
WAB,Westinghouse Air Brake Technologies Corporation,2024,4,2025-02-12 08:30:00,0.7617533,0.071359254,0.16688742,0.3568961,0.045658924,0.59744495,0.40485722,0.02570033,0.45510566,-0.08500459197451082
WAB,Westinghouse Air Brake Technologies Corporation,2024,3,2024-10-23 08:30:00,0.7715588,0.08734812,0.14109305,0.39936844,0.082425766,0.5182058,0.3721904,0.0049223527,0.39982626,0.004411012052246774
WAB,Westinghouse Air Brake Technologies Corporation,2024,1,2024-04-24 08:30:00,0.8594676,0.016920468,0.12361192,0.28014228,0.027509501,0.6923482,0.5793253,-0.010589033,0.5950509,0.09150986769836802
WM,"Waste Management, Inc.",2020,2,2020-07-30 10:00:00,0.6491409,0.1812189,0.16964024,0.18799193,0.15581238,0.65619564,0.46114898,0.025406525,0.42596343,-0.02127484982005269
WM,"Waste Management, Inc.",2020,1,2020-05-06 10:00:00,0.50521207,0.24502985,0.24975808,0.14684778,0.23339365,0.61975867,0.35836428,0.011636198,0.31310955,-0.008360075387268184
WM,"Waste Management, Inc.",2021,2,2021-07-27 10:00:00,0.7972383,0.014194381,0.18856739,0.3236077,0.04044796,0.6359443,0.47363058,-0.026253581,0.50699914,0.01835018417961867
WM,"Waste Management, Inc.",2022,2,2022-07-27 10:00:00,0.8078685,0.01644552,0.175686,0.16963175,0.08965233,0.7407159,0.63823676,-0.07320681,0.59840107,0.012351458233442303
WM,"Waste Management, Inc.",2023,3,2023-10-25 10:00:00,0.76824695,0.062223256,0.16952984,0.19112998,0.077707894,0.73116213,0.57711697,-0.0154846385,0.5617131,0.06316671725410969
WM,"Waste Management, Inc.",2024,3,2024-10-29 10:00:00,0.68316454,0.019387653,0.29744777,0.2508582,0.06726985,0.6818719,0.43230635,-0.04788219,0.46583068,0.043588233768243785
WM,"Waste Management, Inc.",2024,1,2024-04-25 10:00:00,0.88870126,0.013635177,0.09766351,0.21366261,0.047533616,0.7388038,0.67503864,-0.03389844,0.65657586,-0.01407452816752141
XYL,Xylem Inc.,2021,3,2021-11-02 10:00:00,0.46225432,0.26903623,0.26870945,0.17881145,0.0629677,0.75822073,0.28344285,0.20606853,0.3504908,0.01728474741163928
XYL,Xylem Inc.,2021,2,2021-08-03 10:00:00,0.7161047,0.018074332,0.26582104,0.38127667,0.032751665,0.5859717,0.33482802,-0.014677333,0.4196171,0.01862320900440775
XYL,Xylem Inc.,2021,1,2021-05-04 11:00:00,0.7349095,0.050238505,0.21485202,0.3327697,0.030532982,0.6366973,0.40213978,0.019705523,0.46791488,0.06370618526373098
XYL,Xylem Inc.,2022,4,2023-02-07 10:00:00,0.7914288,0.023470428,0.18510076,0.29106867,0.0683246,0.64060664,0.50036013,-0.044854175,0.50699455,0.025526129768310465
XYL,Xylem Inc.,2022,3,2022-11-01 10:00:00,0.6287205,0.031498123,0.33978143,0.36683646,0.09997169,0.53319186,0.26188406,-0.06847356,0.33522865,0.06834431653902301
XYL,Xylem Inc.,2022,1,2022-05-04 11:00:00,0.6287681,0.11369643,0.25753555,0.31305096,0.059360534,0.62758857,0.31571713,0.0543359,0.39460766,0.03958271653093144
XYL,Xylem Inc.,2023,4,2024-02-06 09:00:00,0.71047753,0.046821527,0.24270102,0.5038531,0.015582255,0.48056462,0.20662445,0.031239271,0.34143037,0.06496230539078404
XYL,Xylem Inc.,2023,2,2023-08-02 09:00:00,0.7240286,0.055626623,0.2203447,0.34672353,0.02702588,0.6262505,0.37730506,0.028600743,0.45342326,-0.06194742690820105
XYL,Xylem Inc.,2024,3,2024-10-31 09:00:00,0.56381774,0.14119396,0.29498827,0.2933661,0.090040326,0.6165936,0.27045164,0.05115363,0.34764642,-0.07779958129396047
XYL,Xylem Inc.,2024,2,2024-07-30 09:00:00,0.65331346,0.0803468,0.2663397,0.4167739,0.09774247,0.48548368,0.23653957,-0.017395668,0.31717303,-0.058998609920530735
XYL,Xylem Inc.,2024,1,2024-05-02 09:00:00,0.91332096,0.010352988,0.07632617,0.27090237,0.021419622,0.7076781,0.6424186,-0.011066634,0.6463372,0.04996369394499616
ADP,"Automatic Data Processing, Inc.",2015,4,2015-07-30 08:30:00,0.030420452,0.024778968,0.9448006,0.35393572,0.06991324,0.576151,-0.32351527,-0.04513427,0.017526774,-0.01291409620949144
ADP,"Automatic Data Processing, Inc.",2015,3,2015-04-30 08:30:00,0.5673773,0.11034833,0.3222743,0.28054753,0.056586158,0.66286635,0.2868298,0.05376217,0.37609535,0.019604117036933835
ADP,"Automatic Data Processing, Inc.",2015,2,2015-02-04 08:30:00,0.029240692,0.028206171,0.94255316,0.36226526,0.03308721,0.6046476,-0.33302456,-0.0048810374,0.017680313,0.010708581157883645
ADP,"Automatic Data Processing, Inc.",2015,1,2014-10-29 08:30:00,0.6261264,0.018264955,0.35560864,0.2799996,0.05507051,0.66492987,0.3461268,-0.036805555,0.41633016,0.07171575583976482
ADP,"Automatic Data Processing, Inc.",2017,4,2017-07-27 08:30:00,0.03303022,0.028992357,0.93797743,0.4765297,0.0697406,0.4537298,-0.44349948,-0.040748246,0.014986795,0.05692120991883017
ADP,"Automatic Data Processing, Inc.",2017,3,2017-05-03 08:30:00,0.029374223,0.031619627,0.9390061,0.29727173,0.14397644,0.5587519,-0.26789752,-0.11235681,0.016412903,-0.07449282574143441
ADP,"Automatic Data Processing, Inc.",2017,2,2017-02-01 08:30:00,0.025439043,0.028950442,0.9456106,0.3913476,0.13916083,0.46949163,-0.36590853,-0.11021039,0.011943418,-0.05060074446254176
ADP,"Automatic Data Processing, Inc.",2017,1,2016-11-02 08:30:00,0.03038808,0.029335778,0.94027615,0.47369683,0.0532065,0.47309667,-0.44330874,-0.023870721,0.014376499,0.0213822700317329
ADP,"Automatic Data Processing, Inc.",2018,4,2018-08-01 08:30:00,0.7430583,0.02287494,0.23406678,0.2929821,0.09666176,0.61035615,0.45007622,-0.073786825,0.45353022,0.0062606814425751715
ADP,"Automatic Data Processing, Inc.",2018,3,2018-05-02 08:30:00,0.029074728,0.027674675,0.94325066,0.54897314,0.027933324,0.4230935,-0.5198984,-0.00025864877,0.012301329,0.05316716542932874
ADP,"Automatic Data Processing, Inc.",2018,1,2017-11-02 08:30:00,0.53606,0.23507074,0.22886921,0.32050917,0.030716488,0.6487744,0.21555081,0.20435424,0.347782,-0.031762021912575586
ADP,"Automatic Data Processing, Inc.",2019,4,2019-07-31 08:30:00,0.76213944,0.027667668,0.21019295,0.276879,0.05005965,0.6730613,0.48526043,-0.022391982,0.5129666,0.03966585740854734
ADP,"Automatic Data Processing, Inc.",2019,1,2018-10-31 08:30:00,0.033888504,0.025166724,0.94094473,0.53319114,0.07112168,0.3956872,-0.49930263,-0.045954954,0.013409247,0.031501015286009904
ADP,"Automatic Data Processing, Inc.",2016,4,2016-07-29 08:30:00,0.6881793,0.043397523,0.26842314,0.25443947,0.052770544,0.69279003,0.43373984,-0.00937302,0.47676376,-0.028360467844239783
ADP,"Automatic Data Processing, Inc.",2016,3,2016-04-29 00:45:00,0.022324983,0.030732645,0.9469423,0.35502395,0.12199321,0.5229829,-0.33269897,-0.09126056,0.011675584,-0.01625834770104934
ADP,"Automatic Data Processing, Inc.",2016,2,2016-02-03 08:30:00,0.544244,0.17972754,0.27602848,0.25003436,0.050826933,0.69913864,0.29420963,0.1289006,0.38050202,0.01058127039169134
ADP,"Automatic Data Processing, Inc.",2016,1,2015-10-28 08:30:00,0.6023499,0.19026265,0.2073875,0.282109,0.031021703,0.68686926,0.32024089,0.15924095,0.41373563,-0.05493677861083958
ALLE,Allegion plc,2015,4,2016-02-11 08:30:00,0.03163082,0.025839612,0.9425296,0.5455125,0.09398323,0.36050427,-0.5138817,-0.06814362,0.011403047,0.03568866040129411
ALLE,Allegion plc,2017,4,2018-02-20 08:00:00,0.026815295,0.025872571,0.9473121,0.59851074,0.022575365,0.37891394,-0.57169545,0.003297206,0.010160689,0.046964249864948314
ALLE,Allegion plc,2017,3,2017-10-28 08:30:00,0.026343388,0.029879004,0.9437776,0.42736986,0.05955977,0.5130704,-0.4010265,-0.029680766,0.013516013,0.03097642112743881
ALLE,Allegion plc,2017,2,2017-07-27 08:00:00,0.028770147,0.033378117,0.9378518,0.53494614,0.05928384,0.40577006,-0.506176,-0.025905725,0.011674064,0.03120913136794587
ALLE,Allegion plc,2017,1,2017-04-29 08:00:00,0.7761734,0.03770815,0.18611841,0.44730878,0.01677369,0.53591746,0.32886463,0.020934459,0.41596487,-0.02976434453928333
ALLE,Allegion plc,2016,4,2017-02-09 08:00:00,0.7180215,0.11753174,0.16444674,0.46960106,0.018124714,0.5122742,0.24842045,0.099407025,0.3678239,0.05594528642373851
ALLE,Allegion plc,2016,3,2016-10-29 08:30:00,0.7561287,0.06402624,0.17984506,0.3866408,0.072635256,0.540724,0.36948794,-0.008609019,0.40885693,0.026375043400838086
ALLE,Allegion plc,2016,2,2016-07-28 08:30:00,0.029902136,0.022999313,0.94709855,0.52022326,0.10516131,0.3746155,-0.49032113,-0.08216199,0.011201804,-0.011167337310120233
ALLE,Allegion plc,2016,1,2016-04-28 08:30:00,0.031571876,0.0254306,0.9429975,0.5351286,0.055149265,0.4097221,-0.5035567,-0.029718665,0.012935695,-0.0005975641376274772
ALLE,Allegion plc,2015,3,2015-10-29 08:30:00,0.03272602,0.023383401,0.9438905,0.39424384,0.19318001,0.4125761,-0.36151782,-0.16979662,0.013501974,-0.02053383545096698
ALLE,Allegion plc,2018,3,2018-10-25 08:00:00,0.026731063,0.04021427,0.93305475,0.62818223,0.04604566,0.32577214,-0.60145116,-0.0058313906,0.008708236,0.0644604582876116
ALLE,Allegion plc,2018,2,2018-07-26 08:00:00,0.028205764,0.032110427,0.9396839,0.5080039,0.057781506,0.4342146,-0.47979814,-0.02567108,0.012247354,0.020482719390825004
ALLE,Allegion plc,2018,1,2018-04-26 08:00:00,0.029435562,0.03549398,0.93507046,0.43885562,0.17377283,0.38737148,-0.40942004,-0.13827884,0.011402497,-0.09521644334583886
ALLE,Allegion plc,2015,2,2015-07-30 08:30:00,0.023420645,0.031091714,0.9454876,0.53458476,0.08446497,0.38095036,-0.5111641,-0.053373255,0.008922103,-0.01104110497270473
ALLE,Allegion plc,2015,1,2015-04-30 08:30:00,0.02450874,0.02600953,0.9494818,0.47593552,0.15248753,0.37157688,-0.45142677,-0.126478,0.009106881,0.024471187995379146
ALLE,Allegion plc,2019,4,2020-02-18 08:00:00,0.5303214,0.20100926,0.26866928,0.32257706,0.11233281,0.5650902,0.20774436,0.088676445,0.29967943,-0.03273344715970322
ALLE,Allegion plc,2019,3,2019-10-24 08:00:00,0.7015323,0.123178825,0.17528884,0.3214947,0.0722001,0.6063053,0.3800376,0.050978728,0.42534277,0.10081703045419887
ALLE,Allegion plc,2019,2,2019-07-25 08:00:00,0.5589905,0.23823488,0.20277464,0.44403604,0.026352642,0.52961135,0.11495444,0.21188223,0.2960477,-0.031182642790403444
ALLE,Allegion plc,2019,1,2019-04-26 08:00:00,0.67688125,0.13830219,0.18481661,0.3985961,0.062683076,0.53872085,0.27828515,0.07561912,0.36465004,0.051652206859694565
AME,"AMETEK, Inc.",2015,4,2016-02-05 08:30:00,0.028487258,0.032962173,0.93855065,0.24603994,0.3086099,0.44535014,-0.21755269,-0.27564773,0.012686804,0.004798061604743602
AME,"AMETEK, Inc.",2015,3,2015-10-27 08:30:00,0.033585448,0.029144641,0.9372699,0.30493847,0.29312348,0.401938,-0.271353,-0.26397884,0.013499267,-0.028943344200621553
AME,"AMETEK, Inc.",2015,2,2015-08-04 08:30:00,0.031782262,0.027057495,0.9411602,0.3226355,0.2546385,0.42272595,-0.29085323,-0.227581,0.013435187,0.050569320112493384
AME,"AMETEK, Inc.",2015,1,2015-04-29 08:30:00,0.026002755,0.034606535,0.9393907,0.36327183,0.15805723,0.47867092,-0.33726907,-0.1234507,0.012446763,0.01560094804148705
AME,"AMETEK, Inc.",2016,4,2017-02-07 08:30:00,0.031594895,0.022798223,0.9456069,0.40457094,0.16672802,0.42870104,-0.37297603,-0.1439298,0.013544764,0.01752875337376104
AME,"AMETEK, Inc.",2016,3,2016-11-01 08:30:00,0.030914608,0.027417073,0.9416683,0.28037438,0.39480463,0.32482097,-0.24945977,-0.36738756,0.010041713,0.023398164782873498
AME,"AMETEK, Inc.",2016,2,2016-08-04 08:30:00,0.03694028,0.02137175,0.94168794,0.22124162,0.37235585,0.4064025,-0.18430135,-0.3509841,0.015012622,0.0034931197383242484
AME,"AMETEK, Inc.",2016,1,2016-04-30 08:30:00,0.028507365,0.025265682,0.946227,0.24242938,0.2842967,0.473274,-0.21392201,-0.259031,0.0134917945,-0.03381357416470536
AME,"AMETEK, Inc.",2017,4,2018-02-01 08:30:00,0.069431856,0.029723166,0.900845,0.5036687,0.06281151,0.43351975,-0.43423688,-0.03308834,0.030100081,0.030285665914732453
AME,"AMETEK, Inc.",2019,4,2020-02-05 08:30:00,0.629975,0.22261794,0.14740704,0.22118832,0.22996514,0.54884654,0.4087867,-0.0073471963,0.3457596,0.002014634350247825
AME,"AMETEK, Inc.",2017,3,2017-11-02 08:30:00,0.027120318,0.029007217,0.94387245,0.63626605,0.021693293,0.34204072,-0.60914576,0.007313924,0.009276253,0.00926246632792378
AME,"AMETEK, Inc.",2017,2,2017-08-02 08:30:00,0.028793227,0.027292797,0.943914,0.5692041,0.048786853,0.3820091,-0.5404109,-0.021494055,0.010999274,0.03242416094422388
AME,"AMETEK, Inc.",2017,1,2017-05-02 08:30:00,0.0288933,0.025738904,0.9453678,0.60057306,0.051289964,0.34813696,-0.5716798,-0.02555106,0.010058826,0.043460441810175075
AME,"AMETEK, Inc.",2018,3,2018-11-01 08:30:00,0.028669845,0.026906854,0.94442326,0.54816926,0.031402186,0.42042857,-0.5194994,-0.004495332,0.012053622,0.0825543574403507
AME,"AMETEK, Inc.",2018,2,2018-07-31 08:30:00,0.02870113,0.030722868,0.9405759,0.576706,0.061416477,0.36187753,-0.54800487,-0.03069361,0.010386294,-0.001261117548844861
AME,"AMETEK, Inc.",2018,1,2018-05-02 08:30:00,0.030278925,0.02689682,0.94282424,0.61716145,0.026506973,0.3563316,-0.58688253,0.00038984604,0.010789338,0.06379555523983864
AOS,A. O. Smith Corporation,2017,4,2018-01-30 10:00:00,0.022733532,0.029727872,0.9475387,0.45812258,0.08571488,0.45616257,-0.43538904,-0.055987004,0.0103701865,-0.009318970897278497
AOS,A. O. Smith Corporation,2017,3,2017-10-25 10:00:00,0.024669085,0.03244419,0.94288677,0.36848328,0.14755622,0.48396048,-0.3438142,-0.11511202,0.0119388625,-0.0341598667126291
AOS,A. O. Smith Corporation,2017,2,2017-07-26 10:00:00,0.548896,0.15565567,0.29544833,0.20609821,0.08582837,0.7080734,0.34279782,0.069827296,0.38865864,-0.008158400326598626
AOS,A. O. Smith Corporation,2017,1,2017-04-27 10:00:00,0.023483016,0.03571915,0.94079787,0.33876067,0.14157759,0.5196617,-0.31527767,-0.10585844,0.012203224,0.033869625907817044
AOS,A. O. Smith Corporation,2015,4,2016-01-29 10:00:00,0.5654626,0.1732722,0.26126525,0.18136454,0.19986182,0.61877364,0.38409805,-0.026589617,0.34989333,-0.023450514794422422
AOS,A. O. Smith Corporation,2015,3,2015-10-21 10:00:00,0.03619597,0.040493824,0.92331016,0.21109436,0.24790516,0.5410004,-0.17489839,-0.20741135,0.019582035,0.052978621237127696
AOS,A. O. Smith Corporation,2015,2,2015-07-23 10:00:00,0.74151343,0.096377015,0.16210957,0.22808157,0.087971196,0.68394727,0.51343185,0.00840582,0.5071561,0.05141745110567678
AOS,A. O. Smith Corporation,2015,1,2015-04-24 10:00:00,0.022226034,0.03392208,0.9438519,0.4466472,0.056459133,0.49689367,-0.42442116,-0.022537053,0.011043975,0.003704898614377363
AOS,A. O. Smith Corporation,2016,4,2017-02-02 10:00:00,0.028103793,0.024918772,0.9469774,0.31220096,0.13152125,0.5562778,-0.28409716,-0.10660248,0.015633516,0.017297534125375474
AOS,A. O. Smith Corporation,2016,3,2016-10-26 10:00:00,0.58834606,0.11409885,0.2975551,0.24425605,0.09196811,0.6637758,0.34409,0.022130735,0.39052987,-0.03459777990143276
AOS,A. O. Smith Corporation,2016,2,2016-07-26 10:00:00,0.028217882,0.022905787,0.9488764,0.4287674,0.066209964,0.5050226,-0.40054953,-0.043304175,0.014250668,0.04952682703421785
AOS,A. O. Smith Corporation,2016,1,2016-04-27 15:15:00,0.026264949,0.02245529,0.9512798,0.34547845,0.15651847,0.4980031,-0.3192135,-0.13406318,0.013080026,-0.01995300202776381
AOS,A. O. Smith Corporation,2018,3,2018-10-30 10:00:00,0.25411016,0.5252632,0.22062662,0.18987946,0.25526986,0.5548507,0.064230695,0.26999334,0.1409932,0.08705296703701583
AOS,A. O. Smith Corporation,2019,4,2020-01-28 10:00:00,0.47426507,0.37881896,0.14691602,0.21396226,0.10871407,0.6773237,0.2603028,0.2701049,0.32123098,-0.03459884784340464
AOS,A. O. Smith Corporation,2019,3,2019-10-29 10:00:00,0.33740312,0.60630107,0.056295764,0.17662416,0.21429847,0.60907733,0.16077895,0.39200258,0.2055046,0.0038849907730523128
AOS,A. O. Smith Corporation,2019,2,2019-07-30 10:00:00,0.17372957,0.7316309,0.09463955,0.223141,0.23600502,0.5408539,-0.04941143,0.4956259,0.09396232,0.07589441182313267
AOS,A. O. Smith Corporation,2018,2,2018-07-25 10:00:00,0.026016407,0.024210043,0.94977355,0.32087222,0.17907219,0.50005555,-0.2948558,-0.15486214,0.013009649,-0.010267917791164476
AOS,A. O. Smith Corporation,2018,1,2018-04-25 10:00:00,0.024107907,0.029438362,0.94645375,0.33788818,0.10396472,0.5581471,-0.31378028,-0.07452636,0.013455758,-0.01901562209095406
BA,The Boeing Company,2015,4,2016-01-27 13:00:00,0.6759331,0.11481254,0.20925444,0.26637074,0.060079075,0.6735502,0.40956238,0.054733463,0.45527488,-0.0526401948714625
BA,The Boeing Company,2015,3,2015-10-21 10:30:00,0.02447658,0.035411116,0.9401123,0.4332756,0.04112143,0.52560294,-0.40879902,-0.005710315,0.012864962,0.03546562520438415
BA,The Boeing Company,2015,2,2015-07-22 10:30:00,0.024377273,0.029544365,0.9460785,0.47445428,0.033997156,0.49154857,-0.450077,-0.004452791,0.011982614,-0.0009104265399611363
BA,The Boeing Company,2016,4,2017-01-25 10:30:00,0.025811536,0.035468414,0.9387199,0.49211872,0.067813694,0.44006756,-0.4663072,-0.03234528,0.01135882,0.021529690629939775
BA,The Boeing Company,2016,3,2016-10-26 10:30:00,0.023610575,0.034762867,0.94162655,0.44967538,0.06380651,0.48651809,-0.42606482,-0.029043645,0.011486972,0.03354393467889601
BA,The Boeing Company,2016,2,2016-07-27 10:30:00,0.024788452,0.029772852,0.9454387,0.39327598,0.05836211,0.548362,-0.36848754,-0.02858926,0.013593046,-0.019613768317914834
BA,The Boeing Company,2016,1,2016-04-27 10:30:00,0.024953948,0.027682433,0.9473637,0.47000095,0.044320125,0.4856789,-0.445047,-0.016637692,0.012119606,0.0017628280429420468
BA,The Boeing Company,2015,1,2015-04-22 09:55:00,0.0313797,0.026502011,0.9421183,0.36586392,0.08092618,0.55320996,-0.33448422,-0.054424167,0.017359562,-0.05138530010060221
BA,The Boeing Company,2017,4,2018-01-31 10:30:00,0.027898278,0.028260652,0.94384116,0.54204816,0.01975475,0.43819708,-0.5141499,0.008505901,0.012224944,0.08070073136757466
BA,The Boeing Company,2017,3,2017-10-25 10:30:00,0.02374226,0.033661205,0.94259644,0.55458903,0.03146825,0.41394266,-0.5308468,0.0021929555,0.009827934,-0.0321776798182356
BA,The Boeing Company,2017,2,2017-07-26 10:30:00,0.026934776,0.03129577,0.9417695,0.39869377,0.020239983,0.58106625,-0.371759,0.011055786,0.015650889,0.11979758992207104
BA,The Boeing Company,2017,1,2017-04-26 10:30:00,0.022523183,0.04518479,0.93229204,0.43130597,0.087469526,0.48122454,-0.40878278,-0.042284735,0.010838709,-0.0004529502689676264
BA,The Boeing Company,2018,3,2018-10-24 10:30:00,0.022518296,0.033644736,0.94383687,0.55875945,0.02637972,0.41486076,-0.5362412,0.0072650164,0.009341957,0.024303990545941553
BA,The Boeing Company,2018,2,2018-07-25 10:30:00,0.024832865,0.042652477,0.93251467,0.56002426,0.015657295,0.42431846,-0.5351914,0.026995182,0.010537043,-0.012883399259036248
BA,The Boeing Company,2018,1,2018-04-25 10:30:00,0.026461152,0.028104002,0.94543487,0.64261436,0.02020312,0.33718243,-0.61615324,0.0079008825,0.008922236,-0.015221054911428427
BLDR,"Builders FirstSource, Inc.",2015,4,2016-03-04 11:00:00,0.39893597,0.18074706,0.42031693,0.11162081,0.017073842,0.87130535,0.28731516,0.16367322,0.34759504,0.10578859580267193
BLDR,"Builders FirstSource, Inc.",2015,3,2015-11-06 11:00:00,0.40076163,0.23345396,0.36578444,0.35080078,0.09500248,0.5541968,0.04996085,0.13845149,0.22210081,0.14546997724590435
BLDR,"Builders FirstSource, Inc.",2015,2,2015-07-24 11:00:00,0.025850404,0.029636469,0.9445131,0.36767212,0.10074562,0.53158224,-0.3418217,-0.071109146,0.013741615,0.07733218559620672
BLDR,"Builders FirstSource, Inc.",2015,1,2015-04-24 11:00:00,0.02776225,0.028492136,0.9437457,0.3433709,0.2632232,0.3934059,-0.31560868,-0.23473106,0.010921833,0.004525123731781893
BLDR,"Builders FirstSource, Inc.",2016,4,2017-03-01 11:00:00,0.5230447,0.213624,0.2633313,0.2293017,0.05195364,0.7187446,0.293743,0.16167036,0.37593555,0.15252033156911213
BLDR,"Builders FirstSource, Inc.",2016,3,2016-11-04 10:00:00,0.44934648,0.29751423,0.2531393,0.22094853,0.20908561,0.56996584,0.22839795,0.08842862,0.25611216,0.06594997894661297
BLDR,"Builders FirstSource, Inc.",2016,2,2016-08-05 10:00:00,0.38133284,0.3023811,0.31628603,0.24712919,0.24545819,0.5074126,0.13420366,0.056922913,0.1934931,-0.07169634027234242
BLDR,"Builders FirstSource, Inc.",2016,1,2016-05-06 11:00:00,0.6336012,0.07341311,0.29298562,0.3004368,0.08357379,0.6159894,0.3331644,-0.010160677,0.3902916,-0.002468391609949764
BR,"Broadridge Financial Solutions, Inc.",2015,4,2015-08-07 08:30:00,0.64885753,0.052204832,0.29893762,0.23144929,0.030617213,0.73793346,0.41740823,0.02158762,0.47881368,0.03683543807004905
BR,"Broadridge Financial Solutions, Inc.",2015,3,2015-05-08 08:30:00,0.031450786,0.024039311,0.9445099,0.43845493,0.06722921,0.4943159,-0.40700415,-0.043189898,0.015546624,-0.04158697901286777
BR,"Broadridge Financial Solutions, Inc.",2015,2,2015-02-05 08:30:00,0.729934,0.09457779,0.17548825,0.15065676,0.055287197,0.794056,0.5792772,0.039290592,0.57960844,0.04743789219419674
BR,"Broadridge Financial Solutions, Inc.",2015,1,2014-11-06 08:30:00,0.5082066,0.118493706,0.3732997,0.24689311,0.024365492,0.72874135,0.2613135,0.094128214,0.37035117,0.006838597686540681
BR,"Broadridge Financial Solutions, Inc.",2016,4,2016-08-09 08:30:00,0.029873783,0.023922844,0.9462034,0.46779668,0.07418384,0.45801952,-0.4379229,-0.05026099,0.013682776,-0.01962288155276864
BR,"Broadridge Financial Solutions, Inc.",2016,3,2016-05-05 08:30:00,0.032132782,0.023709064,0.94415814,0.3858219,0.062474832,0.5517033,-0.35368913,-0.038765766,0.01772776,0.02136067842917813
BR,"Broadridge Financial Solutions, Inc.",2016,2,2016-02-04 08:30:00,0.6125147,0.16558255,0.22190277,0.13358766,0.07168803,0.7947243,0.47892702,0.09389452,0.4867803,0.051560554530895884
BR,"Broadridge Financial Solutions, Inc.",2017,4,2017-08-10 08:30:00,0.027207768,0.024378454,0.94841367,0.54160875,0.09219757,0.36619362,-0.51440096,-0.06781911,0.009963311,0.04203548859565098
BR,"Broadridge Financial Solutions, Inc.",2017,3,2017-05-10 08:30:00,0.68391186,0.08004547,0.23604257,0.2029586,0.023789888,0.7732516,0.48095328,0.05625558,0.52883595,0.07720360806423651
BR,"Broadridge Financial Solutions, Inc.",2017,2,2017-02-08 08:30:00,0.5849489,0.1869265,0.22812462,0.25503153,0.029320607,0.7156479,0.32991737,0.15760589,0.41861743,-0.029313447249718592
BR,"Broadridge Financial Solutions, Inc.",2017,1,2016-11-09 08:30:00,0.030040573,0.027406199,0.9425532,0.31296256,0.13493894,0.55209845,-0.282922,-0.10753274,0.016585354,-0.06177683029279335
BR,"Broadridge Financial Solutions, Inc.",2018,4,2018-08-07 08:30:00,0.027987117,0.029035874,0.94297695,0.44898787,0.09564039,0.45537162,-0.42100075,-0.06660452,0.0127445385,0.12328418631613228
BR,"Broadridge Financial Solutions, Inc.",2018,3,2018-05-08 08:30:00,0.029013319,0.030315164,0.94067144,0.63847196,0.056652695,0.3048754,-0.6094586,-0.02633753,0.008845448,0.05149630714918292
BR,"Broadridge Financial Solutions, Inc.",2018,2,2018-02-08 08:30:00,0.03642103,0.026266465,0.93731254,0.58250344,0.021464286,0.3960323,-0.5460824,0.0048021786,0.014423905,0.061840472083519345
BR,"Broadridge Financial Solutions, Inc.",2018,1,2017-11-08 08:30:00,0.027506907,0.03481316,0.93768,0.4448435,0.036015004,0.5191415,-0.41733658,-0.0012018457,0.0142799765,0.02549515469323301
BR,"Broadridge Financial Solutions, Inc.",2019,4,2019-08-01 08:30:00,0.70438486,0.10179499,0.1938201,0.19432704,0.026767459,0.7789055,0.5100578,0.075027525,0.54864925,0.007187932991592472
BR,"Broadridge Financial Solutions, Inc.",2019,1,2018-11-06 08:30:00,0.028774453,0.031676654,0.93954885,0.44728222,0.03695397,0.5157638,-0.41850778,-0.005277317,0.014840822,-0.08983751008408972
CAT,Caterpillar Inc.,2015,4,2016-01-28 11:00:00,0.047313552,0.037383895,0.9153026,0.14895858,0.4570359,0.3940055,-0.10164502,-0.41965201,0.0186418,0.11374117725641111
CAT,Caterpillar Inc.,2015,3,2015-10-22 11:00:00,0.039476383,0.023101695,0.9374219,0.17592229,0.40766457,0.41641322,-0.13644591,-0.38456288,0.016438488,0.009653150898921367
CAT,Caterpillar Inc.,2015,2,2015-07-23 11:00:00,0.03400558,0.020375181,0.9456192,0.19202657,0.46965864,0.3383148,-0.15802099,-0.44928345,0.0115045905,-0.015067423560723941
CAT,Caterpillar Inc.,2015,1,2015-04-23 14:20:00,0.026680678,0.030836286,0.94248307,0.16803798,0.47725654,0.35470548,-0.1413573,-0.44642025,0.009463782,0.03433346618496827
CAT,Caterpillar Inc.,2016,4,2017-01-26 11:00:00,0.02933765,0.03387212,0.9367902,0.13638024,0.5065266,0.35709321,-0.10704259,-0.47265446,0.010476276,-0.03700277231111594
CAT,Caterpillar Inc.,2016,3,2016-10-25 11:00:00,0.035023954,0.02842405,0.936552,0.14802156,0.4048168,0.44716164,-0.11299761,-0.37639275,0.015661368,-0.02519819050305518
CAT,Caterpillar Inc.,2017,4,2018-01-25 11:00:00,0.02322354,0.03647328,0.94030315,0.52571195,0.06343167,0.41085625,-0.50248843,-0.026958391,0.009541537,-0.030752489796909366
CAT,Caterpillar Inc.,2017,3,2017-10-24 11:00:00,0.02921215,0.037868857,0.932919,0.47674498,0.13917701,0.38407803,-0.44753283,-0.10130815,0.0112197455,0.027280343812897248
CAT,Caterpillar Inc.,2017,2,2017-07-25 11:00:00,0.034569953,0.031139921,0.9342901,0.49652898,0.1961673,0.3073037,-0.46195903,-0.16502738,0.010623475,0.04287217112222891
CAT,Caterpillar Inc.,2017,1,2017-04-26 11:00:00,0.028686505,0.029884154,0.9414293,0.4780571,0.12117548,0.40076748,-0.4493706,-0.09129133,0.011496618,-0.027379848070425625
CAT,Caterpillar Inc.,2016,2,2016-07-26 11:00:00,0.03818234,0.024624277,0.9371934,0.22493145,0.38977987,0.38528866,-0.1867491,-0.36515558,0.014711223,0.03768563262083861
CAT,Caterpillar Inc.,2016,1,2016-04-22 14:30:00,0.03315592,0.026550405,0.94029367,0.15231971,0.34880185,0.49887848,-0.1191638,-0.32225144,0.016540775,0.0005670030016723324
CAT,Caterpillar Inc.,2018,4,2019-01-28 11:00:00,0.033465676,0.020385347,0.9461489,0.5001003,0.209314,0.2905856,-0.46663463,-0.18892866,0.009724644,-0.06625155158011027
CAT,Caterpillar Inc.,2018,3,2018-10-23 11:00:00,0.027175168,0.03174399,0.9410808,0.49862602,0.052077062,0.44929686,-0.47145087,-0.020333074,0.012209717,-0.06082615003619629
CAT,Caterpillar Inc.,2018,2,2018-07-30 11:00:00,0.018334614,0.061998438,0.9196669,0.45488575,0.07698458,0.46812966,-0.43655112,-0.014986139,0.008582977,-0.03280853043776971
CAT,Caterpillar Inc.,2018,1,2018-04-24 11:00:00,0.024234485,0.028556265,0.94720924,0.54806024,0.06237304,0.38956663,-0.52382576,-0.033816773,0.009440946,-0.05634624126853731
CAT,Caterpillar Inc.,2019,3,2019-10-23 08:30:00,0.32859904,0.54414755,0.12725347,0.18573715,0.24597557,0.56828725,0.14286189,0.298172,0.18673864,0.03279283088468096
CHRW,"C.H. Robinson Worldwide, Inc.",2015,4,2016-02-03 08:30:00,0.029117092,0.02089224,0.94999063,0.34277225,0.13215995,0.5250678,-0.31365514,-0.11126771,0.015288448,0.10801651630195863
CHRW,"C.H. Robinson Worldwide, Inc.",2015,3,2015-10-28 08:30:00,0.02981527,0.020920454,0.94926435,0.44195664,0.10234796,0.4556955,-0.41214138,-0.08142751,0.013586684,-0.03591765191090171
CHRW,"C.H. Robinson Worldwide, Inc.",2015,2,2015-07-29 08:30:00,0.029117092,0.02089224,0.94999063,0.39870277,0.04799975,0.5532975,-0.3695857,-0.02710751,0.016110415,0.05050073856296568
CHRW,"C.H. Robinson Worldwide, Inc.",2015,1,2015-04-28 08:30:00,0.028676316,0.022018276,0.9493055,0.39618814,0.10336391,0.5004479,-0.3675118,-0.08134563,0.014351003,-0.06257406455001324
CHRW,"C.H. Robinson Worldwide, Inc.",2016,4,2017-02-01 08:30:00,0.028807359,0.02472564,0.946467,0.30562946,0.19443673,0.4999338,-0.2768221,-0.16971108,0.014401773,-0.006012995924591171
CHRW,"C.H. Robinson Worldwide, Inc.",2016,3,2016-10-26 08:30:00,0.022336373,0.029122148,0.9485415,0.29578352,0.3172387,0.38697776,-0.27344716,-0.28811654,0.008643679,0.007128712562855622
CHRW,"C.H. Robinson Worldwide, Inc.",2016,2,2016-07-27 08:30:00,0.029844768,0.02343024,0.9467251,0.30070654,0.16739145,0.53190196,-0.27086177,-0.1439612,0.01587449,-0.0439529000313582
CHRW,"C.H. Robinson Worldwide, Inc.",2016,1,2016-04-27 08:30:00,0.037510406,0.029366571,0.933123,0.36362937,0.13160732,0.50476336,-0.32611898,-0.102240756,0.01893388,-0.033036700049113694
CHRW,"C.H. Robinson Worldwide, Inc.",2017,3,2017-11-01 08:30:00,0.022336373,0.029122148,0.9485415,0.33980706,0.22578515,0.43440774,-0.3174707,-0.196663,0.009703093,0.019316596088446446
CHRW,"C.H. Robinson Worldwide, Inc.",2017,1,2017-04-26 08:30:00,0.022336373,0.029122148,0.9485415,0.24171813,0.24303244,0.5152494,-0.21938175,-0.2139103,0.011508802,-0.06311924357688163
CHRW,"C.H. Robinson Worldwide, Inc.",2018,3,2018-10-31 08:30:00,0.021388933,0.028258765,0.95035225,0.56047446,0.103424616,0.33610103,-0.5390855,-0.07516585,0.007188842,-0.01970809540832938
CHRW,"C.H. Robinson Worldwide, Inc.",2018,2,2018-08-01 08:30:00,0.021388933,0.028258765,0.95035225,0.53937036,0.16448171,0.29614788,-0.5179814,-0.13622294,0.006334287,0.0269312540068686
CHRW,"C.H. Robinson Worldwide, Inc.",2018,1,2018-05-02 08:30:00,0.021388933,0.028258765,0.95035225,0.49347383,0.10790493,0.39862126,-0.47208488,-0.07964617,0.008526083,-0.09517859519645627
CMI,Cummins Inc.,2015,4,2015-11-11 10:00:00,0.033804,0.02825032,0.9379458,0.45026985,0.23467092,0.3150593,-0.41646585,-0.2064206,0.010650264,-0.04322113176909008
CMI,Cummins Inc.,2015,3,2015-07-30 09:00:00,0.026425065,0.027748635,0.9458263,0.45320743,0.123686746,0.42310587,-0.42678237,-0.09593811,0.0111806,-0.011858796998269272
CMI,Cummins Inc.,2015,2,2015-04-29 09:00:00,0.03940404,0.019595876,0.94100004,0.51996595,0.2028817,0.27715233,-0.4805619,-0.18328582,0.010920921,0.031448270267081045
CMI,Cummins Inc.,2015,1,2015-01-28 09:00:00,0.025667485,0.030196056,0.94413656,0.2724748,0.25410187,0.47342333,-0.2468073,-0.22390582,0.012151586,0.007391214658693331
CMI,Cummins Inc.,2016,4,2017-02-09 10:00:00,0.057426542,0.0159439,0.9266296,0.19155906,0.10703929,0.70140177,-0.13413252,-0.09109539,0.04027908,0.021717254938453362
CMI,Cummins Inc.,2016,3,2016-08-03 10:00:00,0.0288224,0.024021577,0.9471561,0.45348242,0.2389862,0.30753136,-0.42466003,-0.21496461,0.008863792,0.03299801200217964
CMI,Cummins Inc.,2016,2,2016-05-04 12:45:00,0.032037646,0.031023502,0.9369388,0.33334368,0.34571928,0.32093704,-0.30130604,-0.31469578,0.010282067,-0.033243191492648066
CMI,Cummins Inc.,2016,1,2016-02-03 11:00:00,0.030519508,0.024556125,0.9449244,0.3770259,0.28157744,0.3413967,-0.3465064,-0.2570213,0.010419259,0.10961298025651353
CMI,Cummins Inc.,2017,4,2017-11-15 10:00:00,0.03053362,0.03343142,0.93603486,0.61648005,0.049073298,0.33444664,-0.58594644,-0.01564188,0.010211866,-0.034647886141125704
CMI,Cummins Inc.,2017,3,2017-08-05 10:00:00,0.7971199,0.04457007,0.15831001,0.25333843,0.10148437,0.64517725,0.5437815,-0.056914303,0.51428366,-0.020038439868858907
CMI,Cummins Inc.,2017,2,2017-05-03 10:00:00,0.02592548,0.02878917,0.94528526,0.4455504,0.20649032,0.34795925,-0.41962492,-0.17770115,0.00902101,-0.011759013178777885
CMI,Cummins Inc.,2017,1,2017-05-02 10:00:00,0.05588876,0.016197864,0.92791337,0.24566974,0.034819894,0.71951026,-0.18978098,-0.01862203,0.040212538,0.038826954670908416
CMI,Cummins Inc.,2018,4,2018-11-14 09:00:00,0.029511442,0.023975177,0.9465135,0.5577266,0.06502196,0.3772514,-0.52821517,-0.041046783,0.011133232,0.03798106605648312
CMI,Cummins Inc.,2018,3,2018-08-01 09:00:00,0.025042506,0.023875967,0.95108145,0.67204064,0.08300822,0.2449511,-0.6469981,-0.059132256,0.006134189,-0.018765206512416917
CMI,Cummins Inc.,2018,2,2018-05-06 09:00:00,0.84088117,0.01664355,0.1424753,0.4612305,0.023817744,0.51495177,0.37965068,-0.007174194,0.43301323,-0.022833195769862605
CMI,Cummins Inc.,2018,1,2018-05-01 11:00:00,0.025372434,0.03162157,0.943006,0.42581546,0.14962146,0.42456293,-0.40044302,-0.11799988,0.010772195,-0.09577734405783658
CPRT,"Copart, Inc.",2018,4,2018-09-19 11:00:00,0.53453004,0.14983378,0.31563616,0.23130345,0.050212905,0.7184836,0.3032266,0.09962088,0.38405108,-0.19567823501213408
CPRT,"Copart, Inc.",2018,3,2018-05-25 11:00:00,0.65646046,0.13795634,0.20558324,0.3268378,0.026101612,0.6470606,0.32962266,0.111854725,0.42476967,0.05749813161182182
CPRT,"Copart, Inc.",2018,2,2018-02-26 11:00:00,0.66952205,0.06402555,0.26645243,0.20072225,0.02616288,0.7731149,0.4687998,0.037862673,0.51761746,0.025203199874378458
CPRT,"Copart, Inc.",2018,1,2017-11-22 11:00:00,0.653107,0.106313445,0.2405796,0.26830253,0.049949933,0.68174756,0.38480446,0.05636351,0.4452541,0.15734170516597873
CPRT,"Copart, Inc.",2019,4,2019-09-05 11:00:00,0.26886407,0.079614185,0.65152174,0.14788584,0.041600533,0.8105135,0.12097822,0.038013652,0.21791795,0.04455594207184038
CPRT,"Copart, Inc.",2019,3,2019-05-23 09:00:00,0.7047114,0.098141655,0.197147,0.11744098,0.023416337,0.85914266,0.5872704,0.074725315,0.6054476,0.13974134376945657
CPRT,"Copart, Inc.",2019,2,2019-02-21 11:00:00,0.539825,0.09793019,0.3622448,0.17714489,0.04836514,0.77448994,0.36268014,0.049565054,0.41808906,0.09712099773150233
CPRT,"Copart, Inc.",2019,1,2018-11-21 11:00:00,0.43115285,0.1406007,0.4282464,0.20196939,0.03309616,0.7649345,0.22918347,0.10750453,0.32980368,0.056931054553734844
CSX,CSX Corporation,2015,4,2016-01-13 08:30:00,0.2761668,0.5554424,0.1683908,0.18040277,0.22367096,0.5959263,0.095764026,0.33177143,0.16457506,-0.020592949873052116
CSX,CSX Corporation,2015,3,2015-10-14 08:30:00,0.22756855,0.5316729,0.24075858,0.3228891,0.14878596,0.52832496,-0.09532054,0.38288695,0.120230146,-0.015550789819598412
CSX,CSX Corporation,2015,2,2015-07-15 08:30:00,0.2536728,0.5215386,0.22478846,0.3418195,0.18459605,0.47358435,-0.08814669,0.33694255,0.12013547,-0.018056300799324018
CSX,CSX Corporation,2015,1,2015-04-15 08:30:00,0.43778202,0.31687903,0.24533899,0.16472903,0.17224456,0.6630264,0.273053,0.14463447,0.29026103,0.08605694738590895
CSX,CSX Corporation,2017,4,2018-01-17 16:30:00,0.024058932,0.032922104,0.9430189,0.21765526,0.14522563,0.63711905,-0.19359632,-0.112303525,0.0153284045,-0.03995944906071187
CSX,CSX Corporation,2017,3,2017-10-17 08:30:00,0.025419356,0.034965016,0.9396157,0.25874934,0.08853262,0.65271807,-0.23332998,-0.053567603,0.016591674,0.023706344350624922
CSX,CSX Corporation,2017,2,2017-07-19 08:30:00,0.028228244,0.03424505,0.93752664,0.15930402,0.12154716,0.7191488,-0.13107578,-0.08730211,0.020300308,-0.054216310364697394
CSX,CSX Corporation,2017,1,2017-04-20 08:30:00,0.4726171,0.13617627,0.39120668,0.13906409,0.03456715,0.8263687,0.33355302,0.101609126,0.39055598,0.07041129508893043
CSX,CSX Corporation,2016,4,2017-01-18 08:30:00,0.52928984,0.29994297,0.17076722,0.25690955,0.068996534,0.6740938,0.2723803,0.23094644,0.356791,0.2412203636854037
CSX,CSX Corporation,2016,3,2016-10-13 08:30:00,0.22360082,0.5845993,0.1917999,0.3059283,0.118229344,0.57584244,-0.08232747,0.46637,0.12875885,0.003293728928792665
CSX,CSX Corporation,2016,2,2016-07-14 13:45:00,0.17600997,0.6086731,0.21531695,0.2917476,0.17823626,0.5300161,-0.11573763,0.43043685,0.09328812,-0.0013109840501395222
CSX,CSX Corporation,2016,1,2016-04-13 08:30:00,0.19523032,0.5071473,0.29762244,0.17041606,0.35249603,0.47708786,0.024814263,0.15465128,0.09314202,0.04149354353568114
CSX,CSX Corporation,2018,3,2018-10-17 16:30:00,0.5622455,0.20993784,0.22781661,0.2294817,0.052078094,0.7184402,0.3327638,0.15785974,0.40393975,-0.024201746467453614
CSX,CSX Corporation,2018,2,2018-07-18 16:30:00,0.600371,0.1836931,0.21593581,0.2215377,0.04084131,0.73762095,0.3788333,0.14285178,0.44284624,0.019641689702882423
CSX,CSX Corporation,2018,1,2018-04-18 16:30:00,0.5185035,0.3105525,0.17094399,0.18375,0.08252379,0.73372626,0.33475348,0.22802871,0.38043964,-0.013616806268056027
CTAS,Cintas Corporation,2015,4,2015-07-16 17:00:00,0.4649942,0.16531841,0.36968738,0.20477065,0.07382988,0.7213994,0.26022354,0.09148853,0.33544654,-0.00814003194416301
CTAS,Cintas Corporation,2015,3,2015-03-18 17:00:00,0.16697931,0.40273142,0.43028927,0.22840285,0.059394307,0.7122029,-0.06142354,0.34333712,0.11892315,-0.03773214722566884
CTAS,Cintas Corporation,2015,2,2014-12-18 17:00:00,0.37238845,0.35061297,0.2769986,0.31373024,0.086843506,0.5994263,0.058658212,0.26376945,0.22321944,0.05396325822635782
CTAS,Cintas Corporation,2015,1,2014-09-29 17:00:00,0.23469101,0.4352349,0.33007413,0.350663,0.043578338,0.6057587,-0.115972,0.39165658,0.14216612,0.06359123769079617
CTAS,Cintas Corporation,2016,4,2016-07-19 17:00:00,0.42336288,0.32478902,0.25184807,0.33778086,0.08315089,0.5790683,0.08558202,0.24163812,0.24515602,0.10689737110879095
CTAS,Cintas Corporation,2016,3,2016-03-22 17:00:00,0.5937445,0.22802864,0.17822681,0.21186613,0.072217345,0.7159165,0.38187838,0.1558113,0.4250715,-0.010825850547744946
CTAS,Cintas Corporation,2016,2,2015-12-21 17:00:00,0.54998845,0.21397476,0.23603673,0.24381585,0.06515566,0.69102854,0.3061726,0.14881909,0.38005772,0.013080344597342947
CTAS,Cintas Corporation,2016,1,2015-09-24 17:00:00,0.24873683,0.06947336,0.6817899,0.71532947,0.011410227,0.27326033,-0.46659264,0.058063135,0.0679699,-0.008037751618194002
CTAS,Cintas Corporation,2017,4,2017-07-21 17:00:00,0.6649767,0.22624508,0.10877818,0.14840478,0.083767764,0.76782745,0.51657194,0.1424773,0.5105874,-0.024955269770215248
CTAS,Cintas Corporation,2017,3,2017-03-22 17:00:00,0.5670692,0.21133389,0.22159694,0.25900456,0.11435082,0.6266446,0.3080646,0.09698307,0.35535085,0.012635383389810856
CTAS,Cintas Corporation,2017,2,2016-12-22 17:00:00,0.64094406,0.20005874,0.15899718,0.22591011,0.0754733,0.6986166,0.41503394,0.12458544,0.44777417,-0.030008942757362038
CTAS,Cintas Corporation,2017,1,2016-09-27 17:00:00,0.47231153,0.1383837,0.38930482,0.16261007,0.029959083,0.8074308,0.30970144,0.10842462,0.38135886,-0.022035682194613878
CTAS,Cintas Corporation,2018,4,2018-07-19 17:00:00,0.5838314,0.121762335,0.2944062,0.21794868,0.032968003,0.7490834,0.36588275,0.088794336,0.43733844,0.053491780072423355
CTAS,Cintas Corporation,2018,3,2018-03-22 00:00:00,0.5923032,0.08701789,0.32067886,0.25379273,0.070118785,0.6760885,0.33851048,0.016899101,0.4004494,0.010564149147761864
CTAS,Cintas Corporation,2018,2,2017-12-21 17:00:00,0.5217156,0.17435917,0.30392525,0.19957258,0.078975916,0.7214515,0.32214302,0.09538326,0.3763925,-0.021725242269453705
CTAS,Cintas Corporation,2018,1,2017-09-26 17:00:00,0.56788456,0.2925726,0.13954288,0.3833964,0.08507918,0.5315245,0.18448818,0.20749341,0.30184454,0.06517683298065113
CTAS,Cintas Corporation,2019,4,2019-07-16 17:00:00,0.4430303,0.14636509,0.41060466,0.38245714,0.03445427,0.5830886,0.06057316,0.11191082,0.2583259,0.08867734235453612
CTAS,Cintas Corporation,2019,3,2019-03-21 17:00:00,0.5388997,0.2295503,0.23154992,0.2066977,0.12301332,0.67028904,0.33220202,0.106536984,0.36121857,-0.021704007239308168
CTAS,Cintas Corporation,2019,2,2018-12-20 17:00:00,0.5610147,0.16472948,0.27425584,0.3169389,0.0561706,0.6268906,0.2440758,0.10855888,0.35169485,0.040294947652493265
CTAS,Cintas Corporation,2019,1,2018-09-25 17:00:00,0.46236688,0.27862912,0.25900406,0.37865528,0.056622304,0.5647224,0.083711594,0.22200683,0.26110893,-0.08286422152578497
DAL,"Delta Air Lines, Inc.",2015,4,2016-01-19 10:00:00,0.035836607,0.031451337,0.9327121,0.38628948,0.21843313,0.3952774,-0.35045287,-0.1869818,0.014165401,0.023788380967223223
DAL,"Delta Air Lines, Inc.",2015,3,2015-10-14 10:00:00,0.024005786,0.033983625,0.9420106,0.4023226,0.17259824,0.42507917,-0.37831682,-0.13861462,0.010204359,0.028215673101132762
DAL,"Delta Air Lines, Inc.",2015,2,2015-07-15 10:00:00,0.032602057,0.023646552,0.9437514,0.41514528,0.18377744,0.4010772,-0.3825432,-0.16013089,0.013075942,0.03326484130722263
DAL,"Delta Air Lines, Inc.",2015,1,2015-04-15 10:00:00,0.514687,0.32122278,0.16409022,0.053361494,0.016779771,0.92985874,0.4613255,0.304443,0.4785862,0.07430052392858905
DAL,"Delta Air Lines, Inc.",2016,4,2017-01-12 10:00:00,0.025742386,0.03388457,0.94037306,0.37247908,0.18062823,0.44689265,-0.3467367,-0.14674366,0.011504083,-0.016511383576232847
DAL,"Delta Air Lines, Inc.",2016,3,2016-10-13 10:00:00,0.37470993,0.38162166,0.24366844,0.12780112,0.11405692,0.75814193,0.24690881,0.26756474,0.2840833,0.05475764489509809
DAL,"Delta Air Lines, Inc.",2016,2,2016-07-14 10:00:00,0.34281003,0.44419685,0.2129931,0.19197482,0.332708,0.47531718,0.15083522,0.11148885,0.1629435,-0.03220790000647168
DAL,"Delta Air Lines, Inc.",2016,1,2016-04-14 10:00:00,0.026567787,0.037375346,0.9360568,0.34606406,0.16940862,0.48452732,-0.31949627,-0.13203327,0.012872819,-0.0682555310187769
DAL,"Delta Air Lines, Inc.",2017,4,2018-01-11 10:00:00,0.026686529,0.032018762,0.9412947,0.47644246,0.033559587,0.48999792,-0.44975594,-0.0015408248,0.013076344,0.051707326401080014
DAL,"Delta Air Lines, Inc.",2017,3,2017-10-11 10:00:00,0.025417414,0.038470615,0.936112,0.48760045,0.074476734,0.43792275,-0.46218303,-0.03600612,0.011130864,-0.001127573876705768
DAL,"Delta Air Lines, Inc.",2017,2,2017-07-13 10:00:00,0.036508605,0.020190518,0.9433008,0.47938594,0.087409176,0.43320474,-0.44287735,-0.06721866,0.015815701,-0.06012557942263357
DAL,"Delta Air Lines, Inc.",2017,1,2017-04-12 10:00:00,0.6200071,0.094199024,0.28579378,0.17922479,0.14734262,0.67343247,0.4407823,-0.0531436,0.41753292,0.013256284107293079
DAL,"Delta Air Lines, Inc.",2018,3,2018-10-11 10:00:00,0.021775965,0.040958095,0.93726593,0.55052465,0.024547515,0.42492792,-0.5287487,0.01641058,0.009253215,0.07486573603239935
DAL,"Delta Air Lines, Inc.",2018,2,2018-07-12 10:00:00,0.023948502,0.042243313,0.93380815,0.5144123,0.054991197,0.43059644,-0.4904638,-0.012747884,0.01031214,0.052418568110357895
DAL,"Delta Air Lines, Inc.",2018,1,2018-04-12 13:15:00,0.024582164,0.036797613,0.93862015,0.5713565,0.037135616,0.3915079,-0.5467743,-0.00033800304,0.0096241115,0.050663989762978784
DE,Deere & Company,2015,4,2015-11-25 10:00:00,0.02560228,0.03297477,0.9414229,0.22473824,0.6736386,0.10162318,-0.19913596,-0.6406638,0.002601785,0.044591373753960994
DE,Deere & Company,2015,3,2015-08-21 10:00:00,0.02299166,0.035978884,0.9410295,0.10838833,0.4903725,0.4012392,-0.08539667,-0.45439363,0.009225154,-0.06721872167318
DE,Deere & Company,2015,2,2015-05-22 10:00:00,0.033649072,0.02933852,0.9370125,0.17868526,0.39241168,0.42890304,-0.14503619,-0.36307317,0.014432189,0.044506151640491
DE,Deere & Company,2015,1,2015-02-20 10:00:00,0.025237719,0.029810086,0.9449522,0.22450335,0.3185201,0.4569766,-0.19926563,-0.28871,0.011533047,-0.01546485893406618
DE,Deere & Company,2016,4,2016-11-23 10:00:00,0.07156826,0.7132473,0.21518439,0.19617797,0.16077492,0.6430471,-0.124609716,0.55247235,0.04602176,0.12156668755524
DE,Deere & Company,2016,3,2016-08-19 10:00:00,0.024551604,0.03434531,0.9411031,0.17906246,0.5666587,0.25427896,-0.15451086,-0.53231335,0.006242956,0.1355932131349418
DE,Deere & Company,2016,2,2016-05-20 10:00:00,0.026783768,0.024949363,0.9482669,0.1292125,0.42515177,0.44563574,-0.102428734,-0.4002024,0.011935804,-0.05020743795879092
DE,Deere & Company,2016,1,2016-02-19 10:00:00,0.032015514,0.02481709,0.9431674,0.20188172,0.32493216,0.47318608,-0.1698662,-0.30011508,0.015149295,-0.026463424050871733
DE,Deere & Company,2017,4,2017-11-22 10:00:00,0.023376204,0.032722406,0.9439015,0.4257416,0.21811438,0.35614398,-0.40236542,-0.18539196,0.008325295,0.05766828232202081
DE,Deere & Company,2017,3,2017-08-18 10:00:00,0.023792638,0.03609359,0.9401138,0.3221201,0.25329083,0.4245891,-0.29832748,-0.21719724,0.010102094,-0.07102203626317306
DE,Deere & Company,2017,2,2017-05-19 10:00:00,0.026174925,0.030926907,0.9428982,0.41800195,0.17434862,0.40764946,-0.39182702,-0.14342171,0.010670194,0.06864217097858917
DE,Deere & Company,2017,1,2017-02-17 10:00:00,0.0275441,0.033663776,0.9387921,0.3289363,0.21007274,0.460991,-0.3013922,-0.17640896,0.012697582,-0.006483954237997825
DE,Deere & Company,2018,4,2018-11-21 10:00:00,0.028241782,0.027678626,0.9440796,0.4536148,0.08358242,0.46280277,-0.42537302,-0.0559038,0.013070375,0.04635622421441912
DE,Deere & Company,2018,3,2018-08-17 10:00:00,0.028705312,0.027751561,0.94354314,0.5298315,0.0875823,0.3825862,-0.5011262,-0.059830736,0.010982256,0.041980694959447735
DE,Deere & Company,2018,2,2018-05-18 10:00:00,0.025575135,0.031696927,0.94272804,0.42047757,0.14480545,0.43471697,-0.39490244,-0.113108516,0.011117945,0.08259112023371987
DE,Deere & Company,2018,1,2018-02-16 10:00:00,0.03137307,0.027882198,0.94074476,0.44479367,0.106249735,0.44895658,-0.41342062,-0.07836754,0.014085146,-0.013824637453803227
DOV,Dover Corporation,2015,4,2016-01-26 10:00:00,0.024239458,0.035519484,0.9402411,0.24904497,0.44078988,0.3101651,-0.2248055,-0.4052704,0.007518234,0.057038707345918795
DOV,Dover Corporation,2015,3,2015-10-20 10:00:00,0.031066127,0.025439607,0.9434942,0.22652867,0.3368773,0.4365941,-0.19546255,-0.31143767,0.013563287,0.06628620472331105
DOV,Dover Corporation,2015,2,2015-07-21 10:00:00,0.03237191,0.027295366,0.9403328,0.1908471,0.38001218,0.4291407,-0.15847519,-0.3527168,0.013892103,-0.014460917698909777
DOV,Dover Corporation,2015,1,2015-04-21 10:00:00,0.027639449,0.02940986,0.94295067,0.17493722,0.3924485,0.43261424,-0.14729777,-0.36303866,0.011957219,0.030565360890676956
DOV,Dover Corporation,2016,4,2017-01-26 10:00:00,0.028487304,0.0322197,0.9392929,0.32387355,0.19089814,0.48522827,-0.29538625,-0.15867844,0.013822845,-0.037307450044365406
DOV,Dover Corporation,2016,3,2016-10-19 10:00:00,0.025974058,0.035600323,0.9384256,0.1935582,0.45895737,0.3474844,-0.16758415,-0.42335704,0.00902558,0.015477660310269778
DOV,Dover Corporation,2016,2,2016-07-21 10:00:00,0.029192263,0.030422399,0.94038534,0.26261538,0.33615574,0.40122885,-0.23342311,-0.30573335,0.011712778,-0.016981568393023627
DOV,Dover Corporation,2016,1,2016-04-21 10:00:00,0.022784313,0.03921478,0.9380008,0.12658443,0.38882175,0.48459378,-0.10380011,-0.34960696,0.011041136,-0.013311139622533554
DOV,Dover Corporation,2017,4,2018-01-30 10:00:00,0.025069645,0.032477695,0.94245267,0.38721466,0.061215162,0.5515702,-0.362145,-0.028737467,0.0138276685,0.018373231256718782
DOV,Dover Corporation,2017,3,2017-10-19 10:00:00,0.026790231,0.030734355,0.94247544,0.40552777,0.13462648,0.4598457,-0.37873754,-0.103892125,0.012319373,0.03132817672951973
DOV,Dover Corporation,2017,2,2017-07-20 10:00:00,0.028346902,0.03261747,0.9390356,0.4495109,0.07856151,0.47192755,-0.421164,-0.04594404,0.013377684,-0.016370275981305357
DOV,Dover Corporation,2017,1,2017-04-20 10:00:00,0.024983251,0.030805154,0.9442116,0.5652479,0.069597244,0.3651549,-0.54026467,-0.03879209,0.009122756,-0.01684643467959799
DOV,Dover Corporation,2018,3,2018-10-18 10:00:00,0.02363778,0.029308615,0.9470535,0.3063768,0.16542266,0.5282004,-0.28273904,-0.13611405,0.012485485,0.03069048442170354
DOV,Dover Corporation,2018,2,2018-07-19 10:00:00,0.027144985,0.02498435,0.9478707,0.22464214,0.13728428,0.6380737,-0.19749716,-0.11229993,0.0173205,0.08741141231965201
DOV,Dover Corporation,2018,1,2018-04-27 22:00:00,0.026618095,0.03420226,0.93917966,0.33311555,0.11498156,0.5519029,-0.30649745,-0.0807793,0.014690604,-0.03017763059502937
DOV,Dover Corporation,2019,4,2020-01-30 10:00:00,0.77624595,0.123233445,0.100520626,0.13945834,0.15860592,0.7019357,0.6367876,-0.035372473,0.5448747,-0.006215240094089237
EFX,Equifax Inc.,2015,4,2016-02-11 08:30:00,0.74629986,0.051298965,0.2024012,0.21469109,0.021074105,0.76423484,0.53160876,0.03022486,0.5703484,0.032854552025333876
EFX,Equifax Inc.,2015,3,2015-10-22 08:30:00,0.6530954,0.07547636,0.2714283,0.21074413,0.021136964,0.7681189,0.44235128,0.0543394,0.5016549,-0.02772795115030214
EFX,Equifax Inc.,2015,2,2015-07-23 08:30:00,0.64136505,0.052275684,0.30635932,0.25667542,0.026739538,0.716585,0.38468963,0.025536146,0.45959255,0.03620013978829169
EFX,Equifax Inc.,2016,4,2017-02-09 08:30:00,0.72384703,0.05608181,0.2200712,0.27148384,0.068532884,0.6599833,0.4523632,-0.012451075,0.47772694,0.04218635711961165
EFX,Equifax Inc.,2016,3,2016-10-27 08:30:00,0.745983,0.08903587,0.16498114,0.1859198,0.032306015,0.78177416,0.5600632,0.056729853,0.58319026,-0.020865667728498332
EFX,Equifax Inc.,2016,2,2016-07-31 08:30:00,0.7281142,0.080935396,0.19095041,0.22416419,0.05683791,0.71899796,0.50395,0.024097487,0.5235126,-0.011657798818389305
EFX,Equifax Inc.,2016,1,2016-05-01 08:30:00,0.59221643,0.2078522,0.19993143,0.2898649,0.027310543,0.68282455,0.30235153,0.18054166,0.40437993,0.009187939043522383
EFX,Equifax Inc.,2017,4,2018-03-03 08:00:00,0.29540697,0.3292069,0.3753861,0.19853249,0.09242762,0.7090398,0.096874475,0.2367793,0.2094553,0.03451696317570438
EFX,Equifax Inc.,2017,3,2017-11-13 08:30:00,0.26872858,0.379406,0.35186535,0.12603526,0.08356295,0.7904018,0.14269333,0.29584306,0.21240357,0.020017907849442483
EFX,Equifax Inc.,2017,2,2017-07-30 08:30:00,0.6813817,0.16726752,0.15135081,0.32325083,0.045321736,0.63142735,0.35813087,0.12194578,0.43024305,-0.0009440094576429457
EFX,Equifax Inc.,2017,1,2017-04-29 08:30:00,0.69915164,0.15132871,0.14951959,0.4254585,0.022991704,0.5515498,0.27369314,0.12833701,0.38561693,0.007822750426766202
EFX,Equifax Inc.,2019,4,2020-02-13 08:30:00,0.54037213,0.1673903,0.29223758,0.23232934,0.082065724,0.68560493,0.3080428,0.08532458,0.3704818,0.044762442627907684
EFX,Equifax Inc.,2019,3,2019-10-24 09:30:00,0.548201,0.26732072,0.18447825,0.29158723,0.034912024,0.67350066,0.2566138,0.2324087,0.36921376,-0.030082376284780422
EFX,Equifax Inc.,2019,2,2019-07-25 08:30:00,0.4895502,0.29763705,0.21281274,0.4018957,0.03838079,0.5597235,0.0876545,0.25925624,0.27401274,-0.006613657675320201
EFX,Equifax Inc.,2019,1,2019-05-10 08:30:00,0.31862035,0.46440455,0.2169751,0.24305592,0.021711623,0.7352324,0.07556443,0.44269294,0.23426001,0.021371064838875548
EFX,Equifax Inc.,2018,4,2019-02-21 08:30:00,0.27083707,0.33108363,0.39807937,0.23760855,0.06919889,0.6931926,0.033228517,0.26188475,0.18774225,0.01283783317981936
EFX,Equifax Inc.,2018,3,2018-10-25 08:30:00,0.53471446,0.31906983,0.14621566,0.30586305,0.09535971,0.5987772,0.22885141,0.22371012,0.3201748,-0.12378651977867061
EFX,Equifax Inc.,2018,2,2018-07-26 08:30:00,0.41314536,0.36349332,0.22336133,0.2571907,0.0298094,0.71299994,0.15595466,0.3336839,0.29457262,-0.008411883301748838
EFX,Equifax Inc.,2018,1,2018-04-26 08:30:00,0.24944256,0.43887493,0.31168243,0.27187964,0.050384935,0.67773545,-0.02243708,0.38849,0.16905607,-0.057584645311779654
EMR,Emerson Electric Co.,2015,4,2015-11-03 14:00:00,0.034859963,0.026750736,0.9383893,0.16453505,0.34654316,0.48892185,-0.12967509,-0.31979242,0.017043797,0.008843764161456893
EMR,Emerson Electric Co.,2015,3,2015-08-04 14:00:00,0.033096485,0.03390564,0.9329979,0.17508593,0.43609795,0.38881618,-0.14198944,-0.4021923,0.012868449,-0.04009764024338162
EMR,Emerson Electric Co.,2015,2,2015-05-05 14:00:00,0.030067222,0.030579686,0.93935305,0.22563672,0.28818166,0.48618168,-0.1955695,-0.25760198,0.014618132,0.018867630531961294
EMR,Emerson Electric Co.,2015,1,2015-02-03 14:00:00,0.029117173,0.033372186,0.9375106,0.24054638,0.2499256,0.5095281,-0.21142921,-0.21655342,0.014836018,-0.03939452987717232
EMR,Emerson Electric Co.,2016,4,2016-11-01 14:00:00,0.0349444,0.02567332,0.9393822,0.1951984,0.25770435,0.54709715,-0.160254,-0.23203103,0.019117981,0.01625934531570406
EMR,Emerson Electric Co.,2016,3,2016-08-02 14:00:00,0.036443084,0.027625043,0.9359318,0.18612617,0.18898974,0.624884,-0.14968309,-0.1613647,0.022772701,-0.031016209426674254
EMR,Emerson Electric Co.,2016,2,2016-05-03 14:00:00,0.033996575,0.02813464,0.9378687,0.25693542,0.27088758,0.47217697,-0.22293884,-0.24275294,0.016052399,-0.03239475933924676
EMR,Emerson Electric Co.,2016,1,2016-02-02 14:00:00,0.025682194,0.033504482,0.94081336,0.10036987,0.30577257,0.5938576,-0.074687675,-0.2722681,0.015251566,0.07593632726073693
EMR,Emerson Electric Co.,2017,4,2017-11-08 15:00:00,0.02737663,0.03242585,0.9401975,0.43588307,0.079080455,0.4850365,-0.40850645,-0.046654604,0.013278664,-0.0452829854670668
EMR,Emerson Electric Co.,2017,3,2017-08-01 14:00:00,0.023550833,0.036161553,0.94028753,0.3626488,0.10756225,0.5297889,-0.33909795,-0.0714007,0.01247697,0.01188640532221359
EMR,Emerson Electric Co.,2017,2,2017-05-02 14:00:00,0.029575605,0.04045119,0.9299731,0.29042158,0.106112406,0.603466,-0.26084596,-0.065661214,0.017847871,-0.028774400927183776
EMR,Emerson Electric Co.,2017,1,2017-02-07 14:00:00,0.031122966,0.036079682,0.9327973,0.23592962,0.08934367,0.6747268,-0.20480666,-0.053263985,0.020999499,0.05186229629051396
EMR,Emerson Electric Co.,2019,1,2019-02-05 14:00:00,0.22640614,0.2790532,0.4945407,0.13892931,0.06705706,0.7940136,0.087476835,0.21199615,0.17976956,-0.0010795964097332347
EMR,Emerson Electric Co.,2018,4,2018-11-07 14:30:00,0.033369634,0.027547844,0.9390825,0.31385013,0.09068945,0.5954605,-0.2804805,-0.06314161,0.019870298,-0.02482791470414861
EMR,Emerson Electric Co.,2018,3,2018-08-07 14:00:00,0.02931329,0.041251678,0.92943496,0.36878127,0.05236398,0.57885486,-0.33946797,-0.011112303,0.01696814,0.04024445353283998
EMR,Emerson Electric Co.,2018,2,2018-05-02 14:00:00,0.027396714,0.031238263,0.941365,0.3478593,0.068712786,0.583428,-0.32046258,-0.03747452,0.015984012,0.02657317241987552
EMR,Emerson Electric Co.,2018,1,2018-02-06 14:00:00,0.030655198,0.032751087,0.93659383,0.3483491,0.049309533,0.6023415,-0.3176939,-0.016558446,0.018464897,0.023060864608544472
ETN,Eaton Corporation plc,2015,4,2016-02-03 10:00:00,0.022344686,0.04045747,0.93719786,0.12770432,0.39092445,0.48137113,-0.105359636,-0.350467,0.010756087,0.12280731634348394
ETN,Eaton Corporation plc,2015,3,2015-10-30 10:00:00,0.029625738,0.029219564,0.9411547,0.10128716,0.4965165,0.40219632,-0.07166142,-0.46729693,0.011915362,0.05920849076969669
ETN,Eaton Corporation plc,2015,2,2015-07-29 10:00:00,0.033357583,0.026317006,0.9403254,0.16279437,0.25950977,0.57769585,-0.12943679,-0.23319277,0.019270537,-0.024853171317911944
ETN,Eaton Corporation plc,2015,1,2015-04-29 10:00:00,0.030492555,0.036262415,0.933245,0.19647767,0.3078653,0.49565706,-0.1659851,-0.27160287,0.01511385,0.06767789885602331
ETN,Eaton Corporation plc,2016,4,2017-02-02 10:00:00,0.037822366,0.027622782,0.93455493,0.23591381,0.31266412,0.45142207,-0.19809145,-0.28504133,0.017073851,-0.019715863547695514
ETN,Eaton Corporation plc,2016,3,2016-11-01 10:00:00,0.031103149,0.024959505,0.94393736,0.17741771,0.40678608,0.41579625,-0.14631456,-0.38182658,0.0129325725,-0.009045020072881022
ETN,Eaton Corporation plc,2016,2,2016-08-02 10:00:00,0.029953485,0.030477146,0.9395694,0.2574731,0.3918829,0.35064402,-0.22751963,-0.36140576,0.010503011,0.03394644233287253
ETN,Eaton Corporation plc,2016,1,2016-04-29 10:00:00,0.029017922,0.027899005,0.9430831,0.16217202,0.29990068,0.5379273,-0.1331541,-0.27200168,0.015609533,-0.012099255588120403
ETN,Eaton Corporation plc,2017,2,2017-08-01 10:00:00,0.39589396,0.38848746,0.21561861,0.29238695,0.06345251,0.64416057,0.10350701,0.32503495,0.25501928,-0.06149295732326157
ETN,Eaton Corporation plc,2018,3,2018-10-30 11:00:00,0.029842654,0.03582683,0.9343305,0.3200186,0.05329497,0.6266865,-0.29017594,-0.017468143,0.01870199,0.016596850594719027
ETN,Eaton Corporation plc,2018,2,2018-07-31 10:00:00,0.028251275,0.03242089,0.93932784,0.43040067,0.084708124,0.48489118,-0.40214938,-0.052287236,0.013698794,0.014131905007783878
ETN,Eaton Corporation plc,2018,1,2018-05-01 10:00:00,0.026983334,0.044899434,0.92811716,0.36780855,0.11456387,0.51762754,-0.34082523,-0.06966443,0.013967317,-0.002692431575896558
ETN,Eaton Corporation plc,2019,3,2019-10-29 11:00:00,0.37780634,0.5668194,0.0553742,0.2820548,0.12593056,0.5920147,0.095751524,0.44088888,0.22366689,0.03605808316392656
FAST,Fastenal Company,2015,4,2016-01-15 10:00:00,0.09826044,0.28954402,0.6121955,0.11875308,0.22232646,0.65892047,-0.020492643,0.06721756,0.06474581,-0.03862057786475717
FAST,Fastenal Company,2015,3,2015-10-13 10:00:00,0.02587186,0.03147873,0.9426494,0.21586454,0.20872082,0.5754146,-0.18999268,-0.17724209,0.014887046,-0.05194664813961964
FAST,Fastenal Company,2015,2,2015-07-14 10:00:00,0.027944414,0.04371931,0.92833626,0.18621998,0.18273197,0.6310481,-0.15827556,-0.13901266,0.017634269,-0.04156745142896181
FAST,Fastenal Company,2015,1,2015-04-14 10:00:00,0.029540483,0.034946974,0.93551254,0.12779512,0.20703772,0.6651672,-0.098254636,-0.17209074,0.01964936,0.0286616537950472
FAST,Fastenal Company,2016,4,2017-01-18 10:00:00,0.31710202,0.41827768,0.26462033,0.16570304,0.05343151,0.7808655,0.15139897,0.36484617,0.24761403,0.03898455569590783
FAST,Fastenal Company,2016,3,2016-10-11 10:00:00,0.300745,0.28399596,0.41525903,0.1839531,0.1599812,0.6560657,0.116791904,0.12401475,0.19730848,-0.08289751227277213
FAST,Fastenal Company,2016,2,2016-07-12 10:00:00,0.2720033,0.23442027,0.4935764,0.1160164,0.15674211,0.7272415,0.15598689,0.07767816,0.19781208,-0.07682990830210415
FAST,Fastenal Company,2016,1,2016-04-12 10:00:00,0.28413263,0.35161856,0.3642488,0.10465503,0.41881752,0.47652745,0.1794776,-0.06719896,0.135397,-0.05436471870141919
FAST,Fastenal Company,2017,4,2018-01-17 10:00:00,0.024677755,0.029870048,0.9454521,0.28722146,0.20374133,0.50903726,-0.2625437,-0.17387128,0.012561897,0.003599231057121715
FAST,Fastenal Company,2017,3,2017-10-11 10:00:00,0.026946869,0.04447338,0.9285797,0.33817425,0.17719494,0.4846308,-0.31122738,-0.13272156,0.013059283,0.0758630608026807
FAST,Fastenal Company,2017,2,2017-07-12 10:00:00,0.5530591,0.15007517,0.29686576,0.17717618,0.066828124,0.75599575,0.37588292,0.08324704,0.41811034,-0.04078974304326216
FAST,Fastenal Company,2017,1,2017-04-12 10:00:00,0.5590354,0.15359609,0.28736854,0.27034217,0.08176333,0.64789456,0.28869325,0.07183276,0.362196,-0.09761774933358444
FAST,Fastenal Company,2018,3,2018-10-10 10:00:00,0.29401162,0.10135427,0.6046341,0.11297012,0.054841854,0.832188,0.18104151,0.046512417,0.24467295,-0.02904337690445522
FAST,Fastenal Company,2018,2,2018-07-11 10:00:00,0.42473766,0.12366592,0.45159644,0.20830667,0.12590154,0.6657918,0.21643099,-0.0022356138,0.28278685,0.13171586481644035
FAST,Fastenal Company,2018,1,2018-04-11 10:00:00,0.029004222,0.026687104,0.94430876,0.29381698,0.1772357,0.5289474,-0.26481277,-0.15054859,0.015341708,-0.08821019208419258
FDX,FedEx Corporation,2016,4,2016-06-22 17:00:00,0.42937556,0.1627131,0.4079114,0.27068138,0.029079657,0.7002389,0.15869418,0.13363343,0.30066547,-0.03665207841442239
FDX,FedEx Corporation,2016,3,2016-03-16 17:00:00,0.605531,0.13664153,0.2578275,0.21019809,0.048426297,0.7413756,0.39533287,0.08821523,0.4489259,0.12309853452915313
FDX,FedEx Corporation,2016,2,2015-12-16 17:00:00,0.5760773,0.14209971,0.28182298,0.16781107,0.029643606,0.80254525,0.40826622,0.1124561,0.46232808,0.011336746022232176
FDX,FedEx Corporation,2016,1,2015-09-16 08:30:00,0.3838737,0.15072063,0.46540558,0.37201542,0.11453194,0.5134527,0.0118582845,0.036188684,0.197101,-0.047325165194184206
FDX,FedEx Corporation,2017,4,2017-06-20 17:00:00,0.040103767,0.018219452,0.94167674,0.45521647,0.025148265,0.5196353,-0.4151127,-0.0069288127,0.020839334,0.037741878165037365
FDX,FedEx Corporation,2017,3,2017-03-21 17:00:00,0.59327817,0.10327885,0.30344293,0.17395161,0.05139751,0.7746509,0.41932654,0.051881343,0.45958346,-0.012094824299168918
FDX,FedEx Corporation,2017,2,2016-12-20 17:00:00,0.61244065,0.06666529,0.32089406,0.26123717,0.09457807,0.6441847,0.35120347,-0.02791278,0.3945249,-0.049855497729660025
FDX,FedEx Corporation,2017,1,2016-09-20 17:00:00,0.5505658,0.05183147,0.39760277,0.2645758,0.018752139,0.71667206,0.28598997,0.03307933,0.39457512,0.0639241429671273
FDX,FedEx Corporation,2015,4,2015-06-17 08:30:00,0.4376834,0.075301506,0.4870151,0.06878223,0.014691857,0.9165259,0.36890116,0.06060965,0.40114817,-0.05368586843550373
FDX,FedEx Corporation,2015,3,2015-03-18 08:30:00,0.60129094,0.017168742,0.3815403,0.30655867,0.034470815,0.6589705,0.29473227,-0.017302074,0.39623296,-0.05212780320747157
FDX,FedEx Corporation,2015,2,2014-12-17 08:30:00,0.57189876,0.028707152,0.39939412,0.3296523,0.06878864,0.60155904,0.24224645,-0.040081486,0.34403086,-0.042928742417285254
FDX,FedEx Corporation,2015,1,2014-09-17 23:30:00,0.7407573,0.015748356,0.24349436,0.38091758,0.022681624,0.59640086,0.3598397,-0.006933268,0.4417883,0.0018095209541862112
FDX,FedEx Corporation,2018,4,2018-06-19 17:00:00,0.03660071,0.020143671,0.9432556,0.5396425,0.019912299,0.44044524,-0.5030418,0.00023137219,0.016120609,-0.08570179624026883
FDX,FedEx Corporation,2018,3,2018-03-20 17:00:00,0.040146824,0.017571935,0.94228125,0.5044371,0.033720735,0.4618421,-0.46429026,-0.0161488,0.018541493,-0.02701629914651616
FDX,FedEx Corporation,2018,2,2017-12-19 17:00:00,0.02967115,0.026756832,0.9435721,0.43692514,0.017280845,0.545794,-0.40725398,0.009475987,0.016194336,0.021567186438933794
FDX,FedEx Corporation,2018,1,2017-09-19 17:00:00,0.03142549,0.021290107,0.9472844,0.4413276,0.06898829,0.4896842,-0.4099021,-0.047698185,0.015388566,0.018362610762462435
FDX,FedEx Corporation,2019,4,2019-06-26 17:30:00,0.42515373,0.22798274,0.3468636,0.16941758,0.048892304,0.78169006,0.25573617,0.17909044,0.33233845,-0.0134803228973782
FDX,FedEx Corporation,2019,3,2019-03-19 17:30:00,0.59156513,0.10999541,0.29843938,0.32490465,0.11815755,0.5569378,0.26666048,-0.008162141,0.329465,-0.019722856739192222
FDX,FedEx Corporation,2019,2,2018-12-18 17:30:00,0.029300464,0.023411889,0.9472876,0.3783642,0.10509478,0.516541,-0.34906375,-0.08168289,0.0151348915,-0.10715264596738017
FDX,FedEx Corporation,2019,1,2018-09-17 17:00:00,0.034990326,0.022079771,0.9429299,0.43294427,0.01813855,0.54891723,-0.39795393,0.003941221,0.019206792,-0.07390204182091016
FTV,Fortive Corporation,2016,4,2017-02-07 17:30:00,0.06856073,0.041417755,0.89002144,0.42359325,0.037951577,0.5384552,-0.35503253,0.0034661777,0.036916878,0.010371434778705741
FTV,Fortive Corporation,2016,3,2016-10-27 00:00:00,0.25528997,0.012323142,0.7323868,0.25220788,0.059328835,0.68846333,0.0030820966,-0.047005694,0.17575778,0.09092792451076546
FTV,Fortive Corporation,2016,2,2016-08-02 00:00:00,0.10061081,0.012813661,0.8865756,0.33746883,0.055843372,0.6066879,-0.23685803,-0.04302971,0.06103936,0.050627677261722105
FTV,Fortive Corporation,2017,4,2018-02-09 17:30:00,0.79733086,0.018982321,0.18368675,0.25941807,0.035076115,0.7055058,0.5379128,-0.016093794,0.5625215,0.010010340336532503
FTV,Fortive Corporation,2017,3,2017-10-27 17:30:00,0.06079859,0.042831082,0.8963703,0.4544613,0.04733616,0.4982026,-0.39366272,-0.0045050792,0.030290015,-0.020631852232112873
FTV,Fortive Corporation,2017,2,2017-07-27 00:00:00,0.71660936,0.010456926,0.27293375,0.38472933,0.03031928,0.58495146,0.33188003,-0.019862354,0.4191817,0.0722461428375331
FTV,Fortive Corporation,2017,1,2017-04-27 17:30:00,0.025027454,0.03157605,0.9433965,0.46175084,0.03789744,0.5003517,-0.43672338,-0.006321393,0.01252253,0.008753885481079221
FTV,Fortive Corporation,2018,4,2019-02-07 17:30:00,0.7007704,0.034575716,0.26465392,0.23496693,0.077461936,0.6875711,0.46580344,-0.04288622,0.48182946,0.07346548227493496
FTV,Fortive Corporation,2018,3,2018-10-25 17:30:00,0.7038605,0.058502518,0.23763703,0.16845548,0.090384096,0.7411605,0.53540504,-0.03188158,0.5216736,-0.02572292810043754
FTV,Fortive Corporation,2018,2,2018-07-26 17:30:00,0.75189084,0.016507534,0.23160161,0.15411568,0.030628892,0.8152555,0.59777516,-0.014121357,0.61298317,-0.001025627435327393
FTV,Fortive Corporation,2018,1,2018-04-27 17:30:00,0.021019805,0.040024318,0.93895596,0.40468833,0.033575792,0.56173587,-0.3836685,0.006448526,0.011807579,0.030253219933247002
FTV,Fortive Corporation,2019,4,2020-02-06 17:30:00,0.61133575,0.20533451,0.18332976,0.21876267,0.09474918,0.6864882,0.3925731,0.11058533,0.41967478,-0.010532540497455944
FTV,Fortive Corporation,2019,3,2019-10-24 17:30:00,0.61089635,0.24511611,0.14398755,0.18388674,0.085223496,0.7308898,0.4270096,0.15989262,0.44649792,-0.014753649985266314
GD,General Dynamics Corporation,2015,4,2016-01-27 11:30:00,0.025168514,0.03394467,0.9408869,0.24384588,0.36918077,0.38697338,-0.21867737,-0.3352361,0.009739545,0.04564673416674482
GD,General Dynamics Corporation,2015,3,2015-10-28 09:00:00,0.031638738,0.029914944,0.9384464,0.47797567,0.07040847,0.45161584,-0.44633693,-0.040493526,0.014288555,-0.02517632190157273
GD,General Dynamics Corporation,2015,2,2015-07-29 09:00:00,0.030839885,0.033651542,0.93550855,0.42030415,0.10848429,0.47121155,-0.38946426,-0.07483275,0.01453211,0.035177192381002864
GD,General Dynamics Corporation,2015,1,2015-04-29 09:00:00,0.021133633,0.04018652,0.9386798,0.36160487,0.20898513,0.42941004,-0.34047124,-0.16879861,0.009074994,0.047456947094318816
GD,General Dynamics Corporation,2016,4,2017-01-27 09:00:00,0.4429247,0.2318285,0.32524678,0.16419323,0.069077104,0.76672965,0.27873147,0.16275139,0.3396035,0.03250331856027774
GD,General Dynamics Corporation,2016,3,2016-10-26 09:00:00,0.028558742,0.032970507,0.9384707,0.25903866,0.18946058,0.55150086,-0.23047991,-0.15649007,0.015750172,0.0019634728204134706
GD,General Dynamics Corporation,2016,2,2016-07-27 09:00:00,0.03125512,0.031065326,0.9376796,0.27406475,0.19519514,0.5307401,-0.24280962,-0.16412981,0.016588343,0.025320693062821212
GD,General Dynamics Corporation,2016,1,2016-04-27 09:00:00,0.030085932,0.0345727,0.93534136,0.28122258,0.17682986,0.5419476,-0.25113666,-0.14225715,0.016305,0.03900961105654478
GD,General Dynamics Corporation,2018,3,2018-10-24 09:00:00,0.026704025,0.03340255,0.9398934,0.4580727,0.16163479,0.38029256,-0.43136868,-0.12823224,0.010155342,-0.07023589397738995
GD,General Dynamics Corporation,2018,2,2018-07-25 09:00:00,0.67286164,0.04595169,0.28118673,0.31417248,0.060197867,0.62562966,0.35868916,-0.014246177,0.42096218,-0.0012648212761425864
GD,General Dynamics Corporation,2018,1,2018-04-25 09:00:00,0.3266463,0.23179525,0.44155845,0.31772244,0.1161092,0.56616837,0.008923858,0.11568605,0.1849368,-0.11905940317884714
GD,General Dynamics Corporation,2017,4,2018-01-24 09:00:00,0.024032189,0.033007096,0.94296074,0.42587337,0.10016835,0.4739584,-0.4018412,-0.06716125,0.011390258,0.07769182611611208
GD,General Dynamics Corporation,2017,3,2017-10-25 09:00:00,0.028626865,0.040939525,0.93043363,0.3489669,0.14050941,0.5105236,-0.32034004,-0.09956989,0.01461469,-0.05330286510733718
GD,General Dynamics Corporation,2017,2,2017-07-26 09:00:00,0.4336949,0.31000373,0.25630137,0.3200413,0.19965737,0.48030132,0.1136536,0.11034636,0.20830423,-0.027295380242192156
GD,General Dynamics Corporation,2017,1,2017-04-26 09:00:00,0.33546284,0.32936445,0.33517274,0.28825596,0.06799304,0.643751,0.04720688,0.2613714,0.21595454,0.005065250865389016
GD,General Dynamics Corporation,2019,1,2019-04-24 09:00:00,0.36779723,0.30195892,0.33024386,0.31768167,0.023193847,0.6591245,0.050115556,0.27876508,0.24242416,-0.029399015768233255
GWW,"W.W. Grainger, Inc.",2016,4,2017-01-25 11:00:00,0.023540884,0.033960838,0.94249827,0.22500306,0.07786169,0.69713527,-0.20146218,-0.04390085,0.016411182,0.01865511857141193
GWW,"W.W. Grainger, Inc.",2017,4,2018-01-24 11:00:00,0.02210123,0.043455604,0.93444324,0.33810306,0.06951109,0.59238595,-0.31600183,-0.026055489,0.013092458,0.18064125407405995
GWW,"W.W. Grainger, Inc.",2017,3,2017-10-17 11:00:00,0.02192541,0.035029393,0.94304514,0.31298047,0.08412191,0.6028976,-0.29105505,-0.04909252,0.013218777,0.08319102101264352
GWW,"W.W. Grainger, Inc.",2017,2,2017-07-19 11:00:00,0.024622029,0.027164157,0.9482139,0.29732823,0.16239989,0.5402718,-0.2727062,-0.13523573,0.013302588,-0.05456775470174109
GWW,"W.W. Grainger, Inc.",2017,1,2017-04-18 11:00:00,0.023243144,0.034369685,0.9423871,0.25778073,0.16493131,0.5772879,-0.23453759,-0.13056162,0.013417986,-0.14965649243005485
GWW,"W.W. Grainger, Inc.",2018,3,2018-10-16 11:00:00,0.02073888,0.043724295,0.93553686,0.30868334,0.1470606,0.5442561,-0.28794447,-0.103336304,0.011287262,-0.13475167674499539
GWW,"W.W. Grainger, Inc.",2018,2,2018-07-18 11:00:00,0.022376183,0.04538945,0.93223435,0.4117248,0.09737714,0.49089807,-0.38934863,-0.051987685,0.010984425,0.1123620096084361
GWW,"W.W. Grainger, Inc.",2018,1,2018-04-19 11:00:00,0.022606304,0.04476575,0.932628,0.36464864,0.11132124,0.5240301,-0.34204233,-0.066555485,0.011846383,-0.01200322445188623
GWW,"W.W. Grainger, Inc.",2019,3,2019-10-23 11:00:00,0.69877094,0.24441127,0.05681779,0.26397654,0.04036701,0.6956565,0.4347944,0.20404427,0.48610452,-0.044520134175900596
GWW,"W.W. Grainger, Inc.",2019,2,2019-07-24 10:00:00,0.49797946,0.3019823,0.20003825,0.20013341,0.17082727,0.6290393,0.29784605,0.13115504,0.31324863,0.05228985863766791
GWW,"W.W. Grainger, Inc.",2019,1,2019-04-22 11:00:00,0.5166582,0.2511959,0.2321459,0.23995332,0.18661962,0.5734271,0.27670485,0.06457628,0.2962658,-0.08878321443265828
HII,"Huntington Ingalls Industries, Inc.",2019,4,2020-02-13 09:00:00,0.473648,0.14349847,0.38285357,0.13421698,0.043718517,0.8220645,0.33943105,0.09977995,0.38936922,-0.1137714919337861
HII,"Huntington Ingalls Industries, Inc.",2019,3,2019-11-07 09:00:00,0.58112043,0.23825435,0.18062527,0.14719868,0.033009056,0.8197923,0.43392175,0.2052453,0.47639805,0.08504788964397483
HII,"Huntington Ingalls Industries, Inc.",2019,2,2019-08-01 09:00:00,0.2284452,0.4014824,0.37007242,0.25249887,0.046734013,0.70076716,-0.024053663,0.3547484,0.1600869,-0.05668238949209097
HII,"Huntington Ingalls Industries, Inc.",2019,1,2019-05-02 09:00:00,0.4690295,0.25085124,0.2801193,0.16739489,0.039231375,0.79337376,0.3016346,0.21161987,0.3721157,-0.05249745755502558
HON,Honeywell International Inc.,2015,4,2016-01-29 09:30:00,0.02925227,0.03462018,0.93612754,0.46164933,0.166643,0.37170765,-0.43239707,-0.13202281,0.010873293,0.04949197866774215
HON,Honeywell International Inc.,2015,3,2015-10-16 09:30:00,0.02868659,0.03206757,0.9392459,0.55827725,0.18402617,0.25769657,-0.52959067,-0.1519586,0.007392436,0.02166202527836949
HON,Honeywell International Inc.,2015,2,2015-07-17 09:30:00,0.02772023,0.029917793,0.9423619,0.63450485,0.08018312,0.28531197,-0.60678464,-0.050265327,0.007908913,0.013289592849989661
HON,Honeywell International Inc.,2015,1,2015-04-17 09:30:00,0.030465718,0.037817053,0.9317172,0.5188963,0.15397115,0.32713246,-0.48843056,-0.1161541,0.009966326,-0.019697582297918056
HON,Honeywell International Inc.,2016,4,2017-01-27 09:30:00,0.7517198,0.111914195,0.13636594,0.22563845,0.066670716,0.70769095,0.5260813,0.04524348,0.5319853,0.010019265506633113
HON,Honeywell International Inc.,2016,3,2016-10-21 09:30:00,0.48172674,0.3100303,0.20824291,0.12093462,0.06460735,0.81445795,0.3607921,0.24542296,0.39234617,0.02260037824973382
HON,Honeywell International Inc.,2016,2,2016-07-22 09:30:00,0.031272728,0.026109524,0.9426178,0.45822906,0.22778136,0.31398955,-0.42695633,-0.20167184,0.00981931,-0.0235295620786139
HON,Honeywell International Inc.,2016,1,2016-04-22 09:30:00,0.031955793,0.030299213,0.937745,0.43819845,0.18684117,0.37496045,-0.40624267,-0.15654196,0.011982159,0.006861467509112342
HON,Honeywell International Inc.,2017,4,2018-01-26 08:00:00,0.02852008,0.0320914,0.9393885,0.49522722,0.038618896,0.46615398,-0.46670714,-0.0065274946,0.013294748,-0.004906578308475247
HON,Honeywell International Inc.,2017,3,2017-10-20 09:30:00,0.027403062,0.036139894,0.93645704,0.5955942,0.060130686,0.34427515,-0.5681912,-0.023990791,0.009434193,0.010560256515512945
HON,Honeywell International Inc.,2017,2,2017-07-21 09:30:00,0.022560794,0.044706404,0.9327328,0.49149117,0.13289894,0.37560987,-0.46893036,-0.08819254,0.008474057,0.014180431487884934
HON,Honeywell International Inc.,2017,1,2017-04-21 09:30:00,0.024829064,0.048033234,0.9271377,0.5031631,0.11419413,0.38264278,-0.47833404,-0.0661609,0.009500662,0.047507730173464394
HON,Honeywell International Inc.,2019,1,2019-04-18 08:30:00,0.7922596,0.040777005,0.16696341,0.3474862,0.05568272,0.59683114,0.44477338,-0.0149057135,0.4728452,0.043867971113980886
HON,Honeywell International Inc.,2018,3,2018-10-19 08:30:00,0.8255043,0.021750586,0.15274511,0.34820879,0.05564577,0.59614545,0.47729552,-0.033895187,0.49212062,-0.019198747513411885
HON,Honeywell International Inc.,2018,2,2018-07-20 09:30:00,0.8326677,0.02366251,0.14366975,0.37359568,0.02571656,0.6006878,0.45907202,-0.0020540506,0.50017333,0.07486883393390542
HON,Honeywell International Inc.,2018,1,2018-04-20 09:00:00,0.028909445,0.030626668,0.9404639,0.57952577,0.046581667,0.37389258,-0.5506163,-0.015955,0.010809027,0.0005210399980314154
IEX,IDEX Corporation,2019,3,2019-10-31 10:30:00,0.06365578,0.60173714,0.33460703,0.1439294,0.1853789,0.67069167,-0.08027363,0.41635823,0.0426934,0.01389095950021378
ITW,Illinois Tool Works Inc.,2015,4,2016-01-27 10:00:00,0.03353665,0.026750611,0.93971276,0.45722827,0.1278727,0.41489896,-0.42369163,-0.101122096,0.013914322,0.06257581020506425
ITW,Illinois Tool Works Inc.,2015,3,2015-10-21 10:00:00,0.03918967,0.022580491,0.93822986,0.2656226,0.34762082,0.3867566,-0.22643292,-0.3250403,0.015156863,0.05288844171962999
ITW,Illinois Tool Works Inc.,2015,2,2015-07-22 10:00:00,0.037602086,0.02425537,0.93814254,0.26072505,0.25202465,0.4872503,-0.22312297,-0.22776929,0.018321628,-0.025578387012060222
ITW,Illinois Tool Works Inc.,2015,1,2015-04-21 10:00:00,0.023459755,0.042859834,0.9336804,0.36626545,0.22450392,0.4092307,-0.34280568,-0.18164408,0.009600452,-0.026007985096432047
ITW,Illinois Tool Works Inc.,2016,4,2017-01-25 10:00:00,0.05471371,0.033829696,0.9114566,0.41133136,0.122732654,0.4659359,-0.35661763,-0.08890296,0.025493082,-0.001188569884309698
ITW,Illinois Tool Works Inc.,2016,3,2016-10-20 10:00:00,0.030327905,0.034931954,0.93474007,0.37570897,0.11097869,0.51331234,-0.34538105,-0.076046735,0.015567688,-0.015493202255093392
ITW,Illinois Tool Works Inc.,2016,2,2016-07-20 15:45:00,0.025016584,0.04193704,0.9330464,0.4021567,0.09066722,0.50717604,-0.37714013,-0.04873018,0.012687812,0.04046638599456871
ITW,Illinois Tool Works Inc.,2016,1,2016-04-20 10:00:00,0.023743678,0.034301374,0.941955,0.31873354,0.23206589,0.44920063,-0.29498985,-0.19776452,0.010665675,0.0009859359611399518
ITW,Illinois Tool Works Inc.,2017,4,2018-01-24 10:00:00,0.029082796,0.036141288,0.9347759,0.44458008,0.098607466,0.45681247,-0.41549727,-0.062466178,0.013285384,0.008920801674177898
ITW,Illinois Tool Works Inc.,2017,3,2017-10-23 10:00:00,0.029709015,0.025338113,0.9449529,0.444633,0.19438685,0.3609801,-0.414924,-0.16904874,0.010724363,0.01588937767586669
ITW,Illinois Tool Works Inc.,2017,2,2017-07-24 10:00:00,0.028019046,0.034852166,0.9371289,0.38582847,0.21886766,0.39530388,-0.35780942,-0.1840155,0.011076038,-0.04376783190541893
ITW,Illinois Tool Works Inc.,2017,1,2017-04-24 10:00:00,0.029412039,0.0378442,0.9327438,0.5245689,0.05498988,0.42044127,-0.49515688,-0.017145682,0.012366035,0.0037350147409475794
ITW,Illinois Tool Works Inc.,2018,3,2018-10-24 10:00:00,0.03297291,0.035337634,0.9316894,0.43717703,0.12552136,0.43730164,-0.40420413,-0.09018373,0.014419108,0.018463682415045604
ITW,Illinois Tool Works Inc.,2018,2,2018-07-23 10:00:00,0.89662266,0.01795107,0.085426256,0.24383901,0.16883564,0.58732533,0.65278363,-0.15088457,0.5266092,-0.048824203688020776
ITW,Illinois Tool Works Inc.,2018,1,2018-04-26 10:00:00,0.029732235,0.028325785,0.9419419,0.46697092,0.054231778,0.47879726,-0.4372387,-0.025905993,0.014235713,-0.04455527719743753
ITW,Illinois Tool Works Inc.,2019,3,2019-10-25 10:00:00,0.22626963,0.66026336,0.11346702,0.16286984,0.13214283,0.7049873,0.06339979,0.5281205,0.15951721,0.060251685245276604
ITW,Illinois Tool Works Inc.,2019,1,2019-04-25 10:00:00,0.3937775,0.56533116,0.04089146,0.25742653,0.18392943,0.55864406,0.13635096,0.38140172,0.21998145,-0.01076921273281856
JBHT,"J.B. Hunt Transport Services, Inc.",2018,3,2018-10-16 17:30:00,0.047727577,0.029774502,0.922498,0.1801596,0.09319841,0.7266421,-0.13243201,-0.06342391,0.034680866,-0.008652917031240666
JBHT,"J.B. Hunt Transport Services, Inc.",2019,4,2020-01-17 10:00:00,0.31847245,0.28062725,0.4009003,0.19533405,0.093071684,0.7115942,0.1231384,0.18755557,0.22662315,-0.019269323747320648
JCI,Johnson Controls International plc,2016,4,2016-11-08 11:00:00,0.03529665,0.023901144,0.9408023,0.41362518,0.06342819,0.52294654,-0.37832853,-0.03952705,0.01845826,0.04755638663338674
JCI,Johnson Controls International plc,2016,3,2016-07-21 11:00:00,0.030053481,0.029711392,0.9402351,0.43816704,0.050650794,0.5111821,-0.40811354,-0.020939402,0.015362803,0.05178992080885388
JCI,Johnson Controls International plc,2016,2,2016-04-21 11:00:00,0.6730475,0.06742727,0.25952527,0.2203068,0.039707754,0.73998547,0.45274067,0.027719516,0.49804536,0.08738828099592984
JCI,Johnson Controls International plc,2016,1,2016-01-28 11:00:00,0.02840208,0.02444554,0.9471523,0.43947116,0.066631086,0.49389777,-0.41106907,-0.042185545,0.014027724,0.014863646353844594
JCI,Johnson Controls International plc,2017,4,2017-11-11 11:00:00,0.030983929,0.022676703,0.9463394,0.38926718,0.12867582,0.48205706,-0.35828325,-0.10599911,0.0149360215,-0.023496343010406977
JCI,Johnson Controls International plc,2017,2,2017-04-27 11:00:00,0.040723257,0.026835997,0.93244076,0.41857183,0.15127099,0.4301572,-0.37784857,-0.12443499,0.017517403,-0.03756828473320643
JCI,Johnson Controls International plc,2017,1,2017-02-01 11:00:00,0.034995936,0.020625643,0.9443784,0.40351614,0.15257193,0.44391197,-0.3685202,-0.1319463,0.015535115,-0.07446388604510838
JCI,Johnson Controls International plc,2018,4,2018-11-08 08:30:00,0.70399266,0.16082919,0.13517818,0.36790064,0.029758058,0.60234123,0.33609203,0.13107112,0.4240438,0.03333452600104755
JCI,Johnson Controls International plc,2018,3,2018-07-31 11:00:00,0.032611694,0.04015651,0.92723185,0.5795324,0.09098334,0.3294843,-0.5469207,-0.05082683,0.010745042,0.018470779832908915
JCI,Johnson Controls International plc,2018,2,2018-05-01 11:00:00,0.038232412,0.030290004,0.9314775,0.49552912,0.1830475,0.32142338,-0.4572967,-0.1527575,0.012288791,0.06243573872332615
JCI,Johnson Controls International plc,2018,1,2018-01-31 11:00:00,0.026540276,0.027568912,0.9458908,0.37815306,0.1833362,0.43851072,-0.35161278,-0.15576729,0.011638195,-0.006349355037359956
JCI,Johnson Controls International plc,2019,2,2019-05-01 08:30:00,0.8768507,0.012315005,0.11083432,0.36601478,0.023829969,0.6101552,0.51083595,-0.011514964,0.53501505,0.07267708669382078
JCI,Johnson Controls International plc,2019,1,2019-02-01 09:30:00,0.6378912,0.04932424,0.31278458,0.47940084,0.017017791,0.50358135,0.15849033,0.032306448,0.32123008,0.005413393513382997
LDOS,"Leidos Holdings, Inc.",2019,4,2020-02-18 08:00:00,0.82106596,0.017111955,0.16182205,0.28034422,0.019288013,0.70036775,0.5407218,-0.0021760575,0.57504815,0.0420938583505581
LDOS,"Leidos Holdings, Inc.",2019,3,2019-10-29 08:00:00,0.67195994,0.2011571,0.12688299,0.16012783,0.05787978,0.7819924,0.5118321,0.14327732,0.5254676,0.017746802967016136
LHX,"L3Harris Technologies, Inc.",2019,4,2019-07-31 08:30:00,0.8546325,0.017044319,0.12832323,0.34083027,0.031131994,0.6280378,0.51380223,-0.014087675,0.5367415,0.08017814167927922
LHX,"L3Harris Technologies, Inc.",2019,3,2019-05-01 08:30:00,0.95207715,0.015063297,0.03285964,0.4268975,0.027173173,0.5459293,0.5251796,-0.012109876,0.5197668,0.08711386531731605
LMT,Lockheed Martin Corporation,2015,4,2016-01-26 11:00:00,0.59297234,0.08992378,0.31710386,0.16188641,0.14967673,0.6884368,0.43108594,-0.05975295,0.408224,-0.016478883829976868
LMT,Lockheed Martin Corporation,2015,3,2015-10-20 11:00:00,0.48840615,0.11412766,0.39746618,0.20002784,0.13311082,0.66686136,0.2883783,-0.018983163,0.32569918,0.04302002585677621
LMT,Lockheed Martin Corporation,2015,2,2015-07-20 11:00:00,0.70610374,0.013250234,0.280646,0.18011779,0.03300727,0.78687495,0.52598596,-0.019757038,0.55561537,0.027693756199560663
LMT,Lockheed Martin Corporation,2015,1,2015-04-21 11:00:00,0.64593637,0.13837601,0.21568762,0.2883421,0.082633846,0.629024,0.35759428,0.055742167,0.4063095,-0.020962927114350712
LMT,Lockheed Martin Corporation,2016,4,2017-01-24 11:00:00,0.6189973,0.042278625,0.33872417,0.24498796,0.07266451,0.6823475,0.3740093,-0.030385882,0.42237124,-0.02992038122190898
LMT,Lockheed Martin Corporation,2016,3,2016-10-25 11:00:00,0.6045113,0.13191587,0.26357275,0.1982466,0.06426709,0.7374863,0.40626472,0.067648776,0.4458188,0.07363264541530827
LMT,Lockheed Martin Corporation,2016,2,2016-07-19 11:00:00,0.6760217,0.036391325,0.287587,0.2516962,0.08649977,0.6618041,0.4243255,-0.050108448,0.44739392,-0.007026757117996041
LMT,Lockheed Martin Corporation,2016,1,2016-04-26 11:00:00,0.6616871,0.080767885,0.25754505,0.21979015,0.15035588,0.62985396,0.44189692,-0.06958799,0.41676623,0.048815100992278315
LMT,Lockheed Martin Corporation,2017,4,2018-01-29 10:00:00,0.646757,0.0346395,0.3186035,0.16513038,0.1094431,0.72542644,0.48162663,-0.0748036,0.46917462,0.05347552572282633
LMT,Lockheed Martin Corporation,2017,3,2017-10-24 11:00:00,0.030198064,0.03793845,0.9318635,0.40070271,0.08692164,0.5123757,-0.37050465,-0.04898319,0.015472755,-0.0431995732989672
LMT,Lockheed Martin Corporation,2017,2,2017-07-18 11:00:00,0.021941207,0.04889792,0.92916083,0.35931087,0.08679481,0.55389446,-0.33736965,-0.03789689,0.012153113,-0.0026710040452149805
LMT,Lockheed Martin Corporation,2017,1,2017-04-26 11:00:00,0.60483474,0.16402844,0.23113678,0.29169115,0.118298784,0.59001017,0.31314358,0.045729652,0.35685864,-0.0013542085628977035
LMT,Lockheed Martin Corporation,2019,2,2019-07-24 11:00:00,0.70774245,0.023968816,0.2682887,0.3673782,0.047246534,0.5853752,0.34036425,-0.023277719,0.41429487,0.02056166709375
LMT,Lockheed Martin Corporation,2019,1,2019-04-23 11:00:00,0.84962445,0.012202396,0.13817313,0.28698778,0.038942095,0.6740701,0.5626367,-0.026739698,0.57270646,0.04429819242310208
LMT,Lockheed Martin Corporation,2018,4,2019-01-29 11:00:00,0.6953183,0.0589922,0.24568954,0.29698563,0.061384875,0.6416295,0.39833266,-0.0023926757,0.44613674,0.0047635238802204785
LMT,Lockheed Martin Corporation,2018,3,2018-10-23 11:00:00,0.6365304,0.1637413,0.19972825,0.25065112,0.03652187,0.7128271,0.38587928,0.12721944,0.4537361,-0.08269875957741876
LMT,Lockheed Martin Corporation,2018,2,2018-07-24 11:00:00,0.025639009,0.03193224,0.9424287,0.43511978,0.02970402,0.5351763,-0.40948078,0.002228219,0.01372139,0.02109211953063634
LMT,Lockheed Martin Corporation,2018,1,2018-04-24 11:00:00,0.024297677,0.034332756,0.94136953,0.4212219,0.028707476,0.55007064,-0.39692423,0.0056252796,0.013365439,-0.13402099714917967
LUV,Southwest Airlines Co.,2015,4,2016-01-21 12:30:00,0.70233375,0.079465576,0.21820074,0.18823518,0.11344215,0.6983226,0.5140986,-0.033976577,0.49045554,-0.09743721830852103
LUV,Southwest Airlines Co.,2015,3,2015-10-23 12:30:00,0.7377372,0.0882802,0.17398262,0.2707541,0.041716304,0.6875296,0.46698308,0.046563897,0.50721616,0.037054666316909096
LUV,Southwest Airlines Co.,2015,2,2015-07-23 12:30:00,0.42615747,0.30669075,0.26715168,0.23627532,0.04998877,0.713736,0.18988216,0.25670198,0.30416393,0.03649474016488055
LUV,Southwest Airlines Co.,2015,1,2015-04-23 10:00:00,0.55736667,0.27427155,0.1683618,0.23126733,0.0421289,0.72660375,0.32609934,0.23214266,0.4049847,-0.04279182773879364
LUV,Southwest Airlines Co.,2016,4,2017-01-26 12:30:00,0.45168003,0.22157565,0.3267443,0.1933413,0.04322297,0.7634356,0.25833875,0.17835268,0.3448286,0.07636494734893476
LUV,Southwest Airlines Co.,2016,3,2016-10-26 12:30:00,0.3877863,0.4151074,0.19710633,0.21266946,0.06582319,0.7215074,0.17511684,0.3492842,0.27979067,-0.034680647893247984
LUV,Southwest Airlines Co.,2016,2,2016-07-21 12:30:00,0.5535763,0.2512017,0.19522208,0.15037262,0.17191157,0.67771584,0.40320367,0.07929012,0.37516743,-0.1071320245054057
LUV,Southwest Airlines Co.,2016,1,2016-04-21 12:30:00,0.59898996,0.1273876,0.27362242,0.24920797,0.07819682,0.67259526,0.349782,0.049190775,0.4028778,-0.050902154676255695
LUV,Southwest Airlines Co.,2017,4,2018-01-25 12:30:00,0.78597033,0.03685723,0.17717242,0.27089244,0.044335373,0.6847722,0.5150779,-0.007478144,0.53821063,-0.025057988298839342
LUV,Southwest Airlines Co.,2017,3,2017-10-26 12:30:00,0.5696734,0.22699793,0.20332862,0.23848255,0.067666546,0.69385093,0.33119088,0.15933138,0.39526844,-0.0643353494854472
LUV,Southwest Airlines Co.,2017,2,2017-07-28 12:30:00,0.025085626,0.039553005,0.93536127,0.31932864,0.11429494,0.5663764,-0.294243,-0.07474193,0.014207906,-0.00039285077336356745
LUV,Southwest Airlines Co.,2017,1,2017-04-27 12:30:00,0.47658318,0.2634633,0.25995356,0.23419553,0.034720946,0.7310835,0.24238765,0.22874235,0.3484221,0.023720351921114068
LUV,Southwest Airlines Co.,2018,4,2019-01-24 12:30:00,0.72595525,0.069336876,0.20470783,0.16855204,0.046195887,0.7852521,0.5574032,0.02314099,0.57005787,0.08771966111325048
LUV,Southwest Airlines Co.,2018,3,2018-10-25 12:30:00,0.7186,0.1077216,0.17367846,0.15241347,0.09573797,0.75184846,0.5661865,0.011983626,0.54027826,-0.09840595003490313
LUV,Southwest Airlines Co.,2018,2,2018-07-26 12:30:00,0.7034008,0.15475741,0.14184184,0.19622535,0.056590226,0.7471843,0.50717545,0.09816718,0.52557003,0.09076915297452996
LUV,Southwest Airlines Co.,2018,1,2018-04-26 12:30:00,0.5615742,0.12111511,0.31731063,0.1653494,0.040300496,0.7943502,0.39622483,0.080814615,0.4460866,-0.025873400139398574
LUV,Southwest Airlines Co.,2019,2,2019-07-25 12:30:00,0.6207527,0.15997757,0.21926971,0.14011,0.06326272,0.7966272,0.48064268,0.09671485,0.4945085,-0.04685595138290549
LUV,Southwest Airlines Co.,2019,1,2019-04-27 09:45:00,0.624144,0.15781087,0.21804515,0.13723679,0.046452828,0.8163104,0.48690724,0.11135804,0.50949526,0.011958111990662016
MAS,Masco Corporation,2015,4,2016-02-09 08:00:00,0.76625645,0.061021414,0.17272212,0.40754572,0.02444319,0.5680111,0.35871074,0.036578223,0.43524218,0.1211073792888192
MAS,Masco Corporation,2015,3,2015-10-27 08:00:00,0.7817529,0.016003856,0.20224325,0.351826,0.05874156,0.5894324,0.42992687,-0.0427377,0.4607905,0.046575567790780356
MAS,Masco Corporation,2015,2,2015-07-28 08:00:00,0.7889618,0.023158625,0.18787956,0.4239272,0.041609723,0.53446305,0.36503464,-0.018451098,0.42167094,0.13006723488834632
MAS,Masco Corporation,2015,1,2015-04-28 08:00:00,0.67000055,0.13256517,0.19743428,0.34501237,0.03768609,0.6173015,0.3249882,0.094879076,0.41359237,0.027104973670229675
MAS,Masco Corporation,2016,4,2017-02-09 08:00:00,0.7067926,0.13709062,0.15611681,0.34966013,0.02523626,0.6251036,0.35713246,0.11185436,0.4418186,-0.026452242900833273
MAS,Masco Corporation,2016,3,2016-10-25 08:00:00,0.66306216,0.09153864,0.24539919,0.32044885,0.13681279,0.5427384,0.3426133,-0.045274153,0.35986927,-0.08826275467232658
MAS,Masco Corporation,2016,2,2016-07-26 08:00:00,0.7760751,0.056657545,0.16726731,0.4109631,0.035476364,0.55356055,0.36511204,0.021181181,0.4296046,0.06692237127775004
MAS,Masco Corporation,2016,1,2016-04-26 08:00:00,0.724755,0.09577497,0.17947003,0.3991595,0.051946763,0.5488937,0.3255955,0.043828208,0.39781344,-0.03544998236452151
MAS,Masco Corporation,2017,4,2018-02-08 08:00:00,0.6137374,0.11410039,0.27216226,0.21839374,0.028469156,0.75313705,0.39534366,0.08563124,0.4622284,-0.015194161296578816
MAS,Masco Corporation,2017,3,2017-10-24 08:00:00,0.68342495,0.1434852,0.17308986,0.2905133,0.07515478,0.6343319,0.39291164,0.06833042,0.43351823,-0.011238236052980657
MAS,Masco Corporation,2017,2,2017-07-29 08:00:00,0.67360073,0.14718758,0.17921172,0.36641982,0.08373063,0.54984957,0.3071809,0.063456945,0.37037906,-0.012897275650920716
MAS,Masco Corporation,2017,1,2017-04-26 08:00:00,0.6357738,0.15343249,0.2107937,0.41041696,0.09662313,0.49295998,0.22535682,0.05680936,0.31341103,-0.006844656802690547
MAS,Masco Corporation,2018,4,2019-02-07 08:00:00,0.74906456,0.11570709,0.13522837,0.2479166,0.098481335,0.653602,0.501148,0.017225757,0.4895901,0.11513207397786959
MAS,Masco Corporation,2018,3,2018-10-30 08:00:00,0.44022077,0.29164124,0.26813796,0.27539852,0.11148134,0.61312014,0.16482225,0.1801599,0.26990822,0.10138945570257703
MAS,Masco Corporation,2018,2,2018-07-31 08:00:00,0.715648,0.12676379,0.15758827,0.29594263,0.035519633,0.66853774,0.41970536,0.09124416,0.4784377,-0.01384720796015565
MAS,Masco Corporation,2018,1,2018-04-24 08:00:00,0.5910422,0.2318823,0.17707549,0.37655133,0.0840073,0.5394414,0.21449089,0.14787501,0.31883264,-0.018279996784225153
MAS,Masco Corporation,2019,4,2020-02-11 08:00:00,0.654284,0.18454686,0.16116911,0.19363198,0.13867371,0.6676943,0.46065202,0.04587315,0.43686166,-0.1032123435716005
MAS,Masco Corporation,2019,3,2019-10-30 08:00:00,0.77869964,0.038140595,0.18315977,0.35231784,0.052026436,0.59565574,0.4263818,-0.013885841,0.4638369,0.019563086482438465
MAS,Masco Corporation,2019,2,2019-07-25 08:00:00,0.5877913,0.24556328,0.16664542,0.35870013,0.06831694,0.57298297,0.2290912,0.17724635,0.3367944,0.020836771836272184
MMM,3M Company,2015,4,2016-01-26 09:00:00,0.03098016,0.027652701,0.9413671,0.32460648,0.2214902,0.4539033,-0.2936263,-0.19383751,0.014061997,0.06104611622511865
MMM,3M Company,2015,3,2015-10-22 09:00:00,0.034989215,0.024751501,0.9402593,0.24896176,0.24469392,0.5063443,-0.21397254,-0.21994242,0.01771659,0.017091181679322408
MMM,3M Company,2015,2,2015-07-24 09:00:00,0.49292204,0.3197909,0.18728703,0.22165582,0.121715754,0.6566284,0.27126622,0.19807515,0.3236666,0.01150367052604142
MMM,3M Company,2015,1,2015-04-23 09:00:00,0.44465297,0.33873737,0.21660964,0.18068415,0.040619444,0.7786965,0.26396883,0.29811794,0.3462497,-0.03963197733843202
MMM,3M Company,2016,4,2017-01-24 09:00:00,0.026751414,0.026926097,0.94632256,0.33570656,0.1979566,0.46633685,-0.30895513,-0.1710305,0.01247517,-0.026706021897482165
MMM,3M Company,2016,3,2016-10-25 09:00:00,0.42893735,0.39369142,0.17737126,0.27741164,0.09119798,0.63139033,0.1515257,0.30249345,0.2708269,-0.022575940882492835
MMM,3M Company,2016,2,2016-07-26 09:00:00,0.03294765,0.027890816,0.93916154,0.38673195,0.21556364,0.39770445,-0.3537843,-0.18767282,0.013103426,-0.001790049803029184
MMM,3M Company,2016,1,2016-04-26 07:00:00,0.46469063,0.3868106,0.14849873,0.34748122,0.12459053,0.5279283,0.117209405,0.26222008,0.24532333,0.009261691215106905
MMM,3M Company,2017,4,2018-01-25 09:00:00,0.02643579,0.028916132,0.9446481,0.42516744,0.05322813,0.5216044,-0.39873165,-0.024311997,0.013789025,0.006493083162375089
MMM,3M Company,2017,3,2017-10-24 09:00:00,0.026270155,0.0369443,0.9367855,0.42201295,0.035043113,0.54294384,-0.3957428,0.001901187,0.014263218,0.03499013247707657
MMM,3M Company,2017,2,2017-07-25 09:00:00,0.027253889,0.03800232,0.9347437,0.36727008,0.1221157,0.5106142,-0.3400162,-0.08411338,0.013916223,-0.03508343230053036
MMM,3M Company,2017,1,2017-04-26 09:00:00,0.027650023,0.03726272,0.93508726,0.38661525,0.13966669,0.47371802,-0.35896522,-0.10240397,0.013098314,0.013013049474539016
MMM,3M Company,2018,3,2018-10-23 09:00:00,0.024023883,0.029674683,0.9463014,0.27313387,0.19737831,0.52948785,-0.24910998,-0.16770363,0.012720354,-0.03078023424887077
MMM,3M Company,2018,2,2018-07-24 09:00:00,0.02699307,0.031171054,0.9418359,0.44924083,0.05288759,0.49787167,-0.42224777,-0.021716535,0.013439084,0.0644763439925419
MMM,3M Company,2018,1,2018-04-24 09:00:00,0.6540972,0.15365465,0.1922481,0.3192305,0.11240698,0.56836253,0.3348667,0.041247673,0.37176433,-0.09082695401981898
NOC,Northrop Grumman Corporation,2015,4,2016-01-29 12:00:00,0.58276856,0.13946474,0.27776676,0.28062567,0.06775173,0.65162265,0.3021429,0.07171301,0.3797452,0.04222237575557803
NOC,Northrop Grumman Corporation,2015,3,2015-10-28 12:00:00,0.54238665,0.18775003,0.2698633,0.2392178,0.03222463,0.7285575,0.30316883,0.1555254,0.39515987,0.013212628340798907
NOC,Northrop Grumman Corporation,2015,2,2015-07-29 12:00:00,0.5657638,0.097667396,0.33656883,0.19724771,0.032851696,0.7699006,0.36851606,0.0648157,0.4355819,0.060155490246603174
NOC,Northrop Grumman Corporation,2015,1,2015-04-29 12:00:00,0.640382,0.08527915,0.2743388,0.18261902,0.04378069,0.77360034,0.45776296,0.041498464,0.4953997,-0.028553263712387342
NOC,Northrop Grumman Corporation,2016,4,2017-01-26 12:00:00,0.5127034,0.15888514,0.32841143,0.24811439,0.05496611,0.69691956,0.264589,0.10391903,0.35731304,0.003334014379938152
NOC,Northrop Grumman Corporation,2016,3,2016-10-26 12:00:00,0.6810065,0.122009344,0.19698419,0.2779417,0.031763606,0.69029474,0.4030648,0.09024574,0.4700952,0.06273357359394122
NOC,Northrop Grumman Corporation,2016,2,2016-07-27 12:00:00,0.42665437,0.26653716,0.30680847,0.20556891,0.07048274,0.72394836,0.22108546,0.19605443,0.30887574,0.0039041485611481354
NOC,Northrop Grumman Corporation,2016,1,2016-04-27 12:00:00,0.39943448,0.19042839,0.4101371,0.24754044,0.06312362,0.6893359,0.15189403,0.12730476,0.27534452,0.0536886517241351
NOC,Northrop Grumman Corporation,2017,4,2018-01-25 12:00:00,0.60261285,0.095824115,0.30156296,0.21134843,0.041499373,0.7471522,0.39126444,0.054324742,0.45024353,0.09927575898455465
NOC,Northrop Grumman Corporation,2017,3,2017-10-25 12:00:00,0.46626908,0.14804113,0.38568985,0.26890653,0.05138147,0.679712,0.19736254,0.09665966,0.31692868,-0.0035060246773502522
NOC,Northrop Grumman Corporation,2017,2,2017-07-26 12:00:00,0.6045499,0.19138327,0.20406683,0.33666265,0.0324894,0.63084793,0.26788723,0.15889387,0.38137904,0.010350672120167161
NOC,Northrop Grumman Corporation,2017,1,2017-04-26 12:00:00,0.50410897,0.2695031,0.2263879,0.18847726,0.045835257,0.7656874,0.3156317,0.22366783,0.38598987,-0.010357821215305358
NOC,Northrop Grumman Corporation,2018,4,2019-01-31 12:00:00,0.5252648,0.19848779,0.2762474,0.30513066,0.03615072,0.65871865,0.22013414,0.16233706,0.3460017,-0.01747909139481591
NOC,Northrop Grumman Corporation,2018,3,2018-10-24 12:00:00,0.6660927,0.04850447,0.28540277,0.3767447,0.023965804,0.59928954,0.289348,0.024538668,0.39918238,-0.12809946303547803
NOC,Northrop Grumman Corporation,2018,2,2018-07-25 12:00:00,0.54819477,0.11008586,0.34171933,0.32377923,0.044608053,0.6316127,0.22441554,0.0654778,0.34624678,-0.04580081477189642
NOC,Northrop Grumman Corporation,2018,1,2018-04-25 12:00:00,0.62242144,0.037917566,0.33966103,0.18185757,0.045428973,0.7727135,0.44056386,-0.007511407,0.48095345,-0.10103021108711045
NOC,Northrop Grumman Corporation,2019,4,2020-01-30 08:00:00,0.5694137,0.1435259,0.28706035,0.2992563,0.027795361,0.67294836,0.27015743,0.11573054,0.38318604,-0.07150400405102489
NOC,Northrop Grumman Corporation,2019,3,2019-10-24 12:00:00,0.74941003,0.027605634,0.22298437,0.34874448,0.04446578,0.60678977,0.40066555,-0.016860146,0.45473433,-0.01303522677650203
NOC,Northrop Grumman Corporation,2019,2,2019-07-24 12:00:00,0.8343255,0.013553245,0.15212117,0.50865203,0.04185209,0.44949585,0.32567346,-0.028298846,0.37502584,0.074955253755107
NOC,Northrop Grumman Corporation,2019,1,2019-04-24 12:45:00,0.7518239,0.050402857,0.19777326,0.38647872,0.020640371,0.59288085,0.36534518,0.029762486,0.44574198,-0.007885580656190216
NSC,Norfolk Southern Corporation,2015,4,2016-01-27 08:45:00,0.029796684,0.029267542,0.9409358,0.34273133,0.23230053,0.42496803,-0.31293464,-0.203033,0.012662638,-0.01887381489439573
NSC,Norfolk Southern Corporation,2015,3,2015-10-28 08:45:00,0.028660852,0.025009528,0.9463297,0.28218275,0.3206965,0.39712074,-0.2535219,-0.29568696,0.011381819,0.027591489235191165
NSC,Norfolk Southern Corporation,2015,2,2015-07-27 08:45:00,0.026288627,0.027371109,0.94634026,0.45779064,0.22484061,0.31736878,-0.431502,-0.1974695,0.008343189,-0.00823984546050139
NSC,Norfolk Southern Corporation,2015,1,2015-04-29 08:45:00,0.029277554,0.03315578,0.9375666,0.31893462,0.2925277,0.38853768,-0.28965706,-0.25937194,0.011375433,-0.013306082670012997
NSC,Norfolk Southern Corporation,2016,4,2017-01-25 08:45:00,0.04831164,0.035872336,0.915816,0.40454918,0.18341179,0.41203904,-0.35623753,-0.14753945,0.019906282,0.033979481312268515
NSC,Norfolk Southern Corporation,2016,3,2016-10-26 08:45:00,0.02850644,0.034154397,0.9373391,0.3173674,0.28245977,0.4001728,-0.28886098,-0.24830537,0.011407502,0.013769845751215246
NSC,Norfolk Southern Corporation,2016,2,2016-07-27 08:45:00,0.027687117,0.026331354,0.94598144,0.34479064,0.23548856,0.4197209,-0.3171035,-0.20915721,0.0116208615,-0.04517012736194417
NSC,Norfolk Southern Corporation,2016,1,2016-04-21 22:00:00,0.030038325,0.030182483,0.9397793,0.35613883,0.27897248,0.3648887,-0.3261005,-0.24879,0.010960645,0.10304139191460873
NSC,Norfolk Southern Corporation,2017,4,2018-01-24 08:45:00,0.02308267,0.03635936,0.94055796,0.45370996,0.09007758,0.4562125,-0.4306273,-0.05371822,0.010530602,0.0002528351625523976
NSC,Norfolk Southern Corporation,2017,3,2017-10-25 08:45:00,0.024866994,0.033075064,0.94205785,0.41615117,0.123066075,0.4607828,-0.39128417,-0.08999101,0.011458283,-0.007534345831950485
NSC,Norfolk Southern Corporation,2017,2,2017-07-26 08:45:00,0.028757319,0.03338401,0.93785864,0.46238184,0.12697399,0.4106442,-0.4336245,-0.09358998,0.011809026,-0.05488832949512034
NSC,Norfolk Southern Corporation,2017,1,2017-04-26 08:45:00,0.025682144,0.036275614,0.9380423,0.46112216,0.12998453,0.40889332,-0.43544,-0.09370892,0.010501257,0.009087981527515283
NSC,Norfolk Southern Corporation,2018,4,2019-01-24 16:30:00,0.7523012,0.10045738,0.14724147,0.40450433,0.040530063,0.5549656,0.3477969,0.059927315,0.4175013,0.0026020137450275087
NSC,Norfolk Southern Corporation,2018,3,2018-10-24 08:45:00,0.5834044,0.09851833,0.3180773,0.37185898,0.08864713,0.5394939,0.21154544,0.0098712,0.31474313,0.07974827194126581
NSC,Norfolk Southern Corporation,2018,2,2018-07-25 08:45:00,0.030973313,0.030458461,0.9385682,0.49530673,0.058672115,0.44602117,-0.46433342,-0.028213654,0.013814754,0.04891924394172553
NSC,Norfolk Southern Corporation,2018,1,2018-04-25 08:45:00,0.025191242,0.03431616,0.9404926,0.5293716,0.066487,0.4041413,-0.5041804,-0.03217084,0.010180822,0.0546279473841332
NSC,Norfolk Southern Corporation,2019,4,2020-01-29 08:45:00,0.52617246,0.29684517,0.17698243,0.25702935,0.103598416,0.6393723,0.2691431,0.19324675,0.3364201,0.02630862488263673
NSC,Norfolk Southern Corporation,2019,3,2019-10-23 08:45:00,0.54607487,0.37066078,0.083264254,0.3500542,0.19733895,0.4526068,0.19602066,0.17332183,0.2471572,-0.03795896731786218
PAYX,"Paychex, Inc.",2016,4,2016-06-30 09:30:00,0.026261052,0.030709255,0.94302964,0.33545345,0.056885745,0.60766083,-0.3091924,-0.02617649,0.015957812,0.06389307013992016
PAYX,"Paychex, Inc.",2016,3,2016-03-30 09:30:00,0.03155626,0.026266957,0.9421768,0.32821548,0.090811566,0.5809729,-0.29665923,-0.06454461,0.018333333,-0.021268472917646875
PAYX,"Paychex, Inc.",2016,2,2015-12-22 09:30:00,0.025777875,0.034135375,0.9400867,0.3309751,0.031825062,0.6371999,-0.3051972,0.0023103133,0.016425658,0.0015493521682761156
PAYX,"Paychex, Inc.",2016,1,2015-09-30 09:30:00,0.7370283,0.022757323,0.24021435,0.280977,0.06404623,0.6549768,0.4560513,-0.041288905,0.48273644,0.015893729279481406
PAYX,"Paychex, Inc.",2015,4,2015-07-01 09:30:00,0.023566967,0.029398223,0.94703484,0.30752668,0.03337171,0.6591016,-0.28395972,-0.003973486,0.015533025,0.017451264954874215
PAYX,"Paychex, Inc.",2015,3,2015-03-25 09:30:00,0.5382986,0.11642765,0.34527373,0.2561171,0.04004261,0.70384026,0.2821815,0.07638504,0.37887624,-0.019878583472188717
PAYX,"Paychex, Inc.",2015,2,2014-12-19 09:30:00,0.024978483,0.036848363,0.9381732,0.290234,0.050659474,0.6591065,-0.2652555,-0.013811111,0.01646348,-0.028893607505592257
PAYX,"Paychex, Inc.",2015,1,2014-09-24 09:30:00,0.026128076,0.032667555,0.94120437,0.37698013,0.053990986,0.56902885,-0.35085204,-0.021323431,0.014867629,0.04369370880372904
PAYX,"Paychex, Inc.",2017,4,2017-06-28 09:30:00,0.49511522,0.22076082,0.28412396,0.18578666,0.1653527,0.64886063,0.30932856,0.05540812,0.32126078,-0.02416684876624109
PAYX,"Paychex, Inc.",2017,3,2017-03-29 09:30:00,0.023181736,0.042098235,0.93472,0.34093636,0.1204852,0.53857845,-0.31775463,-0.07838696,0.012485184,-0.03525345096703675
PAYX,"Paychex, Inc.",2017,2,2016-12-21 09:30:00,0.023212153,0.038638692,0.93814915,0.25851288,0.119430795,0.6220563,-0.23530073,-0.0807921,0.014439266,0.0009103177845162635
PAYX,"Paychex, Inc.",2017,1,2016-09-28 09:30:00,0.026003435,0.03650739,0.9374893,0.2646205,0.043375995,0.6920036,-0.23861708,-0.0068686046,0.01799447,-0.0574817032532931
PAYX,"Paychex, Inc.",2019,2,2018-12-19 09:30:00,0.71535116,0.059485868,0.22516303,0.25185883,0.028173814,0.71996737,0.46349233,0.031312056,0.5150295,0.03619785110559527
PAYX,"Paychex, Inc.",2019,1,2018-10-02 09:30:00,0.44285327,0.11566251,0.44148424,0.18673486,0.034300227,0.7789648,0.25611842,0.08136228,0.34496713,-0.0014187788772731316
PAYX,"Paychex, Inc.",2018,4,2018-06-27 09:30:00,0.027238771,0.037559513,0.9352017,0.30118462,0.0501097,0.64870566,-0.27394587,-0.012550186,0.017669946,-0.0038163815600211447
PAYX,"Paychex, Inc.",2018,3,2018-03-26 09:30:00,0.026842492,0.031635396,0.94152224,0.37548742,0.037257545,0.58725506,-0.3486449,-0.0056221485,0.015763389,-0.021620552557214276
PAYX,"Paychex, Inc.",2018,2,2017-12-21 09:30:00,0.028894695,0.03155392,0.9395514,0.30392167,0.05126599,0.6448123,-0.27502698,-0.019712068,0.018631654,-0.01407990444933756
PAYX,"Paychex, Inc.",2018,1,2017-10-03 09:30:00,0.029519834,0.026080301,0.94439983,0.31741986,0.038249236,0.6443309,-0.28790003,-0.012168935,0.01902054,0.05669755618150964
PCAR,PACCAR Inc,2015,4,2016-01-29 12:00:00,0.03176422,0.021428555,0.94680715,0.5539573,0.08175885,0.3642838,-0.5221931,-0.060330294,0.011571191,0.06509552878153213
PCAR,PACCAR Inc,2015,3,2015-10-27 12:00:00,0.02224833,0.033432756,0.94431895,0.43059337,0.11963415,0.44977248,-0.40834504,-0.0862014,0.010006687,-0.048884176734633536
PCAR,PACCAR Inc,2015,2,2015-07-28 12:00:00,0.023561958,0.027904578,0.9485335,0.5459062,0.111896634,0.34219718,-0.52234423,-0.08399206,0.008062836,-0.035776615634158924
PCAR,PACCAR Inc,2015,1,2015-04-21 11:00:00,0.024995277,0.03341785,0.9415869,0.5453901,0.06055092,0.3940589,-0.52039486,-0.02713307,0.009849612,0.04043938704141283
PCAR,PACCAR Inc,2016,4,2017-01-31 12:00:00,0.028703433,0.03091897,0.9403776,0.55149466,0.045116358,0.40338898,-0.5227912,-0.014197387,0.011578648,-0.0051924950952758715
PCAR,PACCAR Inc,2016,3,2016-10-25 12:00:00,0.029664941,0.027229266,0.94310576,0.5098708,0.11363659,0.3764926,-0.4802059,-0.086407326,0.011168631,-0.012471409698736193
PCAR,PACCAR Inc,2016,2,2016-07-26 12:00:00,0.030821675,0.02608402,0.9430943,0.3366702,0.16885538,0.4944744,-0.3058485,-0.14277136,0.01524053,0.039442287090075225
PCAR,PACCAR Inc,2016,1,2016-04-26 11:00:00,0.88035774,0.012913325,0.10672903,0.5095096,0.09046924,0.40002114,0.37084812,-0.07755592,0.3521617,0.043988827912654946
PCAR,PACCAR Inc,2017,4,2018-01-30 12:00:00,0.8428866,0.010903015,0.14621039,0.22100382,0.123990975,0.6550053,0.6218828,-0.11308796,0.5520952,-0.05778456745421012
PCAR,PACCAR Inc,2017,3,2017-10-24 12:00:00,0.5908042,0.10239196,0.3068038,0.288511,0.15583314,0.5556558,0.3022932,-0.05344118,0.3282838,-0.043123873321806595
PCAR,PACCAR Inc,2017,2,2017-07-25 12:00:00,0.7871392,0.012883648,0.19997714,0.4067252,0.08792364,0.5053512,0.38041398,-0.07503999,0.39778173,-0.03298085633235836
PCAR,PACCAR Inc,2017,1,2017-04-26 11:00:00,0.025653902,0.030016422,0.9443297,0.53647184,0.031206647,0.43232146,-0.51081795,-0.0011902247,0.011090732,0.024531479210024475
PCAR,PACCAR Inc,2018,3,2018-10-23 12:00:00,0.7081897,0.013496648,0.27831367,0.32149667,0.07301985,0.60548353,0.38669306,-0.0595232,0.42879722,-0.039866539442046295
PCAR,PACCAR Inc,2018,2,2018-07-24 12:00:00,0.02450181,0.027314985,0.9481832,0.36808416,0.041901395,0.5900145,-0.34358236,-0.01458641,0.014456424,0.041184310176613385
PCAR,PACCAR Inc,2018,1,2018-04-24 12:00:00,0.020205356,0.039512865,0.94028175,0.40303245,0.028299924,0.5686676,-0.3828271,0.011212941,0.011490131,-0.078193013775146
PCAR,PACCAR Inc,2019,4,2020-01-28 12:00:00,0.88084555,0.014498016,0.10465649,0.32463685,0.14204137,0.53332186,0.5562087,-0.12754336,0.4697742,-0.003199439420272839
PCAR,PACCAR Inc,2019,3,2019-10-22 12:00:00,0.5573584,0.15382929,0.28881228,0.30444783,0.14643964,0.5491125,0.25291055,0.0073896497,0.30605245,0.049143875554405296
PCAR,PACCAR Inc,2019,2,2019-07-23 12:00:00,0.7121579,0.01516558,0.27267653,0.30188638,0.15792385,0.54018974,0.41027153,-0.14275827,0.3847004,0.016741023907178493
PH,Parker-Hannifin Corporation,2015,4,2015-08-04 11:00:00,0.20474844,0.54881173,0.24643978,0.21814789,0.12579797,0.6560541,-0.013399452,0.42301375,0.13432604,0.008259707523563697
PH,Parker-Hannifin Corporation,2015,3,2015-04-28 11:00:00,0.030459544,0.022224372,0.9473161,0.22465195,0.28928372,0.48606434,-0.19419241,-0.26705936,0.014805298,-0.012151276199485835
PH,Parker-Hannifin Corporation,2015,2,2015-01-27 11:00:00,0.39623868,0.28148445,0.32227683,0.21680121,0.18063615,0.60256267,0.17943747,0.1008483,0.23875864,-0.00886826585880085
PH,Parker-Hannifin Corporation,2015,1,2014-10-28 10:00:00,0.060643584,0.041173458,0.8981829,0.2569329,0.12381316,0.61925393,-0.19628933,-0.0826397,0.037553776,0.05223093454535033
PH,Parker-Hannifin Corporation,2016,4,2016-08-04 11:00:00,0.036524348,0.023149498,0.94032615,0.2903524,0.21204871,0.49759886,-0.25382805,-0.18889922,0.018174473,0.07622757968168856
PH,Parker-Hannifin Corporation,2016,3,2016-04-26 11:00:00,0.023579447,0.024620637,0.9517999,0.34548777,0.19519018,0.459322,-0.32190832,-0.17056954,0.010830559,0.014077370560775812
PH,Parker-Hannifin Corporation,2016,2,2016-01-26 11:00:00,0.028155958,0.027542273,0.9443017,0.2836295,0.30411762,0.41225284,-0.25547355,-0.27657536,0.011607374,0.06799536699745341
PH,Parker-Hannifin Corporation,2016,1,2015-10-22 10:00:00,0.026707465,0.029829696,0.9434628,0.20813742,0.39648557,0.39537707,-0.18142995,-0.3666559,0.010559519,-0.007779038736300727
PH,Parker-Hannifin Corporation,2017,4,2017-08-03 11:00:00,0.0258638,0.032860715,0.94127554,0.31367883,0.09655652,0.58976465,-0.28781503,-0.0636958,0.015253555,-0.036091332117527734
PH,Parker-Hannifin Corporation,2017,3,2017-04-27 11:00:00,0.027392924,0.032571662,0.9400354,0.3791466,0.061353035,0.55950034,-0.35175368,-0.028781373,0.01532635,-0.029735723500785537
PH,Parker-Hannifin Corporation,2017,2,2017-02-02 11:00:00,0.4200463,0.28508124,0.29487243,0.3249006,0.04435484,0.6307445,0.0951457,0.2407264,0.2649419,0.019128666152062913
PH,Parker-Hannifin Corporation,2017,1,2016-10-21 11:00:00,0.02525954,0.035171703,0.93956876,0.27662027,0.16492721,0.55845255,-0.2513607,-0.12975551,0.014106254,0.00013196214794889555
PH,Parker-Hannifin Corporation,2018,4,2018-08-02 11:00:00,0.029873624,0.026845332,0.94328105,0.4586313,0.034241274,0.5071275,-0.42875767,-0.0073959418,0.015149737,0.017878171631409413
PH,Parker-Hannifin Corporation,2018,3,2018-04-26 11:00:00,0.032205604,0.023176752,0.94461775,0.43160045,0.08748602,0.48091346,-0.39939484,-0.06430927,0.015488109,0.0042578380473093005
PH,Parker-Hannifin Corporation,2018,2,2018-02-01 11:00:00,0.027100688,0.027391503,0.9455078,0.3368213,0.13137716,0.5318015,-0.3097206,-0.10398566,0.014412187,-0.04448448282861342
PH,Parker-Hannifin Corporation,2018,1,2017-11-02 11:00:00,0.025176123,0.032484584,0.94233936,0.3359082,0.097887784,0.5662041,-0.31073207,-0.0654032,0.014254823,0.0034735526642297016
PH,Parker-Hannifin Corporation,2019,1,2018-11-01 11:00:00,0.02538008,0.026611691,0.9480082,0.4401022,0.10025194,0.45964587,-0.4147221,-0.07364025,0.011665849,0.09771252896390253
PNR,Pentair plc,2016,4,2017-01-31 09:00:00,0.030497914,0.023424504,0.94607747,0.26266736,0.24753027,0.48980236,-0.23216945,-0.22410576,0.01493795,-0.04846061630128316
PNR,Pentair plc,2016,3,2016-10-25 09:00:00,0.025499187,0.026194343,0.94830644,0.24277793,0.2678023,0.48941982,-0.21727875,-0.24160795,0.012479807,-0.04979309820429964
PNR,Pentair plc,2016,2,2016-07-28 09:00:00,0.023755027,0.0323726,0.94387245,0.29569307,0.23745099,0.466856,-0.27193806,-0.2050784,0.011090177,-0.022760315938997522
PNR,Pentair plc,2016,1,2016-04-26 10:00:00,0.026275773,0.02678796,0.94693625,0.27022696,0.2198185,0.5099545,-0.24395119,-0.19303054,0.013399449,0.04483374304374
PNR,Pentair plc,2015,4,2016-02-02 09:00:00,0.030835705,0.02531051,0.9438538,0.17454904,0.45387867,0.3715723,-0.14371334,-0.42856815,0.011457694,0.014280082437617529
PNR,Pentair plc,2015,3,2015-10-20 09:00:00,0.03036199,0.026332203,0.9433059,0.15163162,0.30252546,0.5458429,-0.121269636,-0.27619326,0.016572876,-0.020860939580163638
PNR,Pentair plc,2015,2,2015-07-21 09:00:00,0.032363642,0.029559202,0.9380771,0.21888737,0.30676436,0.47434816,-0.18652374,-0.27720517,0.015351634,-0.050949534917771225
PNR,Pentair plc,2015,1,2015-04-21 09:00:00,0.023794502,0.03906041,0.9371451,0.14909887,0.45473084,0.39617023,-0.12530437,-0.41567042,0.009426673,-0.026284841408533557
PNR,Pentair plc,2017,4,2018-01-30 08:00:00,0.027653033,0.029682145,0.94266486,0.3450325,0.049212463,0.60575503,-0.31737947,-0.019530319,0.016750963,-0.016705605067053167
PNR,Pentair plc,2017,3,2017-10-24 08:00:00,0.02608432,0.032953627,0.9409621,0.43607026,0.08138317,0.48254654,-0.40998593,-0.04842954,0.012586898,-0.009091132705691035
PNR,Pentair plc,2017,2,2017-07-25 08:00:00,0.060659662,0.038239557,0.9011008,0.3842191,0.0803062,0.5354748,-0.32355946,-0.042066645,0.03248172,-0.03543505408791169
PNR,Pentair plc,2017,1,2017-04-26 08:00:00,0.023592416,0.032691132,0.94371647,0.28350163,0.08350833,0.63299,-0.2599092,-0.050817195,0.014933764,0.012419151888447357
PNR,Pentair plc,2018,3,2018-10-23 08:00:00,0.027205897,0.03366722,0.93912685,0.32028577,0.045627996,0.6340863,-0.29307988,-0.011960775,0.017250888,0.07337256076372325
PNR,Pentair plc,2018,2,2018-07-25 08:00:00,0.029602863,0.03504381,0.93535334,0.29235286,0.055012032,0.6526351,-0.26275,-0.019968223,0.019319868,-0.01968586226568613
PNR,Pentair plc,2018,1,2018-04-19 08:00:00,0.023669753,0.035492823,0.94083744,0.31782922,0.042571615,0.63959926,-0.29415947,-0.007078793,0.015139157,-0.0446881602279141
PWR,"Quanta Services, Inc.",2016,4,2017-02-21 09:00:00,0.6007731,0.14689548,0.2523314,0.26063287,0.04704922,0.6923179,0.34014022,0.09984626,0.41592598,-0.0031601609450010353
PWR,"Quanta Services, Inc.",2016,3,2016-11-03 09:00:00,0.02435952,0.041915454,0.9337251,0.36996338,0.15455693,0.47547972,-0.34560385,-0.112641476,0.011582458,0.06759043018414712
PWR,"Quanta Services, Inc.",2016,2,2016-08-04 09:00:00,0.02870254,0.022121191,0.94917625,0.19099456,0.26012427,0.5488811,-0.16229202,-0.23800308,0.015754282,-0.023936132025390543
PWR,"Quanta Services, Inc.",2016,1,2016-05-05 09:00:00,0.35918388,0.3870051,0.25381103,0.14187251,0.042502157,0.8156253,0.21731137,0.34450293,0.29295945,0.0018496325011807067
PWR,"Quanta Services, Inc.",2015,4,2016-02-25 09:30:00,0.32462555,0.41220525,0.2631692,0.19793716,0.110250406,0.69181246,0.12668839,0.30195484,0.22458,0.12849011421011386
PWR,"Quanta Services, Inc.",2015,3,2015-11-05 09:30:00,0.26313117,0.36427388,0.37259495,0.23287645,0.08161774,0.6855059,0.030254722,0.28265613,0.18037798,0.06288923706202335
PWR,"Quanta Services, Inc.",2015,2,2015-08-05 09:30:00,0.15849678,0.60280144,0.23870167,0.14960028,0.071264885,0.77913487,0.0088965,0.5315366,0.12349037,-0.083976644038312
PWR,"Quanta Services, Inc.",2015,1,2015-04-30 09:30:00,0.313225,0.40067324,0.2861017,0.21180724,0.09340891,0.69478387,0.101417765,0.30726433,0.21762368,-0.046645794838256906
PWR,"Quanta Services, Inc.",2017,4,2018-02-22 09:00:00,0.028315924,0.036626574,0.9350576,0.37584546,0.108706474,0.51544815,-0.34752953,-0.0720799,0.014595391,-0.019369512951396526
PWR,"Quanta Services, Inc.",2017,3,2017-11-04 09:00:00,0.6741137,0.18343706,0.14244923,0.19183831,0.03568604,0.7724756,0.48227537,0.14775103,0.5207364,0.03088467420350091
PWR,"Quanta Services, Inc.",2017,2,2017-08-05 09:00:00,0.028124839,0.029688602,0.94218653,0.4609366,0.055422254,0.48364112,-0.43281177,-0.025733652,0.0136023285,-0.019672272346784057
PWR,"Quanta Services, Inc.",2017,1,2017-05-07 09:00:00,0.02704611,0.028444394,0.94450945,0.34371045,0.160603,0.4956865,-0.31666434,-0.1321586,0.013406392,-0.060955595361808376
PWR,"Quanta Services, Inc.",2019,4,2020-02-27 09:00:00,0.6080183,0.2499482,0.14203349,0.24656275,0.03280882,0.72062844,0.36145553,0.21713938,0.43815526,0.08468174260304012
PWR,"Quanta Services, Inc.",2019,2,2019-08-01 09:00:00,0.5856937,0.16607672,0.24822952,0.23174275,0.031659767,0.7365975,0.35395098,0.13441695,0.4314205,-0.08629125958148831
PWR,"Quanta Services, Inc.",2018,3,2018-11-01 09:00:00,0.025899466,0.030237282,0.9438632,0.49422124,0.057259783,0.44851896,-0.46832177,-0.027022501,0.011616401,0.09762591799140968
PWR,"Quanta Services, Inc.",2018,2,2018-08-02 09:00:00,0.026612027,0.03173894,0.941649,0.39488465,0.10828239,0.49683285,-0.36827263,-0.07654345,0.013221729,0.0032989945953328277
PWR,"Quanta Services, Inc.",2018,1,2018-05-03 09:00:00,0.027807746,0.028311992,0.9438802,0.41972226,0.066925004,0.5133528,-0.39191452,-0.038613014,0.014275185,0.07198996498505546
ROK,"Rockwell Automation, Inc.",2015,4,2015-11-10 08:30:00,0.031836323,0.04890307,0.9192606,0.23323016,0.47643036,0.29033956,-0.20139384,-0.42752728,0.009243344,-0.030436322769524342
ROK,"Rockwell Automation, Inc.",2015,3,2015-07-29 08:30:00,0.37725598,0.31318852,0.30955547,0.19503416,0.29187134,0.5130945,0.18222181,0.021317184,0.19356796,-0.029987353701518275
ROK,"Rockwell Automation, Inc.",2015,2,2015-04-30 08:30:00,0.026335554,0.03407514,0.93958926,0.31722775,0.27722907,0.4055432,-0.29089218,-0.24315393,0.010680205,0.07224322075763527
ROK,"Rockwell Automation, Inc.",2015,1,2015-01-28 08:30:00,0.028747596,0.02732799,0.9439245,0.31169635,0.21971221,0.46859145,-0.28294876,-0.19238423,0.013470878,0.03942644340308659
ROK,"Rockwell Automation, Inc.",2016,4,2016-11-07 08:30:00,0.27111742,0.483365,0.24551754,0.30462396,0.13762346,0.5577526,-0.033506542,0.34574154,0.15121645,0.09368436335417263
ROK,"Rockwell Automation, Inc.",2016,3,2016-07-27 08:30:00,0.121993385,0.56994176,0.30806488,0.18361275,0.31941274,0.4969745,-0.061619364,0.25052902,0.060627602,-0.047084068748067795
ROK,"Rockwell Automation, Inc.",2016,2,2016-04-27 08:30:00,0.031228041,0.03043923,0.9383327,0.24382152,0.32644916,0.42972934,-0.21259348,-0.29600993,0.013419606,-0.02261156719982465
ROK,"Rockwell Automation, Inc.",2016,1,2016-01-27 08:30:00,0.029290328,0.033136528,0.9375732,0.2510317,0.40614444,0.34282386,-0.22174136,-0.37300792,0.010041423,0.0015694309277868128
ROK,"Rockwell Automation, Inc.",2017,4,2017-11-08 08:30:00,0.034658547,0.03274363,0.9325978,0.44724768,0.05957098,0.49318132,-0.41258913,-0.02682735,0.017092949,-0.046053987740151084
ROK,"Rockwell Automation, Inc.",2017,3,2017-07-26 08:30:00,0.027326152,0.037060164,0.93561375,0.4976217,0.08275996,0.41961837,-0.47029555,-0.045699798,0.011466555,0.012820692134387067
ROK,"Rockwell Automation, Inc.",2017,2,2017-04-26 08:30:00,0.0285313,0.037008014,0.9344607,0.43686977,0.056826513,0.5063037,-0.40833846,-0.0198185,0.014445503,-0.03476863636196398
ROK,"Rockwell Automation, Inc.",2017,1,2017-01-25 08:30:00,0.068923,0.03670573,0.8943713,0.3367354,0.15915987,0.50410473,-0.2678124,-0.12245414,0.034744408,0.04057185799091341
ROK,"Rockwell Automation, Inc.",2018,4,2018-11-07 08:30:00,0.03242931,0.030295184,0.93727547,0.38845482,0.091652125,0.51989305,-0.35602552,-0.06135694,0.016859774,-0.03155599720804149
ROK,"Rockwell Automation, Inc.",2018,3,2018-07-25 08:30:00,0.02988587,0.046074383,0.9240397,0.58257467,0.038972933,0.37845242,-0.5526888,0.00710145,0.01131038,0.08415255724100526
ROK,"Rockwell Automation, Inc.",2018,2,2018-04-25 08:30:00,0.025701867,0.04012005,0.93417805,0.4189388,0.07246675,0.50859445,-0.3932369,-0.032346703,0.013071828,0.032786827037853156
ROK,"Rockwell Automation, Inc.",2018,1,2018-01-24 08:30:00,0.72683567,0.07212775,0.20103659,0.2840228,0.10294433,0.6130329,0.44281286,-0.030816577,0.44557416,-0.030756440776769863
ROK,"Rockwell Automation, Inc.",2019,4,2019-11-12 08:30:00,0.59886616,0.2198996,0.18123426,0.27421996,0.11939743,0.6063826,0.3246462,0.10050216,0.363142,0.08674337093164315
ROL,"Rollins, Inc.",2018,3,2018-10-24 10:00:00,0.021108836,0.030531408,0.9483597,0.46688727,0.023984483,0.50912815,-0.44577843,0.0065469258,0.010747103,0.05965061319719837
ROL,"Rollins, Inc.",2018,2,2018-07-25 10:00:00,0.020473402,0.035256255,0.9442704,0.47397605,0.039974347,0.4860496,-0.45350266,-0.0047180913,0.009951089,0.013865912581702106
ROL,"Rollins, Inc.",2018,1,2018-04-25 10:00:00,0.0566925,0.030930098,0.9123774,0.49280336,0.07468829,0.43250832,-0.43611085,-0.043758195,0.024519978,-0.043041218523301485
ROL,"Rollins, Inc.",2019,2,2019-07-24 10:00:00,0.60224843,0.18580364,0.21194789,0.24566798,0.10391222,0.6504198,0.35658044,0.08189142,0.39171427,-0.11275263081605774
RSG,"Republic Services, Inc.",2016,4,2017-02-17 17:00:00,0.5588372,0.21285899,0.22830391,0.35559252,0.0267683,0.6176392,0.20324466,0.1860907,0.34515974,0.014444904195382316
RSG,"Republic Services, Inc.",2016,3,2016-10-28 17:00:00,0.5253609,0.13190408,0.34273505,0.27852604,0.060990352,0.6604836,0.24683484,0.07091373,0.34699225,-0.0018260133632531615
RSG,"Republic Services, Inc.",2016,2,2016-07-29 17:00:00,0.49087396,0.24186681,0.2672592,0.2712866,0.12445669,0.6042567,0.21958736,0.11741012,0.29661387,-0.011157149874637475
RSG,"Republic Services, Inc.",2016,1,2016-04-29 17:00:00,0.4075922,0.27439016,0.3180176,0.22601904,0.19479291,0.579188,0.18157317,0.07959725,0.23607251,0.03103129616596139
RSG,"Republic Services, Inc.",2017,3,2017-11-03 10:00:00,0.7649624,0.032359216,0.20267846,0.23611629,0.04957822,0.7143056,0.5288461,-0.017219003,0.5464169,-0.021782989001038484
RSG,"Republic Services, Inc.",2017,2,2017-07-28 17:00:00,0.77229893,0.018979663,0.20872143,0.34363958,0.03264004,0.6237204,0.42865935,-0.013660377,0.4816986,0.002657002966946688
RSG,"Republic Services, Inc.",2017,1,2017-04-28 17:00:00,0.6697806,0.036799874,0.29341948,0.28062564,0.061535325,0.65783906,0.38915497,-0.02473545,0.44060785,-0.0035093758316030775
SNA,Snap-on Incorporated,2015,4,2016-02-04 10:00:00,0.3814817,0.22869629,0.38982192,0.2973118,0.034981947,0.6677062,0.084169894,0.19371434,0.2547177,-0.05503437144685907
SNA,Snap-on Incorporated,2015,3,2015-10-22 10:00:00,0.737684,0.07902441,0.1832916,0.18487915,0.052643303,0.76247764,0.5528048,0.026381109,0.5624676,-0.005419173584022607
SNA,Snap-on Incorporated,2015,2,2015-07-23 10:00:00,0.70015454,0.0874468,0.21239871,0.1447938,0.036632653,0.81857353,0.55536073,0.050814148,0.573128,0.01648869555771806
SNA,Snap-on Incorporated,2015,1,2015-04-23 10:00:00,0.7770999,0.020571832,0.2023282,0.1635506,0.097480364,0.738969,0.6135493,-0.07690853,0.5742528,0.012928346435202161
SNA,Snap-on Incorporated,2016,4,2017-02-02 10:00:00,0.71869475,0.09537441,0.18593083,0.15097392,0.065476276,0.7835498,0.56772083,0.029898137,0.5631331,-0.0767607463705856
SNA,Snap-on Incorporated,2016,3,2016-10-20 11:00:00,0.6680897,0.033633925,0.2982764,0.20415078,0.09457197,0.70127726,0.4639389,-0.060938045,0.4685161,0.036230485926955665
SNA,Snap-on Incorporated,2016,2,2016-07-21 10:00:00,0.39108023,0.10529696,0.50362283,0.055366985,0.0217265,0.9229066,0.33571324,0.083570465,0.3609305,-0.03681351960124974
SNA,Snap-on Incorporated,2016,1,2016-04-22 10:00:00,0.5918901,0.14860032,0.25950968,0.13260387,0.051481787,0.81591433,0.4592862,0.09711854,0.4829316,0.006775007926256113
SNA,Snap-on Incorporated,2017,4,2018-02-08 10:00:00,0.43253848,0.1739731,0.39348844,0.056963973,0.020755945,0.92228013,0.3755745,0.15321715,0.39892164,-0.05118099948055247
SNA,Snap-on Incorporated,2017,3,2017-10-19 10:00:00,0.68928057,0.13472427,0.17599517,0.18158437,0.20981948,0.60859615,0.5076962,-0.07509521,0.4194935,0.03909255769987596
SNA,Snap-on Incorporated,2017,2,2017-07-20 10:00:00,0.7593722,0.10753142,0.1330964,0.1467671,0.11894952,0.7342833,0.6126051,-0.011418097,0.5575943,-0.018587245824088713
SNA,Snap-on Incorporated,2017,1,2017-04-20 10:00:00,0.78424484,0.03201932,0.18373585,0.13642173,0.08749575,0.7760825,0.6478231,-0.05547643,0.6086387,0.01835398228306829
SNA,Snap-on Incorporated,2018,4,2019-02-07 10:00:00,0.50446755,0.34698248,0.14854997,0.20489684,0.15326385,0.6418393,0.2995707,0.19371863,0.32378712,-0.06356625757084827
SNA,Snap-on Incorporated,2018,3,2018-10-18 10:00:00,0.5278664,0.25924614,0.21288739,0.2628699,0.086912535,0.6502176,0.26499653,0.1723336,0.34322804,-0.06819797077201759
SNA,Snap-on Incorporated,2018,2,2018-07-19 00:00:00,0.5628856,0.22084199,0.21627252,0.13207456,0.162611,0.7053145,0.43081102,0.058230996,0.39701137,0.05897985568478173
SNA,Snap-on Incorporated,2018,1,2018-04-19 10:00:00,0.51761675,0.17751898,0.30486435,0.13055211,0.09900835,0.7704395,0.38706464,0.07851063,0.3987924,0.04463495809964234
SNA,Snap-on Incorporated,2019,4,2020-02-06 10:00:00,0.63045025,0.14628051,0.22326933,0.23962756,0.14151293,0.61885947,0.3908227,0.004767582,0.3901601,-0.06307140595735794
SNA,Snap-on Incorporated,2019,3,2019-10-17 10:00:00,0.63507944,0.15819767,0.20672284,0.16649272,0.10147512,0.7320321,0.46858674,0.05672255,0.46489856,0.040695613220374835
SNA,Snap-on Incorporated,2019,2,2019-07-18 10:00:00,0.50005305,0.32948735,0.17045961,0.09954309,0.22121365,0.67924327,0.40050995,0.1082737,0.33965766,-0.004044001848746833
SNA,Snap-on Incorporated,2019,1,2019-04-18 10:00:00,0.6640051,0.19366948,0.14232542,0.15915659,0.10591789,0.73492545,0.5048485,0.08775159,0.48799425,0.06198865336870131
SWK,"Stanley Black & Decker, Inc.",2015,4,2016-01-28 08:00:00,0.03058502,0.026183331,0.94323164,0.40845555,0.2001683,0.3913761,-0.37787053,-0.17398496,0.011970246,-0.017364556059805532
SWK,"Stanley Black & Decker, Inc.",2015,3,2015-10-22 08:00:00,0.03067363,0.02627462,0.9430518,0.4687635,0.17511633,0.3561202,-0.43808988,-0.14884171,0.010923499,0.04976198564956936
SWK,"Stanley Black & Decker, Inc.",2015,2,2015-07-30 08:00:00,0.028687786,0.028140984,0.9431713,0.5811295,0.05698205,0.3618886,-0.5524417,-0.028841067,0.010381782,-0.015595951491285098
SWK,"Stanley Black & Decker, Inc.",2015,1,2015-04-23 08:00:00,0.025375212,0.029228052,0.9453967,0.5237676,0.114126384,0.3621059,-0.49839237,-0.08489833,0.009188514,0.0166640118968915
SWK,"Stanley Black & Decker, Inc.",2016,4,2017-01-26 08:00:00,0.026486192,0.025523534,0.94799024,0.4573698,0.073037975,0.4695922,-0.43088362,-0.04751444,0.01243771,-0.007905405286663354
SWK,"Stanley Black & Decker, Inc.",2016,3,2016-10-27 08:00:00,0.02681749,0.03442914,0.9387535,0.4556133,0.18175773,0.362629,-0.42879578,-0.14732859,0.0097248,0.0006083998171343523
SWK,"Stanley Black & Decker, Inc.",2016,2,2016-07-22 08:00:00,0.032258984,0.022994962,0.9447461,0.5307203,0.08574813,0.38353154,-0.4984613,-0.06275317,0.012372337,0.05464325385471557
SWK,"Stanley Black & Decker, Inc.",2016,1,2016-04-21 08:00:00,0.07182003,0.042875383,0.8853046,0.5393562,0.04922861,0.4114152,-0.46753615,-0.0063532256,0.02954785,0.05136461882192614
SWK,"Stanley Black & Decker, Inc.",2017,4,2018-01-24 08:00:00,0.024635987,0.03016132,0.9452026,0.45709983,0.110562265,0.43233785,-0.43246382,-0.080400944,0.01065107,-0.03865521339716972
SWK,"Stanley Black & Decker, Inc.",2017,3,2017-10-24 08:00:00,0.02633572,0.030166663,0.9434976,0.44269115,0.09200914,0.46529967,-0.41635543,-0.06184248,0.012254002,0.017232219729573162
SWK,"Stanley Black & Decker, Inc.",2017,2,2017-07-24 08:00:00,0.028458146,0.026418023,0.9451238,0.46377382,0.080469206,0.45575702,-0.43531567,-0.054051183,0.0129700005,-0.040650068495295934
SWK,"Stanley Black & Decker, Inc.",2017,1,2017-04-21 08:00:00,0.025782432,0.031688336,0.9425292,0.514532,0.061523896,0.42394412,-0.4887496,-0.02983556,0.010930311,0.013882979014640244
SWK,"Stanley Black & Decker, Inc.",2018,4,2019-01-22 08:00:00,0.7745576,0.02900557,0.19643694,0.17893773,0.15037705,0.6706853,0.59561986,-0.12137148,0.5194844,-0.08749317439701264
SWK,"Stanley Black & Decker, Inc.",2018,3,2018-10-25 08:30:00,0.026494402,0.047158048,0.92634755,0.49466184,0.06739794,0.43794027,-0.46816742,-0.02023989,0.011602966,0.06024311481927532
SWK,"Stanley Black & Decker, Inc.",2018,2,2018-07-20 08:00:00,0.029354986,0.028402692,0.9422423,0.51167357,0.09087263,0.39745384,-0.48231858,-0.062469937,0.011667252,0.03964553103648607
SWK,"Stanley Black & Decker, Inc.",2018,1,2018-04-20 08:00:00,0.026423512,0.027431961,0.9461446,0.4685846,0.119421594,0.4119938,-0.44216108,-0.09198964,0.010886323,-0.05620334209525685
SWK,"Stanley Black & Decker, Inc.",2019,2,2019-07-23 08:00:00,0.74183685,0.11601429,0.1421489,0.31270438,0.068446994,0.6188486,0.42913246,0.047567293,0.45908472,0.06060477087013824
TDG,TransDigm Group Incorporated,2016,4,2016-11-14 11:00:00,0.032051764,0.02924434,0.938704,0.35338232,0.118717775,0.5278999,-0.32133055,-0.089473434,0.016920123,-0.09237670091328032
TDG,TransDigm Group Incorporated,2016,3,2016-08-09 11:00:00,0.03079168,0.03094163,0.9382667,0.3422831,0.12094238,0.53677446,-0.31149143,-0.09000075,0.016528187,0.017669750342535692
TDG,TransDigm Group Incorporated,2016,2,2016-05-10 11:00:00,0.033862494,0.035112157,0.9310253,0.35928234,0.14400917,0.4967084,-0.32541984,-0.108897015,0.016819784,0.10851423367388802
TDG,TransDigm Group Incorporated,2016,1,2016-02-09 11:00:00,0.029235706,0.0314481,0.93931615,0.18228808,0.22927533,0.5884366,-0.15305237,-0.19782723,0.017203359,-0.07313738877297822
TDG,TransDigm Group Incorporated,2017,4,2017-11-09 11:00:00,0.4731208,0.17067617,0.35620296,0.11977565,0.04251296,0.83771145,0.35334516,0.12816322,0.39633873,-0.05477784858385864
TDG,TransDigm Group Incorporated,2017,3,2017-08-08 11:00:00,0.02746846,0.030486947,0.94204456,0.24095662,0.23464847,0.52439487,-0.21348816,-0.20416152,0.014404319,-0.012664172875868102
TDG,TransDigm Group Incorporated,2017,2,2017-05-09 11:00:00,0.027473625,0.03172333,0.940803,0.2650698,0.1604019,0.5745283,-0.23759618,-0.12867856,0.015784374,-0.024338650353888838
TDG,TransDigm Group Incorporated,2017,1,2017-02-07 11:00:00,0.02921418,0.036818758,0.93396705,0.18758382,0.17780054,0.6346157,-0.15836965,-0.14098178,0.018539777,0.06376099545415662
TDG,TransDigm Group Incorporated,2018,4,2018-11-06 11:00:00,0.028169747,0.025127435,0.94670284,0.37200004,0.067494184,0.5605057,-0.3438303,-0.04236675,0.015789304,0.0014833443067590844
TDG,TransDigm Group Incorporated,2018,3,2018-08-07 11:00:00,0.032074887,0.027687168,0.94023794,0.3173878,0.10118553,0.5814267,-0.2853129,-0.07349836,0.018649194,-0.030104258667422813
TDG,TransDigm Group Incorporated,2018,2,2018-05-01 09:30:00,0.030053409,0.029891336,0.9400553,0.32924736,0.09191335,0.5788393,-0.29919395,-0.062022015,0.017396094,0.026298060674470478
TDG,TransDigm Group Incorporated,2018,1,2018-02-06 11:00:00,0.49707094,0.16891286,0.33401623,0.15605628,0.07936232,0.76458144,0.34101465,0.08955054,0.38005123,-0.042541772032463926
TDG,TransDigm Group Incorporated,2019,2,2019-05-07 11:00:00,0.43116623,0.040239625,0.52859414,0.150763,0.06747537,0.7817616,0.28040323,-0.027235746,0.33706918,0.01694432642365424
TXT,Textron Inc.,2015,4,2016-01-27 08:00:00,0.02948581,0.031908203,0.93860596,0.3425849,0.2158256,0.44158953,-0.3130991,-0.1839174,0.013020625,-0.1491225818493143
TXT,Textron Inc.,2015,3,2015-10-27 08:00:00,0.029062297,0.02913862,0.94179904,0.26338118,0.21501806,0.5216007,-0.23431888,-0.18587944,0.015158915,0.06456293750662491
TXT,Textron Inc.,2015,2,2015-07-28 08:00:00,0.028173877,0.026661202,0.9451649,0.17922086,0.27240992,0.54836917,-0.15104698,-0.24574871,0.015449685,0.051976942014507
TXT,Textron Inc.,2015,1,2015-04-28 08:00:00,0.47092333,0.46360445,0.065472275,0.25839332,0.0606566,0.6809501,0.21253002,0.40294784,0.32067528,0.025944250668236378
TXT,Textron Inc.,2016,4,2017-01-25 08:00:00,0.3207758,0.22834626,0.4508779,0.051781744,0.037243497,0.91097474,0.26899406,0.19110276,0.29221866,-0.046147168729749985
TXT,Textron Inc.,2016,3,2016-10-20 08:00:00,0.024581622,0.038726684,0.9366917,0.22258481,0.20830658,0.5691086,-0.19800319,-0.1695799,0.013989612,0.0441017199039797
TXT,Textron Inc.,2016,2,2016-07-22 08:00:00,0.027241578,0.029203411,0.943555,0.3158237,0.13418104,0.5499953,-0.28858212,-0.10497762,0.01498274,-0.00924951791578329
TXT,Textron Inc.,2016,1,2016-04-20 08:00:00,0.026861202,0.042474214,0.93066466,0.28204423,0.12334002,0.5946157,-0.25518304,-0.0808658,0.015972093,0.05078389064807369
TXT,Textron Inc.,2017,4,2018-01-31 08:00:00,0.31441972,0.6310671,0.054513197,0.3071883,0.08111686,0.61169493,0.0072314143,0.54995024,0.19232894,0.012155144507186758
TXT,Textron Inc.,2017,3,2017-10-19 08:00:00,0.020916373,0.04079233,0.93829125,0.24119717,0.17436954,0.58443326,-0.2202808,-0.13357721,0.012224223,0.003882407142215716
TXT,Textron Inc.,2017,2,2017-07-19 08:00:00,0.028605903,0.042107202,0.9292869,0.27406874,0.20653644,0.5193949,-0.24546283,-0.16442925,0.014857759,-0.015678211643396722
TXT,Textron Inc.,2017,1,2017-04-19 08:00:00,0.056230914,0.031737346,0.9120317,0.22104314,0.17272423,0.6062326,-0.16481222,-0.14098689,0.034089014,-0.023337192834279822
TXT,Textron Inc.,2018,3,2018-10-18 08:00:00,0.02666115,0.037410848,0.9359279,0.27870038,0.1781417,0.54315794,-0.25203922,-0.14073086,0.014481215,-0.13522823860583433
TXT,Textron Inc.,2018,2,2018-07-19 08:00:00,0.71517605,0.24745315,0.037370782,0.35633495,0.1050773,0.53858775,0.3588411,0.14237586,0.38518506,0.014676378807926967
TXT,Textron Inc.,2018,1,2018-04-18 08:00:00,0.025049377,0.03519166,0.93975896,0.32628116,0.14584714,0.5278718,-0.30123177,-0.11065549,0.013222859,0.08347781514340914
TXT,Textron Inc.,2019,4,2020-01-29 08:00:00,0.5453534,0.4015131,0.053133518,0.21836461,0.16874306,0.6128923,0.32698882,0.23277004,0.3342429,0.09660134377935994
UAL,"United Airlines Holdings, Inc.",2015,4,2016-01-21 10:30:00,0.41444406,0.16301918,0.4225368,0.15705259,0.03451541,0.8084319,0.25739145,0.12850377,0.3350498,0.003639219206206641
UAL,"United Airlines Holdings, Inc.",2015,3,2015-10-23 10:30:00,0.028795846,0.024765503,0.9464387,0.33031002,0.089288965,0.58040106,-0.30151418,-0.06452346,0.016713139,0.06292201581274123
UAL,"United Airlines Holdings, Inc.",2015,2,2015-07-23 10:30:00,0.053959716,0.030486504,0.9155538,0.40303525,0.17674474,0.42022005,-0.34907553,-0.14625823,0.022674954,-0.0014191426606031264
UAL,"United Airlines Holdings, Inc.",2015,1,2015-04-23 10:30:00,0.34445846,0.22732373,0.42821783,0.07892818,0.28642276,0.63464904,0.2655303,-0.059099033,0.21861023,-0.05620394869687767
UAL,"United Airlines Holdings, Inc.",2016,4,2017-01-18 10:30:00,0.022250006,0.040597778,0.93715215,0.28107265,0.13639104,0.5825363,-0.25882265,-0.09579326,0.012961436,-0.015474099834005696
UAL,"United Airlines Holdings, Inc.",2016,3,2016-10-18 10:30:00,0.030413507,0.02764102,0.94194555,0.29156002,0.114762194,0.5936777,-0.26114652,-0.087121174,0.01805582,0.022337216381008516
UAL,"United Airlines Holdings, Inc.",2016,2,2016-07-20 10:30:00,0.028696606,0.023848737,0.94745463,0.23166804,0.23921207,0.52911985,-0.20297143,-0.21536332,0.015183944,-0.0098624944249109
UAL,"United Airlines Holdings, Inc.",2016,1,2016-04-21 10:30:00,0.026784645,0.027137514,0.9460778,0.28592274,0.16172983,0.55234736,-0.25913808,-0.13459231,0.014794428,-0.16721605963785477
UAL,"United Airlines Holdings, Inc.",2017,3,2017-10-20 10:30:00,0.03181889,0.028290723,0.93989044,0.2542128,0.1489083,0.5968788,-0.2223939,-0.12061758,0.018992022,0.0004581109668376363
UAL,"United Airlines Holdings, Inc.",2017,2,2017-07-19 10:30:00,0.025755659,0.031836826,0.9424074,0.34328124,0.0581113,0.5986075,-0.31752557,-0.026274472,0.01541753,-0.1167574855846151
UAL,"United Airlines Holdings, Inc.",2017,1,2017-04-18 10:30:00,0.022508712,0.038793765,0.93869746,0.34899268,0.12158302,0.5294243,-0.32648396,-0.08278926,0.01191666,-0.01403208622788886
UAL,"United Airlines Holdings, Inc.",2018,3,2018-10-17 10:30:00,0.049181905,0.03501777,0.9158003,0.4488573,0.0661822,0.48496056,-0.3996754,-0.031164434,0.023851283,0.038817450254962145
UAL,"United Airlines Holdings, Inc.",2018,1,2018-04-18 10:30:00,0.02442507,0.029383773,0.94619113,0.46198168,0.03450666,0.5035116,-0.43755662,-0.005122887,0.012298306,0.04212713192209298
UNP,Union Pacific Corporation,2016,4,2017-01-19 08:45:00,0.046761356,0.042774048,0.9104646,0.2819406,0.24733438,0.47072503,-0.23517925,-0.20456032,0.02201174,0.050570461271353305
UNP,Union Pacific Corporation,2016,3,2016-10-20 08:45:00,0.022458307,0.037227172,0.94031453,0.29707494,0.29809812,0.4048269,-0.27461663,-0.26087093,0.009091727,-0.08021458885161273
UNP,Union Pacific Corporation,2016,2,2016-07-21 16:30:00,0.022982229,0.03322387,0.9437939,0.21743692,0.32620487,0.4563582,-0.1944547,-0.292981,0.010488128,0.01942088403283079
UNP,Union Pacific Corporation,2016,1,2016-04-21 08:45:00,0.029231247,0.036294848,0.93447393,0.2276967,0.35390735,0.41839594,-0.19846545,-0.3176125,0.012230235,0.06822298564487445
UNP,Union Pacific Corporation,2015,4,2016-01-21 08:45:00,0.025475616,0.030130232,0.9443941,0.18260421,0.3549913,0.46240452,-0.15712859,-0.32486105,0.011780039,-0.06517082659098976
UNP,Union Pacific Corporation,2015,3,2015-10-22 08:45:00,0.4014217,0.508263,0.0903153,0.20299865,0.14922063,0.64778066,0.19842304,0.35904235,0.26003322,-0.065843210471136
UNP,Union Pacific Corporation,2015,2,2015-07-23 08:45:00,0.32532972,0.63374335,0.040926892,0.23570536,0.13626927,0.62802535,0.08962436,0.49747407,0.20431532,0.002815552101833709
UNP,Union Pacific Corporation,2015,1,2015-04-23 08:45:00,0.40985897,0.53739303,0.052748024,0.2130518,0.15279076,0.6341574,0.19680718,0.38460228,0.2599151,-0.029989533463545274
UNP,Union Pacific Corporation,2017,4,2018-01-25 20:45:00,0.025198378,0.029361585,0.94543993,0.2841965,0.16861965,0.54718393,-0.25899813,-0.13925806,0.013788147,-0.004574484940888315
UNP,Union Pacific Corporation,2017,3,2017-10-26 08:45:00,0.026827937,0.031924173,0.94124794,0.34811985,0.17082049,0.48105967,-0.32129192,-0.13889632,0.012905839,0.06476028619603211
UNP,Union Pacific Corporation,2017,2,2017-07-20 08:45:00,0.026430858,0.028765408,0.9448037,0.3439861,0.15031944,0.50569445,-0.31755525,-0.12155403,0.013365938,-0.06036067658694285
UNP,Union Pacific Corporation,2017,1,2017-04-27 08:45:00,0.030481828,0.026882509,0.94263566,0.39607793,0.1495611,0.45436093,-0.36559612,-0.1226786,0.013849752,0.0005853924979465202
UNP,Union Pacific Corporation,2018,3,2018-10-25 08:45:00,0.028610466,0.03465362,0.9367359,0.28656954,0.13553244,0.577898,-0.25795907,-0.10087882,0.016533932,0.016190401160783734
UNP,Union Pacific Corporation,2018,2,2018-07-19 08:45:00,0.027629796,0.02947199,0.9428982,0.36553353,0.11447028,0.5199962,-0.33790374,-0.084998295,0.0143673895,0.03805560567672293
UNP,Union Pacific Corporation,2019,1,2019-04-18 08:45:00,0.027822526,0.08725003,0.8849274,0.2550542,0.20186377,0.543082,-0.22723168,-0.114613734,0.015109913,0.03331004101493724
UNP,Union Pacific Corporation,2018,1,2018-04-26 08:45:00,0.02879554,0.035949647,0.9352548,0.42742175,0.1370783,0.4354999,-0.3986262,-0.10112865,0.012540455,-0.02816050107066677
UPS,"United Parcel Service, Inc.",2015,4,2016-02-02 08:30:00,0.76151,0.0453099,0.19318005,0.44552955,0.057609715,0.4968607,0.31598046,-0.012299813,0.3783644,0.08161883321378792
UPS,"United Parcel Service, Inc.",2015,3,2015-10-27 08:30:00,0.024699653,0.031402722,0.9438976,0.55232865,0.09361596,0.3540555,-0.527629,-0.062213235,0.008745047,-0.03465219983729102
UPS,"United Parcel Service, Inc.",2015,2,2015-07-28 08:30:00,0.026020052,0.02673259,0.9472473,0.4457844,0.120518796,0.43369693,-0.41976434,-0.09378621,0.011284816,0.06663844442306713
UPS,"United Parcel Service, Inc.",2015,1,2015-04-28 08:30:00,0.025162406,0.028449535,0.94638807,0.488926,0.022544257,0.48852974,-0.4637636,0.005905278,0.0122925835,0.036734839460849635
UPS,"United Parcel Service, Inc.",2016,4,2017-01-31 08:30:00,0.02667488,0.03378664,0.9395385,0.43253815,0.046826545,0.52063537,-0.40586329,-0.013039906,0.013887886,-0.10223816665570229
UPS,"United Parcel Service, Inc.",2016,3,2016-10-27 08:30:00,0.024304794,0.032655943,0.9430393,0.51412606,0.033124752,0.45274916,-0.48982126,-0.00046880916,0.011003975,0.013326506005243386
UPS,"United Parcel Service, Inc.",2016,2,2016-07-30 08:30:00,0.73924154,0.048998807,0.2117597,0.3560415,0.028089477,0.6158691,0.38320005,0.02090933,0.455276,0.004601939883381409
UPS,"United Parcel Service, Inc.",2016,1,2016-04-29 00:30:00,0.028409751,0.027255822,0.94433445,0.45966366,0.06328338,0.4770529,-0.4312539,-0.036027554,0.013552954,-0.017695462972406106
UPS,"United Parcel Service, Inc.",2017,4,2018-02-01 08:30:00,0.03434358,0.032121975,0.93353444,0.53834903,0.016718613,0.44493237,-0.50400543,0.015403362,0.015280571,-0.05570373264191472
UPS,"United Parcel Service, Inc.",2017,3,2017-10-26 08:30:00,0.026865138,0.03988102,0.9332538,0.52522814,0.02360643,0.4511655,-0.49836302,0.01627459,0.012120623,-0.023048211361211497
UPS,"United Parcel Service, Inc.",2017,2,2017-07-27 08:30:00,0.027709493,0.03282304,0.93946743,0.47914186,0.03192631,0.48893183,-0.45143238,0.0008967295,0.013548054,-0.004568931278846794
UPS,"United Parcel Service, Inc.",2017,1,2017-04-27 08:30:00,0.024497563,0.040372092,0.9351303,0.52066433,0.033184864,0.44615078,-0.49616677,0.0071872286,0.010929607,-0.006163414169963801
UPS,"United Parcel Service, Inc.",2018,3,2018-10-24 08:30:00,0.028018149,0.04033677,0.931645,0.5636159,0.014728634,0.42165548,-0.53559774,0.025608135,0.011814006,-0.05683880604343693
UPS,"United Parcel Service, Inc.",2018,2,2018-07-25 08:30:00,0.024574542,0.047839012,0.9275865,0.42814264,0.016916208,0.55494124,-0.4035681,0.030922804,0.013637427,0.0640397690556683
UPS,"United Parcel Service, Inc.",2018,1,2018-04-26 08:30:00,0.025433341,0.044863496,0.92970324,0.44275197,0.019983768,0.53726417,-0.41731864,0.024879728,0.013664423,0.014247320946680029
URI,"United Rentals, Inc.",2016,4,2017-01-26 11:00:00,0.044933252,0.052047018,0.9030197,0.36168352,0.09976981,0.5385467,-0.31675026,-0.04772279,0.024198653,0.1199105143154394
URI,"United Rentals, Inc.",2016,3,2016-10-20 11:00:00,0.023358855,0.042382274,0.9342588,0.2892874,0.25224692,0.45846567,-0.26592854,-0.20986465,0.010709234,0.01437587570259712
URI,"United Rentals, Inc.",2016,2,2016-07-21 11:00:00,0.033537876,0.023951698,0.94251037,0.30167374,0.21698652,0.4813397,-0.26813588,-0.19303483,0.016143112,0.1442190255895586
URI,"United Rentals, Inc.",2016,1,2016-04-21 11:00:00,0.033602405,0.026820302,0.9395774,0.20022693,0.3848313,0.41494182,-0.16662453,-0.358011,0.013943044,0.12355504945514661
URI,"United Rentals, Inc.",2017,4,2018-01-25 12:00:00,0.025101084,0.03302263,0.94187623,0.35379535,0.029001629,0.61720306,-0.32869425,0.004021002,0.015492466,-0.026157221967172926
URI,"United Rentals, Inc.",2017,3,2017-10-19 11:00:00,0.06354578,0.041969024,0.89448524,0.44312248,0.039769534,0.517108,-0.37957668,0.0021994896,0.032860033,-0.021005774253151616
URI,"United Rentals, Inc.",2017,2,2017-07-20 11:00:00,0.027677825,0.030375147,0.941947,0.36714616,0.08396279,0.548891,-0.33946833,-0.053587645,0.015192109,0.016796158653045068
URI,"United Rentals, Inc.",2017,1,2017-04-20 11:00:00,0.027355803,0.031145586,0.94149864,0.3482918,0.07769378,0.5740143,-0.32093602,-0.046548195,0.015702622,-0.10477221482856303
URI,"United Rentals, Inc.",2018,3,2018-10-18 11:00:00,0.02650208,0.033913918,0.9395839,0.38565087,0.07827342,0.5360757,-0.3591488,-0.044359505,0.014207122,-0.16240244881722612
URI,"United Rentals, Inc.",2018,2,2018-07-19 11:00:00,0.027193088,0.029288681,0.9435182,0.35756537,0.064944476,0.57749015,-0.33037227,-0.035655797,0.015703741,-0.03318381478860247
URI,"United Rentals, Inc.",2018,1,2018-04-19 11:00:00,0.030622676,0.024705602,0.9446717,0.3735546,0.042070016,0.5843754,-0.34293193,-0.017364414,0.017895138,-0.12154928230926818
URI,"United Rentals, Inc.",2015,4,2016-01-29 11:00:00,0.023778515,0.03949664,0.93672484,0.20120876,0.24425007,0.5545413,-0.17743024,-0.20475343,0.013186168,0.06451115077294024
URI,"United Rentals, Inc.",2015,3,2015-10-22 11:00:00,0.025132958,0.028263595,0.9466035,0.30540323,0.18257095,0.5120258,-0.28027028,-0.15430735,0.012868722,0.0701551897144255
URI,"United Rentals, Inc.",2015,2,2015-07-24 11:00:00,0.022982286,0.03057926,0.9464385,0.29568467,0.22329877,0.48101652,-0.27270237,-0.19271952,0.0110548595,-0.0006548437907776153
URI,"United Rentals, Inc.",2015,1,2015-04-22 11:00:00,0.02390614,0.026230143,0.9498638,0.37761232,0.08428301,0.53810465,-0.35370618,-0.058052868,0.012864005,-0.005988432985231089
VRSK,"Verisk Analytics, Inc.",2015,4,2016-02-24 08:30:00,0.5090589,0.15742683,0.33351427,0.21198593,0.023096694,0.76491743,0.29707295,0.13433014,0.38938802,0.06385428184266378
VRSK,"Verisk Analytics, Inc.",2015,3,2015-10-28 08:30:00,0.5117244,0.03497751,0.45329812,0.20774229,0.031330876,0.7609268,0.30398214,0.0036466345,0.3893848,-0.15331978106587235
VRSK,"Verisk Analytics, Inc.",2015,2,2015-07-29 08:30:00,0.5800372,0.07033433,0.3496285,0.14235143,0.043713655,0.81393486,0.43768573,0.026620675,0.47211248,0.06170732836102415
VRSK,"Verisk Analytics, Inc.",2015,1,2015-04-29 08:30:00,0.57052726,0.076074034,0.3533988,0.16716696,0.023079477,0.8097535,0.4033603,0.052994557,0.46198642,0.014301255213523083
VRSK,"Verisk Analytics, Inc.",2016,4,2017-02-22 08:30:00,0.580731,0.11243423,0.30683476,0.16454194,0.03539874,0.8000593,0.41618901,0.07703549,0.46461922,-0.02314078489716651
VRSK,"Verisk Analytics, Inc.",2016,3,2016-11-02 08:30:00,0.4994417,0.084409855,0.4161484,0.17263266,0.023602523,0.8037648,0.32680905,0.060807332,0.40143368,0.005121043527963966
VRSK,"Verisk Analytics, Inc.",2016,2,2016-08-03 08:30:00,0.6241369,0.016469302,0.35939384,0.15925753,0.028289085,0.8124533,0.4648794,-0.011819784,0.5070821,-0.03567237486626172
VRSK,"Verisk Analytics, Inc.",2016,1,2016-05-05 08:30:00,0.5012049,0.0753208,0.42347434,0.14985667,0.044541877,0.8056014,0.35134822,0.030778926,0.40377137,-0.002203451624757177
VRSK,"Verisk Analytics, Inc.",2017,4,2018-02-21 08:30:00,0.7493697,0.029929452,0.22070093,0.14506844,0.038854633,0.8160769,0.6043012,-0.008925181,0.61154324,0.05396517818094897
VRSK,"Verisk Analytics, Inc.",2017,3,2017-11-01 08:30:00,0.537951,0.0722464,0.38980258,0.13388626,0.026516072,0.83959776,0.40406471,0.04573033,0.45166245,0.08099417162353388
VRSK,"Verisk Analytics, Inc.",2017,2,2017-08-03 08:30:00,0.57779896,0.098582335,0.3236187,0.14978601,0.041549377,0.80866456,0.42801297,0.057032958,0.46724555,-0.02299682543773926
VRSK,"Verisk Analytics, Inc.",2017,1,2017-05-03 08:30:00,0.5669729,0.1881762,0.24485084,0.1443674,0.027492547,0.82814,0.4226055,0.16068365,0.46953297,-0.04588431038001284
VRSK,"Verisk Analytics, Inc.",2018,4,2019-02-20 08:30:00,0.6167008,0.13046189,0.25283727,0.16918021,0.020927552,0.8098921,0.4475206,0.10953434,0.49946114,0.006228999766308061
VRSK,"Verisk Analytics, Inc.",2018,3,2018-10-31 08:30:00,0.028687527,0.029254038,0.9420584,0.30985028,0.10101379,0.589136,-0.28116274,-0.071759745,0.016900856,-0.014373329192294497
VRSK,"Verisk Analytics, Inc.",2018,2,2018-08-01 08:30:00,0.55881816,0.08095152,0.36023033,0.14523791,0.025857024,0.82890505,0.41358024,0.055094495,0.4632072,0.037366430348731425
VRSK,"Verisk Analytics, Inc.",2018,1,2018-05-02 08:30:00,0.6364998,0.07281521,0.29068497,0.16575025,0.04219328,0.79205644,0.47074956,0.030621931,0.5041438,-0.03409572308838375
VRSK,"Verisk Analytics, Inc.",2019,2,2019-07-31 08:30:00,0.55755484,0.21822014,0.22422504,0.1794309,0.022804828,0.79776424,0.37812394,0.19541532,0.4447973,0.05511145003450908
VRSK,"Verisk Analytics, Inc.",2019,1,2019-05-01 08:30:00,0.5568831,0.13161474,0.31150213,0.19687063,0.09190481,0.71122456,0.36001247,0.039709933,0.39606893,0.01843425720848187
WM,"Waste Management, Inc.",2015,4,2016-02-18 10:00:00,0.024708975,0.03313211,0.94215894,0.2844239,0.18401407,0.5315621,-0.2597149,-0.15088196,0.013134355,0.010220567404727272
WM,"Waste Management, Inc.",2015,3,2015-10-27 10:00:00,0.9553333,0.02062078,0.024045901,0.17750403,0.102336325,0.72015965,0.7778293,-0.08171555,0.6879925,-0.0024729898707860354
WM,"Waste Management, Inc.",2015,2,2015-07-23 10:00:00,0.92555684,0.047855116,0.026588036,0.12467155,0.09340774,0.7819207,0.8008853,-0.045552626,0.723712,0.07374072492258892
WM,"Waste Management, Inc.",2015,1,2015-04-29 10:00:00,0.9248918,0.030505504,0.044602722,0.12179776,0.31422582,0.56397647,0.8030941,-0.2837203,0.52161723,-0.05986830323068831
WM,"Waste Management, Inc.",2017,4,2018-02-15 10:00:00,0.026006043,0.029635921,0.94435805,0.33079278,0.09132943,0.5778778,-0.30478674,-0.061693512,0.015028316,0.016952679676535423
WM,"Waste Management, Inc.",2017,3,2017-10-26 10:00:00,0.02666654,0.03184401,0.94148946,0.38312793,0.10278428,0.5140878,-0.35646138,-0.07094027,0.0137089435,0.044535152665473574
WM,"Waste Management, Inc.",2017,2,2017-07-26 10:00:00,0.0265944,0.03057691,0.9428287,0.38507977,0.06491258,0.5500077,-0.35848537,-0.03433567,0.014627125,-0.00533352928055325
WM,"Waste Management, Inc.",2017,1,2017-04-26 10:00:00,0.026725756,0.033662718,0.9396115,0.39097545,0.06745372,0.5415709,-0.36424968,-0.033791002,0.014473892,-0.017985673542489217
WM,"Waste Management, Inc.",2016,4,2017-02-16 10:00:00,0.7443282,0.031145439,0.22452633,0.22760269,0.06673248,0.7056648,0.51672554,-0.035587043,0.5252462,0.017527298080175325
WM,"Waste Management, Inc.",2016,3,2016-10-26 10:00:00,0.025300723,0.031110797,0.94358855,0.35486165,0.0787253,0.566413,-0.32956094,-0.047614504,0.014330658,0.03544448008025635
WM,"Waste Management, Inc.",2016,2,2016-07-27 10:00:00,0.026074557,0.028744075,0.9451814,0.3553577,0.074480124,0.5701622,-0.32928315,-0.04573605,0.014866726,-0.020232492633590032
WM,"Waste Management, Inc.",2016,1,2016-04-29 00:15:00,0.0286284,0.029084494,0.9422871,0.39850584,0.08804484,0.5134494,-0.36987743,-0.05896034,0.014699234,0.049810247450776654
WM,"Waste Management, Inc.",2018,3,2018-10-25 10:00:00,0.02581108,0.028664859,0.94552404,0.41078052,0.0544325,0.534787,-0.38496944,-0.025767641,0.01380343,-0.02175251231379878
WM,"Waste Management, Inc.",2018,2,2018-07-25 10:00:00,0.02563082,0.031160422,0.94320875,0.39752984,0.052770127,0.5497001,-0.371899,-0.021609705,0.014089264,0.10533009220832869
WM,"Waste Management, Inc.",2018,1,2018-04-20 10:00:00,0.025562976,0.031830557,0.9426065,0.30352408,0.08543208,0.6110439,-0.2779611,-0.053601526,0.015620099,0.004748460374914902
WM,"Waste Management, Inc.",2019,4,2020-02-13 10:00:00,0.71231616,0.050590463,0.23709331,0.19702372,0.090889715,0.7120865,0.5152924,-0.04029925,0.5072307,0.003980153905443106
WM,"Waste Management, Inc.",2019,3,2019-10-23 10:00:00,0.6720532,0.055950135,0.27199668,0.1960079,0.115250744,0.6887414,0.4760453,-0.05930061,0.46287087,-0.05329900395266586
WM,"Waste Management, Inc.",2019,2,2019-07-25 10:00:00,0.7514009,0.06685672,0.1817424,0.23498292,0.059035204,0.70598185,0.516418,0.007821515,0.5304754,0.025743667671940106
XYL,Xylem Inc.,2015,4,2016-02-04 09:00:00,0.020541973,0.060648076,0.91880995,0.4347078,0.18953411,0.37575814,-0.41416582,-0.12888604,0.0077188136,0.05877206845196242
XYL,Xylem Inc.,2015,3,2015-10-29 09:00:00,0.018920928,0.072573215,0.90850586,0.4409355,0.108031146,0.45103335,-0.42201456,-0.03545793,0.0085339695,0.010618804389799084
XYL,Xylem Inc.,2015,2,2015-07-30 09:00:00,0.03974499,0.038357556,0.9218975,0.42444146,0.20853063,0.36702794,-0.38469645,-0.17017308,0.0145875225,-0.03213550020236066
XYL,Xylem Inc.,2015,1,2015-04-30 09:00:00,0.57405853,0.2178868,0.20805474,0.44185495,0.11673513,0.44140995,0.13220358,0.101151675,0.25339514,0.010584805794970911
XYL,Xylem Inc.,2016,4,2017-02-02 09:00:00,0.02597628,0.031080777,0.9429429,0.44904035,0.22192718,0.32903254,-0.42306408,-0.1908464,0.008547042,-0.0435525287236016
XYL,Xylem Inc.,2016,3,2016-11-01 09:00:00,0.03016615,0.025879476,0.94395447,0.45616755,0.20425144,0.33958098,-0.4260014,-0.17837197,0.010243851,0.01710998425722498
XYL,Xylem Inc.,2016,2,2016-08-02 09:00:00,0.027914768,0.031656608,0.9404287,0.5223718,0.16476786,0.31286025,-0.49445707,-0.13311125,0.008733422,-0.002511067331333762
XYL,Xylem Inc.,2016,1,2016-05-03 14:30:00,0.026147764,0.028002305,0.94584996,0.58468413,0.07973579,0.33558014,-0.55853635,-0.051733486,0.008774671,0.005204937158570208
XYL,Xylem Inc.,2017,4,2018-02-01 09:00:00,0.024418846,0.032428253,0.94315284,0.5101322,0.040751617,0.44911632,-0.48571336,-0.008323364,0.010966903,0.058032292823857176
XYL,Xylem Inc.,2017,3,2017-10-31 09:00:00,0.03005871,0.027150357,0.942791,0.4821987,0.05611262,0.4616887,-0.45213997,-0.028962264,0.013877766,0.026350123567957913
XYL,Xylem Inc.,2017,2,2017-08-01 09:00:00,0.0286764,0.04256653,0.9287571,0.53471494,0.09841629,0.3668688,-0.50603855,-0.05584976,0.010520476,0.05295082515878089
XYL,Xylem Inc.,2017,1,2017-05-02 09:00:00,0.029562084,0.032547638,0.9378903,0.4064946,0.18151541,0.41199005,-0.3769325,-0.14896777,0.012179284,0.006730680251142223
XYL,Xylem Inc.,2018,4,2019-01-31 10:00:00,0.028812546,0.025800332,0.94538724,0.5291498,0.058129672,0.41272065,-0.50033724,-0.03232934,0.011891533,-0.031827731806770905
XYL,Xylem Inc.,2018,3,2018-10-30 10:00:00,0.02743819,0.032525457,0.94003636,0.53816044,0.04611065,0.4157289,-0.5107223,-0.013585191,0.011406848,0.023367897761232923
XYL,Xylem Inc.,2018,2,2018-07-31 10:00:00,0.028587408,0.030436072,0.9409765,0.5596865,0.04006522,0.4002483,-0.5310991,-0.009629149,0.0114420615,0.07560278897616643
XYL,Xylem Inc.,2018,1,2018-05-01 09:00:00,0.025747476,0.03812206,0.93613034,0.5195063,0.03248178,0.44801193,-0.4937588,0.005640283,0.011535177,-0.03713448944153191
AAL,,2015,4,2016-01-29 08:30:00,0.020681156,0.040087145,0.9392317,0.1864278,0.30709362,0.5064786,-0.16574664,-0.2670065,0.010474563,-0.029414846437555636
AAL,,2015,2,2015-07-27 08:30:00,0.025419405,0.03272468,0.94185597,0.24439785,0.18584284,0.5697593,-0.21897845,-0.15311816,0.014482942,0.04364246555533487
AAL,,2015,1,2015-04-24 08:30:00,0.024707688,0.036267877,0.9390244,0.23639306,0.22278908,0.5408178,-0.21168537,-0.1865212,0.013362357,-0.03587525418414962
AAL,,2016,4,2017-01-27 08:30:00,0.05017687,0.031058447,0.91876477,0.3021412,0.09311627,0.6047426,-0.25196433,-0.062057823,0.03034409,-0.10901328180444303
AAL,,2016,3,2016-10-20 08:30:00,0.02258695,0.038907655,0.9385054,0.31368324,0.18463525,0.5016815,-0.2910963,-0.1457276,0.011331455,-0.012474501496601828
AAL,,2016,2,2016-07-22 08:30:00,0.26120347,0.49106443,0.24773215,0.14511308,0.2754047,0.5794822,0.11609039,0.21565974,0.15136276,0.01155287862832998
AAL,,2017,4,2018-01-25 08:30:00,0.03361973,0.028680392,0.9376999,0.36634693,0.06705297,0.5666002,-0.3327272,-0.038372576,0.019048946,-0.011125323611324064
AAL,,2017,3,2017-10-26 10:00:00,0.025159124,0.03570079,0.93914014,0.3592001,0.053320255,0.58747965,-0.33404097,-0.017619465,0.014780474,-0.0806135405657747
AAL,,2017,2,2017-07-28 08:30:00,0.024626816,0.04247386,0.9328993,0.37786826,0.026328126,0.59580356,-0.35324144,0.016145734,0.014672744,0.015430268634270782
AAL,,2017,1,2017-04-27 08:30:00,0.0249121,0.033510856,0.9415771,0.37444046,0.11711434,0.50844526,-0.34952837,-0.08360349,0.01266644,-0.054530866760216734
AAL,,2018,3,2018-10-25 08:30:00,0.023555,0.039807234,0.9366377,0.4843904,0.11300604,0.4026036,-0.4608354,-0.07319881,0.009483327,0.1670204225179018
AAL,,2018,2,2018-07-26 08:30:00,0.024390899,0.040870637,0.9347384,0.4292524,0.12764163,0.44310594,-0.40486148,-0.086771,0.010807752,-0.00018464417089597476
AAL,,2018,1,2018-04-26 08:30:00,0.027001554,0.03481431,0.9381841,0.3898253,0.087806694,0.5223681,-0.36282375,-0.052992385,0.01410475,-0.06572859282308216
AAL,,2019,1,2019-04-26 08:30:00,0.6200873,0.22470638,0.15520622,0.22701769,0.082974054,0.6900083,0.39306962,0.14173234,0.4278654,0.0346514090572841
AAL,,2021,1,2021-04-22 10:30:00,0.60756326,0.12862052,0.26381624,0.17358622,0.05239026,0.7740235,0.43397704,0.07623026,0.47026822,0.004685610443580379
AAL,,2022,4,2023-01-26 08:30:00,0.66002226,0.041527215,0.29845047,0.24049312,0.043810535,0.71569633,0.41952914,-0.0022833198,0.4723755,0.008480614273527733
AAL,,2022,2,2022-07-21 08:30:00,0.037548203,0.020667184,0.94178456,0.31268758,0.065380186,0.62193227,-0.27513936,-0.044713,0.023352439,-0.12374939800632871
AAL,,2024,1,2024-04-25 09:15:00,0.88672733,0.0093684,0.10390425,0.3121412,0.043308675,0.64455014,0.57458615,-0.033940274,0.57154024,-0.00284542429753515
RHI,,2015,4,2016-02-02 17:00:00,0.7049168,0.027229566,0.26785374,0.20434122,0.17784435,0.61781436,0.50057554,-0.15061478,0.4355077,-0.07570579140442263
RHI,,2015,3,2015-10-21 17:00:00,0.7176015,0.042390995,0.24000749,0.27947342,0.18496613,0.5355604,0.43812805,-0.14257514,0.38431895,-0.03948543706792941
RHI,,2015,2,2015-07-23 17:00:00,0.72653675,0.042775247,0.23068793,0.43351904,0.041962124,0.52451885,0.29301772,0.00081312284,0.3810822,-0.02005228670557125
RHI,,2015,1,2015-04-24 17:00:00,0.6343331,0.07286328,0.29280367,0.40651873,0.09025291,0.50322837,0.22781435,-0.017389633,0.3192144,-0.008646424589299592
RHI,,2016,4,2017-01-26 17:00:00,0.17282909,0.61479986,0.21237099,0.1986956,0.106210284,0.69509405,-0.025866508,0.50858957,0.120132476,-0.02675923874448815
RHI,,2016,3,2016-10-26 17:00:00,0.2603005,0.3772708,0.36242875,0.11503836,0.40570024,0.4792614,0.14526212,-0.028429449,0.12475198,-0.025661451700592783
RHI,,2016,2,2016-07-26 17:00:00,0.35934663,0.32522205,0.3154313,0.23329528,0.27275506,0.49394968,0.12605135,0.05246699,0.17749915,-0.10945767055553776
RHI,,2016,1,2016-04-26 17:00:00,0.75422084,0.04842729,0.19735186,0.23051421,0.24599305,0.5234927,0.5237066,-0.19756576,0.3948291,-0.11266185034247202
RHI,,2017,4,2018-01-30 17:00:00,0.492911,0.17461063,0.33247834,0.2570538,0.15193878,0.5910074,0.23585722,0.022671849,0.29131407,0.029318104301295455
RHI,,2017,3,2017-10-24 17:00:00,0.2560441,0.45349312,0.2904628,0.23494978,0.10527239,0.6597779,0.021094307,0.34822074,0.16893223,0.009584707568443401
RHI,,2017,2,2017-07-25 17:00:00,0.068850316,0.72462904,0.2065206,0.29713452,0.07560085,0.62726456,-0.22828421,0.6490282,0.043187365,-0.0690064679972973
RHI,,2017,1,2017-04-20 17:00:00,0.18455864,0.67272913,0.14271227,0.25389013,0.1867487,0.55936116,-0.06933148,0.48598045,0.10323494,-0.008988826998768327
RHI,,2018,4,2019-01-29 17:00:00,0.618293,0.09446665,0.28724036,0.24805051,0.05894107,0.6930085,0.37024248,0.03552558,0.4284823,0.013718397942883667
RHI,,2018,3,2018-10-23 17:00:00,0.62627894,0.03979164,0.33392948,0.38557473,0.09186849,0.5225568,0.24070421,-0.05207685,0.3272663,-0.043655799597123686
RHI,,2018,2,2018-07-24 17:00:00,0.7072308,0.01748252,0.27528667,0.35600138,0.077883415,0.56611526,0.35122943,-0.060400896,0.40037414,0.11080439453291736
RHI,,2018,1,2018-04-24 17:00:00,0.7518657,0.019664574,0.22846977,0.37373945,0.04742216,0.5788384,0.37812623,-0.027757585,0.43520874,0.07355651827319296
RHI,,2019,4,2020-01-31 17:00:00,0.45091787,0.25173265,0.2973495,0.32973626,0.05940272,0.61086106,0.12118161,0.19232993,0.27544817,-0.01843908076499181
RHI,,2019,3,2019-10-23 17:00:00,0.6390295,0.1861808,0.17478974,0.29953793,0.21627353,0.4841885,0.33949158,-0.030092731,0.30941072,0.013694616210039727
RHI,,2019,2,2019-07-23 17:00:00,0.7981057,0.056456923,0.14543732,0.32044372,0.1351356,0.54442066,0.477662,-0.07867868,0.43450525,0.035729228095695544
RHI,,2019,1,2019-04-23 17:00:00,0.7951002,0.08343242,0.12146739,0.29421112,0.16759922,0.53818965,0.50088906,-0.084166795,0.4279147,-0.11145087058005435
RHI,,2020,4,2021-01-28 17:00:00,0.46206072,0.4979474,0.03999185,0.17552042,0.1833123,0.6411673,0.2865403,0.3146351,0.2962582,0.06664264940387361
RHI,,2020,3,2020-10-22 17:00:00,0.15629528,0.5766638,0.26704097,0.25639495,0.1838168,0.5597882,-0.10009967,0.392847,0.08749226,-0.04682119098281388
RHI,,2020,2,2020-07-23 17:00:00,0.18576893,0.58743346,0.22679763,0.23267119,0.15139543,0.6159334,-0.046902254,0.43603802,0.11442129,-0.06629811709734859
RHI,,2020,1,2020-04-23 17:00:00,0.33980605,0.40756667,0.25262728,0.19529119,0.20365095,0.6010578,0.14451486,0.20391572,0.20424308,0.0019422894660633926
RHI,,2021,4,2022-01-27 17:00:00,0.7798476,0.03096143,0.18919097,0.30437005,0.075668365,0.6199616,0.47547758,-0.044706933,0.4834756,0.026084255738005435
RHI,,2021,3,2021-10-21 17:00:00,0.6805106,0.05220055,0.2672889,0.1861766,0.23258723,0.58123624,0.49433398,-0.18038669,0.3955374,0.009558052018848812
RHI,,2021,2,2021-07-22 17:00:00,0.5951813,0.053822603,0.35099617,0.35256788,0.024680195,0.6227519,0.2426134,0.029142408,0.37065026,0.12901498197802103
RHI,,2021,1,2021-04-21 17:00:00,0.34437189,0.28949624,0.3661319,0.30554482,0.050547615,0.64390755,0.03882706,0.23894863,0.22174366,0.06724610231583629
RHI,,2022,4,2023-01-27 17:00:00,0.21400666,0.673934,0.11205938,0.17607561,0.18570039,0.63822407,0.037931055,0.4882336,0.1365842,-0.015001208561743626
RHI,,2022,3,2022-10-20 17:00:00,0.63038874,0.21245371,0.15715759,0.19292206,0.24690934,0.5601686,0.43746668,-0.034455627,0.353124,-0.09023468874368111
RHI,,2022,2,2022-07-21 17:00:00,0.5476825,0.032314774,0.4200027,0.2063884,0.101636656,0.69197494,0.3412941,-0.069321886,0.37898257,-0.07589076091830939
RHI,,2022,1,2022-04-26 17:00:00,0.7349028,0.047393896,0.21770324,0.27171212,0.051067382,0.6772206,0.46319067,-0.0036734864,0.4976913,-0.09869522664985445
RHI,,2023,4,2024-01-30 17:00:00,0.1494599,0.7453141,0.10522597,0.13875787,0.30374828,0.5574939,0.010702029,0.44156584,0.08332299,-0.037938471882546204
RHI,,2023,3,2023-10-24 17:00:00,0.17817886,0.66738814,0.154433,0.21694078,0.23414612,0.5489132,-0.038761914,0.43324202,0.097804725,0.027960037621342484
RHI,,2023,2,2023-07-25 17:00:00,0.15394564,0.72965616,0.116398215,0.27747974,0.20558947,0.5169308,-0.1235341,0.5240667,0.07957925,-0.06184359219032958
RHI,,2023,1,2023-04-26 17:00:00,0.15548413,0.63486016,0.20965569,0.22607684,0.12882343,0.64509976,-0.07059272,0.50603676,0.10030277,-0.046737770090557164
RHI,,2024,4,2025-01-29 17:00:00,0.21955888,0.72752017,0.052920956,0.2600614,0.17225373,0.5676848,-0.040502533,0.55526644,0.12464025,-0.12952669327214225
RHI,,2024,3,2024-10-22 17:00:00,0.33311304,0.58544046,0.08144643,0.21010599,0.19824171,0.5916523,0.12300706,0.38719875,0.1970871,0.05679481617130916
RHI,,2024,2,2024-07-24 17:00:00,0.3088304,0.56797045,0.12319913,0.22281152,0.20435673,0.5728318,0.08601889,0.36361372,0.17690788,-0.03538279302299504
RHI,,2024,1,2024-04-25 17:00:00,0.007942288,0.9699469,0.022110758,0.19701232,0.20978661,0.59320104,-0.18907003,0.7601603,0.0047113737,-0.021953996678759788
IR,,2015,4,2016-02-09 10:00:00,0.034909558,0.01985925,0.94523114,0.31032097,0.13775712,0.5519219,-0.27541143,-0.11789787,0.019267349,-0.007057995988718743
IR,,2015,3,2015-10-27 10:00:00,0.23899819,0.5221963,0.23880559,0.21815892,0.1817885,0.60005254,0.020839274,0.3404078,0.14341147,-0.007057995988718743
IR,,2015,2,2015-07-28 10:00:00,0.3746176,0.39781076,0.22757168,0.14400385,0.13449223,0.7215039,0.23061375,0.26331854,0.27028808,-0.007057995988718743
IR,,2015,1,2015-04-23 10:00:00,0.026176328,0.03303656,0.9407872,0.47472027,0.08335062,0.44192913,-0.44854394,-0.05031406,0.011568082,-0.007057995988718743
IR,,2016,4,2017-02-01 10:00:00,0.43026438,0.34824052,0.22149509,0.16482218,0.07981789,0.7553599,0.2654422,0.26842263,0.32500446,-0.007057995988718743
IR,,2016,3,2016-10-26 10:00:00,0.026489908,0.028433016,0.94507706,0.3888264,0.1681252,0.44304845,-0.3623365,-0.13969219,0.011736313,-0.007057995988718743
IR,,2016,2,2016-07-27 10:00:00,0.0324944,0.03315267,0.934353,0.34709543,0.24353035,0.4093742,-0.31460103,-0.21037768,0.013302369,-0.007057995988718743
IR,,2016,1,2016-04-26 10:00:00,0.03494985,0.024423849,0.9406262,0.43947592,0.19635542,0.36416864,-0.40452608,-0.17193156,0.01272764,-0.007057995988718743
IR,,2017,4,2018-01-31 10:00:00,0.77737206,0.013095263,0.20953266,0.1961379,0.053432286,0.7504298,0.58123416,-0.040337022,0.5833632,-0.025117583815617017
IR,,2017,3,2017-10-25 10:00:00,0.023786806,0.032939326,0.94327384,0.34562844,0.096859924,0.55751157,-0.32184163,-0.0639206,0.01326142,0.08398784618654973
IR,,2017,2,2017-07-26 10:00:00,0.025267595,0.034090996,0.9406414,0.44808662,0.07388184,0.47803155,-0.42281902,-0.039790846,0.012078708,-0.018514454318269705
IR,,2017,1,2017-04-26 10:00:00,0.65147173,0.12865996,0.21986833,0.22236548,0.092292614,0.6853419,0.42910624,0.03636735,0.44648087,-0.007057995988718743
IR,,2018,3,2018-10-24 10:00:00,0.030030182,0.03590885,0.93406093,0.37527347,0.024273036,0.6004535,-0.34524328,0.011635816,0.018031728,0.09643788036961508
IR,,2018,2,2018-07-25 10:00:00,0.7974299,0.020806355,0.18176381,0.21034862,0.049502395,0.74014896,0.5870813,-0.02869604,0.59021693,0.039213903710947816
IR,,2018,1,2018-04-25 10:00:00,0.7145559,0.07662442,0.20881964,0.34271634,0.036143072,0.62114066,0.37183958,0.04048135,0.44383973,0.005022334918595198
IR,,2019,4,2020-01-29 10:00:00,0.50582266,0.14490618,0.34927115,0.26181525,0.063707665,0.6744771,0.24400741,0.08119851,0.3411658,0.015043007371560578
IR,,2019,3,2019-10-29 10:00:00,0.72774285,0.054293763,0.21796334,0.15017338,0.11373789,0.73608875,0.5775695,-0.059444126,0.53568333,-0.0016799221139217543
IR,,2019,2,2019-07-30 10:00:00,0.7422143,0.020244636,0.23754108,0.21269313,0.0623084,0.72499853,0.5295212,-0.042063765,0.5381043,0.002720618041088356
IR,,2019,1,2019-05-03 10:00:00,0.7825703,0.05215751,0.16527219,0.22915004,0.04222159,0.72862834,0.55342025,0.009935919,0.5702029,-0.006492716795369077
J,,2015,3,2015-07-28 11:00:00,0.05950561,0.031283624,0.9092107,0.30402023,0.07164912,0.6243306,-0.24451461,-0.040365495,0.037151173,0.05879217320793916
J,,2015,2,2015-04-28 11:00:00,0.023936072,0.037822545,0.9382414,0.25785217,0.15306038,0.5890875,-0.23391609,-0.11523783,0.014100441,-0.07349857858940685
J,,2015,1,2015-01-29 11:00:00,0.38261795,0.027509954,0.5898721,0.16086677,0.12952168,0.7096115,0.22175118,-0.102011725,0.2715101,0.035285728809765146
J,,2016,4,2016-11-22 10:00:00,0.055519532,0.039311197,0.90516937,0.56439656,0.09924908,0.33635435,-0.50887704,-0.059937883,0.018674236,0.06885160775581796
J,,2016,3,2016-08-09 10:00:00,0.67838174,0.1563538,0.16526458,0.37810504,0.043295145,0.5785999,0.3002767,0.11305866,0.39251158,0.006875562582722558
J,,2016,2,2016-05-05 11:00:00,0.67029154,0.075719014,0.25398946,0.34655952,0.051016003,0.60242444,0.32373202,0.02470301,0.4038,0.11425187483418404
J,,2016,1,2016-02-03 11:00:00,0.5869176,0.22757836,0.185504,0.39880773,0.061007597,0.5401847,0.18810984,0.16657075,0.31704387,-0.057436302645207875
J,,2017,4,2017-11-21 10:00:00,0.77047306,0.037006337,0.19252054,0.3849604,0.02405249,0.5909871,0.38551265,0.012953848,0.45533964,0.07550481252699234
J,,2017,3,2017-08-08 10:00:00,0.7897762,0.0800197,0.13020407,0.49325773,0.01895929,0.487783,0.29651847,0.061060406,0.38523942,-0.007576130348536062
J,,2017,2,2017-05-09 11:00:00,0.030229839,0.032505047,0.9372651,0.6028681,0.10559829,0.2915335,-0.5726382,-0.07309325,0.0088130105,-0.03910466287743484
J,,2017,1,2017-02-08 11:00:00,0.03270291,0.023743305,0.94355386,0.5245759,0.119637564,0.35578638,-0.49187297,-0.09589426,0.01163525,-0.030066035398982338
J,,2018,3,2018-08-06 10:00:00,0.75608677,0.118910685,0.12500247,0.355199,0.07331752,0.57148343,0.40088776,0.045593165,0.43209106,0.06610652902120279
J,,2018,2,2018-05-08 10:00:00,0.032442283,0.029184237,0.9383735,0.5428016,0.044924222,0.4122742,-0.51035935,-0.015739985,0.0133751165,0.09092359242705755
J,,2018,1,2018-02-07 10:00:00,0.76186603,0.06293513,0.17519876,0.43973416,0.061090983,0.4991748,0.32213187,0.0018441454,0.38030434,-0.008778511636114785
RTX,,2015,4,2016-01-28 09:00:00,0.021731447,0.047628224,0.93064034,0.5336264,0.036114562,0.4302591,-0.51189494,0.011513662,0.009350154,0.009659468133765569
RTX,,2015,3,2015-10-22 09:00:00,0.7068834,0.11250409,0.18061256,0.24416457,0.08036545,0.67547,0.46271878,0.03213864,0.4774785,-0.023880591325916224
RTX,,2015,2,2015-07-23 09:00:00,0.6438766,0.14647897,0.20964448,0.25882757,0.055765,0.68540746,0.38504905,0.09071396,0.44131783,-0.005464060455888892
RTX,,2015,1,2015-04-23 09:00:00,0.65670305,0.13894415,0.20435286,0.25927868,0.042028457,0.69869286,0.39742437,0.09691569,0.45883372,-0.016794784250870956
RTX,,2016,4,2017-01-26 09:00:00,0.59607124,0.24027765,0.16365115,0.31692934,0.07389941,0.6091713,0.2791419,0.16637823,0.36310947,-0.0158089233719912
RTX,,2016,3,2016-10-27 09:00:00,0.74393356,0.06700063,0.1890658,0.26725122,0.07056155,0.6621872,0.47668234,-0.003560923,0.4926233,0.02412670770463627
RTX,,2016,2,2016-07-29 09:00:00,0.7284324,0.03170877,0.23985878,0.38388196,0.06974753,0.5463705,0.34455046,-0.03803876,0.39799398,-0.004415423940596918
RTX,,2016,1,2016-04-29 00:30:00,0.027269283,0.029913709,0.94281703,0.507404,0.036447484,0.45614848,-0.48013476,-0.0065337755,0.012438842,-0.020843574479478363
RTX,,2017,4,2018-01-25 09:00:00,0.025776375,0.030768445,0.94345516,0.5285543,0.030967575,0.44047815,-0.50277793,-0.0001991298,0.0113539295,0.024941275328931395
RTX,,2017,3,2017-10-26 09:00:00,0.7481993,0.04501693,0.20678367,0.392508,0.07157053,0.5359215,0.35569128,-0.026553601,0.4009761,0.011881028853460065
RTX,,2017,2,2017-07-27 09:00:00,0.69542086,0.10203079,0.20254837,0.4070804,0.024708794,0.56821084,0.28834045,0.077322,0.39514568,0.015338490232676472
RTX,,2017,1,2017-04-27 09:00:00,0.6651113,0.14691079,0.18797794,0.32271868,0.045769356,0.631512,0.34239262,0.10114143,0.42002577,0.0228212711147043
RTX,,2018,4,2019-01-31 09:00:00,0.8126217,0.019800829,0.16757745,0.3633257,0.028221034,0.6084532,0.44929603,-0.008420205,0.49444228,0.004107394062165785
RTX,,2018,3,2018-10-25 09:00:00,0.7653395,0.047018223,0.18764226,0.34659,0.05457097,0.5988391,0.41874948,-0.0075527467,0.45831522,0.01341110748904354
RTX,,2018,2,2018-07-26 09:00:00,0.7079036,0.054843877,0.23725249,0.3136882,0.033878453,0.6524334,0.39421543,0.020965423,0.46185997,0.001947921880919452
RTX,,2018,1,2018-04-26 09:00:00,0.7234625,0.072765164,0.2037723,0.3629759,0.031064086,0.6059601,0.36048663,0.04170108,0.4383894,-0.02721359484932609
RTX,,2019,4,2020-01-30 09:00:00,0.77739966,0.011022148,0.21157825,0.3845541,0.041591357,0.57385457,0.39284557,-0.03056921,0.44611433,5.9592606656555525e-06
RTX,,2019,3,2019-10-24 09:00:00,0.86372894,0.022071682,0.11419935,0.24233155,0.09305716,0.66461134,0.6213974,-0.07098548,0.57404405,0.015234313003731651
RTX,,2019,2,2019-07-25 09:00:00,0.8706333,0.019812424,0.109554216,0.35057992,0.031090053,0.61833,0.5200534,-0.011277629,0.5383387,0.0039056710215995653
RTX,,2019,1,2019-04-25 09:00:00,0.78719497,0.064738624,0.14806639,0.2359095,0.13546033,0.6286302,0.55128545,-0.07072171,0.49485454,0.004828353397299355
GE,,2015,4,2016-01-22 08:30:00,0.3279646,0.5042284,0.16780691,0.22610338,0.15600047,0.61789614,0.10186122,0.34822795,0.20264806,-0.02028372830736148
GE,,2015,3,2015-10-16 08:30:00,0.4846032,0.3506141,0.16478269,0.26063538,0.12766387,0.6117007,0.22396782,0.22295024,0.2964321,0.02745761866204311
GE,,2015,2,2015-07-17 08:30:00,0.6425362,0.26823735,0.08922636,0.30856115,0.075445406,0.61599344,0.33397508,0.19279194,0.3957981,-0.026693190883389128
GE,,2015,1,2015-04-17 09:05:00,0.35638133,0.52509254,0.11852611,0.24170917,0.062822886,0.695468,0.114672154,0.46226966,0.24785182,-0.023628703533816763
GE,,2016,4,2017-01-20 08:30:00,0.4807077,0.4268323,0.09246,0.23193094,0.1720868,0.59598225,0.24877676,0.25474548,0.28649327,-0.05214381431086931
GE,,2016,3,2016-10-21 08:30:00,0.49756175,0.4272962,0.07514203,0.2779012,0.120139614,0.6019591,0.21966055,0.30715656,0.29951182,0.012132294999259028
GE,,2016,2,2016-07-22 08:30:00,0.3618311,0.539174,0.09899489,0.39463335,0.089112066,0.5162546,-0.032802254,0.45006195,0.18679696,-0.04838577818310735
GE,,2016,1,2016-04-22 13:15:00,0.463784,0.3807294,0.15548654,0.22248195,0.037942734,0.7395754,0.24130206,0.34278667,0.34300324,0.005093127366936827
GE,,2017,4,2018-01-24 08:30:00,0.32087794,0.4906242,0.18849795,0.17655922,0.14453742,0.67890334,0.14431871,0.34608677,0.21784511,-0.037232549432296494
GE,,2017,3,2017-10-20 08:30:00,0.1464944,0.6143177,0.23918787,0.1073436,0.043116733,0.8495397,0.039150804,0.57120097,0.124452814,-0.12572466968294269
GE,,2017,2,2017-07-21 08:30:00,0.31527516,0.5745549,0.110169925,0.21174996,0.17292857,0.61532146,0.10352521,0.40162635,0.19399557,-0.04291605940612653
GE,,2017,1,2017-04-21 08:30:00,0.5366576,0.37544268,0.087899804,0.18760078,0.08580256,0.7265967,0.34905678,0.28964013,0.38993362,-0.054324958544471766
GE,,2018,3,2018-10-30 08:00:00,0.23139785,0.21003082,0.55857134,0.3929106,0.011523727,0.59556574,-0.16151275,0.1985071,0.13781263,-0.1991510223153266
GE,,2018,2,2018-07-20 08:30:00,0.29516327,0.60212904,0.102707654,0.27476156,0.11915815,0.60608023,0.020401716,0.4829709,0.17889263,-0.05390782039252564
GE,,2018,1,2018-04-20 08:30:00,0.3914752,0.36692187,0.24160288,0.15900701,0.11313448,0.72785854,0.23246819,0.2537874,0.28493857,0.036498826985718984
GE,,2019,4,2020-01-29 08:00:00,0.4272148,0.23975228,0.33303288,0.51178735,0.09476935,0.3934433,-0.08457255,0.14498293,0.1680848,0.07849376980913157
GE,,2019,2,2019-07-31 08:30:00,0.3087406,0.30277318,0.3884862,0.04611518,0.02380055,0.9300842,0.2626254,0.27897263,0.28715476,-0.05788238934065029
GE,,2019,1,2019-04-30 08:30:00,0.32803586,0.23757233,0.43439174,0.036602683,0.041122872,0.9222744,0.2914332,0.19644946,0.30253908,0.05909491359924955
