symbol,call_datetime,quarter,event_year,y,return,probability,model,split,feature_block
SWK,2019-01-22 08:00:00,4,2019,0,-0.1044224466641677,0.445330570925105,original_logistic,walk_forward_2019,
NSC,2019-01-24 16:30:00,4,2019,0,-0.012529658360689,0.5266414832912173,original_logistic,walk_forward_2019,
RHI,2019-01-29 17:00:00,4,2019,1,0.0105880422478568,0.47243803485090186,original_logistic,walk_forward_2019,
RTX,2019-01-31 09:00:00,4,2019,0,-5.374363173848984e-05,0.5542316810035707,original_logistic,walk_forward_2019,
MAS,2019-02-07 08:00:00,4,2019,1,0.1103535897852345,0.4694521623045791,original_logistic,walk_forward_2019,
FTV,2019-02-07 17:30:00,4,2019,1,0.0663629618748877,0.4808789848275687,original_logistic,walk_forward_2019,
VRSK,2019-02-20 08:30:00,4,2019,1,0.0023069584127661,0.5138346445676859,original_logistic,walk_forward_2019,
EFX,2019-02-21 08:30:00,4,2019,1,0.0028835145103536,0.4765263216726552,original_logistic,walk_forward_2019,
FDX,2019-03-19 17:30:00,3,2019,0,-0.0295262222768889,0.4516538739522065,original_logistic,walk_forward_2019,
CTAS,2019-03-21 17:00:00,3,2019,0,-0.0221736946247064,0.4183493986859515,original_logistic,walk_forward_2019,
HON,2019-04-18 08:30:00,1,2019,1,0.0373601557370413,0.5195949607971106,original_logistic,walk_forward_2019,
UNP,2019-04-18 08:45:00,1,2019,1,0.0278172931883138,0.4238264869797646,original_logistic,walk_forward_2019,
RHI,2019-04-23 17:00:00,1,2019,0,-0.1015397734653968,0.42421498114587264,original_logistic,walk_forward_2019,
GD,2019-04-24 09:00:00,1,2019,0,-0.0241556111517303,0.5109989648383964,original_logistic,walk_forward_2019,
RTX,2019-04-25 09:00:00,1,2019,1,0.0154587440708826,0.5129306764977994,original_logistic,walk_forward_2019,
ALLE,2019-04-26 08:00:00,1,2019,1,0.0273969322496335,0.5406625769678093,original_logistic,walk_forward_2019,
AAL,2019-04-26 08:30:00,1,2019,1,0.0191189935918539,0.4609310773321105,original_logistic,walk_forward_2019,
GE,2019-04-30 08:30:00,1,2019,1,0.0755306321734156,0.4358088106859059,original_logistic,walk_forward_2019,
JCI,2019-05-01 08:30:00,2,2019,1,0.0676388097468184,0.5529792802579759,original_logistic,walk_forward_2019,
LHX,2019-05-01 08:30:00,3,2019,1,0.069577337320556,0.577245629704743,original_logistic,walk_forward_2019,
VRSK,2019-05-01 08:30:00,1,2019,1,0.0164372488526626,0.5124633118791974,original_logistic,walk_forward_2019,
HII,2019-05-02 09:00:00,1,2019,0,-0.0575341968383035,0.47017145537536803,original_logistic,walk_forward_2019,
EFX,2019-05-10 08:30:00,1,2019,1,0.0191343055438262,0.47577833287403687,original_logistic,walk_forward_2019,
CPRT,2019-05-23 09:00:00,3,2019,1,0.1279377996386144,0.48708994660525345,original_logistic,walk_forward_2019,
FDX,2019-06-26 17:30:00,4,2019,0,-0.018776208935981,0.4540646775690619,original_logistic,walk_forward_2019,
CTAS,2019-07-16 17:00:00,4,2019,1,0.0886907129537499,0.5154884599862415,original_logistic,walk_forward_2019,
SWK,2019-07-23 08:00:00,2,2019,1,0.05453200868171,0.49628391490961304,original_logistic,walk_forward_2019,
RHI,2019-07-23 17:00:00,2,2019,1,0.0387612011606701,0.4466414691959884,original_logistic,walk_forward_2019,
ALLE,2019-07-25 08:00:00,2,2019,0,-0.0302697614946879,0.5166456167522202,original_logistic,walk_forward_2019,
MAS,2019-07-25 08:00:00,2,2019,1,0.0530265443715376,0.48532524331072885,original_logistic,walk_forward_2019,
EFX,2019-07-25 08:30:00,2,2019,0,-0.0092393193362033,0.5317171112361335,original_logistic,walk_forward_2019,
RTX,2019-07-25 09:00:00,2,2019,1,0.0081335465442508,0.5637420382413213,original_logistic,walk_forward_2019,
ADP,2019-07-31 08:30:00,4,2019,1,0.03385428489314,0.5359831383850174,original_logistic,walk_forward_2019,
GE,2019-07-31 08:30:00,2,2019,0,-0.0466927679929152,0.4949662602441451,original_logistic,walk_forward_2019,
LHX,2019-07-31 08:30:00,4,2019,1,0.0692116702075001,0.5785462783879577,original_logistic,walk_forward_2019,
VRSK,2019-07-31 08:30:00,2,2019,1,0.0455847806186887,0.49215413213414594,original_logistic,walk_forward_2019,
BR,2019-08-01 08:30:00,4,2019,1,0.0046543908729655,0.5414474357229151,original_logistic,walk_forward_2019,
HII,2019-08-01 09:00:00,2,2019,0,-0.0593326986424609,0.4489173638257922,original_logistic,walk_forward_2019,
PWR,2019-08-01 09:00:00,2,2019,0,-0.0892481697940558,0.48244611733766124,original_logistic,walk_forward_2019,
FDX,2019-09-17 17:30:00,1,2019,0,-0.1603899324474452,0.4261915822662219,original_logistic,walk_forward_2019,
CTAS,2019-09-25 17:00:00,1,2019,1,0.0038167079678754,0.45569650822976454,original_logistic,walk_forward_2019,
CAT,2019-10-23 08:30:00,3,2019,1,0.0434957058209024,0.3565676780766204,original_logistic,walk_forward_2019,
NSC,2019-10-23 08:45:00,3,2019,0,-0.0343962465357385,0.43569269598940863,original_logistic,walk_forward_2019,
RHI,2019-10-23 17:00:00,3,2019,1,0.0258376038465064,0.41853970328747025,original_logistic,walk_forward_2019,
ALLE,2019-10-24 08:00:00,3,2019,1,0.1022548191453061,0.5042114111107223,original_logistic,walk_forward_2019,
RTX,2019-10-24 09:00:00,3,2019,1,0.0140270544656009,0.5392197646590933,original_logistic,walk_forward_2019,
FTV,2019-10-24 17:30:00,3,2019,0,-0.0441590233158278,0.4404663257417051,original_logistic,walk_forward_2019,
LDOS,2019-10-29 08:00:00,3,2019,1,0.0487196764923567,0.4771215845256269,original_logistic,walk_forward_2019,
MAS,2019-10-30 08:00:00,3,2019,1,0.0303532667071004,0.5111863766487287,original_logistic,walk_forward_2019,
HII,2019-11-07 09:00:00,3,2019,1,0.0820434309618964,0.4726985673582882,original_logistic,walk_forward_2019,
ROK,2019-11-12 08:30:00,4,2019,1,0.0917248372257739,0.4658000352172132,original_logistic,walk_forward_2019,
CTAS,2019-12-17 17:00:00,2,2019,1,0.0212050109530657,0.5039627382299754,original_logistic,walk_forward_2019,
FDX,2019-12-17 17:30:00,2,2019,0,-0.0859389091010705,0.4449505198847186,original_logistic,walk_forward_2019,
GE,2020-01-29 08:00:00,4,2020,1,0.0659472562164191,0.45744786441857715,original_logistic,walk_forward_2020,
TXT,2020-01-29 08:00:00,4,2020,1,0.1072690172370092,0.46007293881441946,original_logistic,walk_forward_2020,
NSC,2020-01-29 08:45:00,4,2020,1,0.0282069786784024,0.44913640995829734,original_logistic,walk_forward_2020,
NOC,2020-01-30 08:00:00,4,2020,0,-0.0575319890948499,0.5994897321277217,original_logistic,walk_forward_2020,
RTX,2020-01-30 09:00:00,4,2020,0,-0.0003360072787008,0.6140402298144305,original_logistic,walk_forward_2020,
RHI,2020-01-31 17:00:00,4,2020,0,-0.0134595020357188,0.4840671450986644,original_logistic,walk_forward_2020,
AME,2020-02-05 08:30:00,4,2020,0,-0.0077503420610938,0.5275746160880667,original_logistic,walk_forward_2020,
FTV,2020-02-06 17:30:00,4,2020,0,-0.0159974148851156,0.5196146645575077,original_logistic,walk_forward_2020,
MAS,2020-02-11 08:00:00,4,2020,0,-0.0880075891510216,0.47286075982846715,original_logistic,walk_forward_2020,
EFX,2020-02-13 08:30:00,4,2020,1,0.0465597095766263,0.5429183735604779,original_logistic,walk_forward_2020,
HII,2020-02-13 09:00:00,4,2020,0,-0.1190864056558126,0.5132239418689498,original_logistic,walk_forward_2020,
ALLE,2020-02-18 08:00:00,4,2020,0,-0.0403934204990876,0.5205263944034967,original_logistic,walk_forward_2020,
LDOS,2020-02-18 08:00:00,4,2020,1,0.0546816311331395,0.6077358074450078,original_logistic,walk_forward_2020,
NDSN,2020-02-20 08:30:00,1,2020,0,-0.0120727684789089,0.49666037211664515,original_logistic,walk_forward_2020,
PWR,2020-02-27 09:00:00,4,2020,1,0.0808153590030018,0.5723898569758222,original_logistic,walk_forward_2020,
CTAS,2020-03-19 17:00:00,3,2020,0,-0.0392419335610418,0.38746105362359406,original_logistic,walk_forward_2020,
EFX,2020-04-21 08:00:00,1,2020,1,0.0780124954835432,0.44998153499157667,original_logistic,walk_forward_2020,
RHI,2020-04-23 17:00:00,1,2020,1,0.0387454078238338,0.3867702573753816,original_logistic,walk_forward_2020,
CAT,2020-04-28 08:30:00,1,2020,0,-0.0525141520740214,0.38185626265785977,original_logistic,walk_forward_2020,
ROK,2020-04-28 08:30:00,2,2020,1,0.0467623637545925,0.41939167401222227,original_logistic,walk_forward_2020,
GE,2020-04-29 08:00:00,1,2020,0,-0.0899992959782215,0.39339394549236534,original_logistic,walk_forward_2020,
MAS,2020-04-29 08:00:00,1,2020,0,-0.0233362356212032,0.46360832821726056,original_logistic,walk_forward_2020,
NOC,2020-04-29 08:00:00,1,2020,0,-0.0475944662596691,0.5580056453921225,original_logistic,walk_forward_2020,
ADP,2020-04-29 08:30:00,3,2020,1,0.0178857080614101,0.4226332040671449,original_logistic,walk_forward_2020,
FTV,2020-05-01 17:30:00,1,2020,0,-0.0593677846902124,0.41739501932240286,original_logistic,walk_forward_2020,
AME,2020-05-05 08:30:00,1,2020,1,0.0140472575045975,0.44648178020711127,original_logistic,walk_forward_2020,
LHX,2020-05-05 09:00:00,1,2020,0,-0.0704798896148458,0.5467209719117212,original_logistic,walk_forward_2020,
VRSK,2020-05-06 08:30:00,1,2020,0,-0.0062371312459437,0.5222634472538477,original_logistic,walk_forward_2020,
RTX,2020-05-07 08:30:00,1,2020,0,-0.0559754615209771,0.4111385540733038,original_logistic,walk_forward_2020,
HII,2020-05-07 09:00:00,1,2020,0,-0.0369857623215917,0.5000177552979364,original_logistic,walk_forward_2020,
UBER,2020-05-07 16:30:00,1,2020,1,0.070093480593418,0.5522889520243139,original_logistic,walk_forward_2020,
J,2020-05-07 16:45:00,2,2020,0,-0.0785212193558103,0.5340020918560016,original_logistic,walk_forward_2020,
BR,2020-05-08 08:00:00,3,2020,0,-0.0056393308966355,0.5376381989409451,original_logistic,walk_forward_2020,
CARR,2020-05-08 08:30:00,1,2020,1,0.018489053490231,0.4237498048827883,original_logistic,walk_forward_2020,
FDX,2020-07-01 17:00:00,4,2020,0,-0.0174872464322928,0.5668053173195706,original_logistic,walk_forward_2020,
DOV,2020-07-22 09:00:00,2,2020,1,0.0242987801668355,0.4510507092778425,original_logistic,walk_forward_2020,
CTAS,2020-07-23 00:00:00,4,2020,1,0.0621813946903514,0.41516614779681965,original_logistic,walk_forward_2020,
ALLE,2020-07-23 08:00:00,2,2020,0,-0.1145260721308017,0.44540497292232034,original_logistic,walk_forward_2020,
EFX,2020-07-23 08:30:00,2,2020,0,-0.008799417638343,0.4728346032435561,original_logistic,walk_forward_2020,
UNP,2020-07-23 08:45:00,2,2020,0,-0.0024385159818534,0.4288189359527083,original_logistic,walk_forward_2020,
PNR,2020-07-23 09:00:00,2,2020,1,0.0302370950207061,0.4905582320263171,original_logistic,walk_forward_2020,
RHI,2020-07-23 17:00:00,2,2020,0,-0.0574881328962759,0.3700296115539272,original_logistic,walk_forward_2020,
ROK,2020-07-28 08:30:00,3,2020,0,-0.0529790747012316,0.44194957140772145,original_logistic,walk_forward_2020,
RTX,2020-07-28 08:30:00,2,2020,0,-0.0756424268845785,0.4109671364618515,original_logistic,walk_forward_2020,
WAB,2020-07-28 08:30:00,2,2020,0,-0.0257485078297287,0.5018259634756914,original_logistic,walk_forward_2020,
ADP,2020-07-29 08:30:00,4,2020,0,-0.0949399415978505,0.3945852667538542,original_logistic,walk_forward_2020,
UPS,2020-07-30 08:30:00,2,2020,1,0.1517500428747284,0.5046086229953521,original_logistic,walk_forward_2020,
CARR,2020-07-30 09:00:00,2,2020,1,0.0129391914569949,0.5089886260684285,original_logistic,walk_forward_2020,
MAS,2020-07-30 09:00:00,2,2020,0,-0.0079648470490791,0.44155000259902205,original_logistic,walk_forward_2020,
NOC,2020-07-30 09:00:00,2,2020,1,0.0245581398715115,0.5801163113034595,original_logistic,walk_forward_2020,
CAT,2020-07-31 08:30:00,2,2020,0,-0.0488245538155938,0.3161437256476274,original_logistic,walk_forward_2020,
LHX,2020-07-31 08:30:00,2,2020,0,-0.0291708682184286,0.5956628903396084,original_logistic,walk_forward_2020,
GNRC,2020-07-31 09:00:00,2,2020,1,0.1383379909761353,0.49226297960132415,original_logistic,walk_forward_2020,
AME,2020-08-04 08:30:00,2,2020,1,0.0230853929380263,0.481887544100415,original_logistic,walk_forward_2020,
UBER,2020-08-07 16:30:00,2,2020,0,-0.0948862643093048,0.5190872789923633,original_logistic,walk_forward_2020,
BR,2020-08-11 08:30:00,4,2020,1,0.0048699512603962,0.5634493132431074,original_logistic,walk_forward_2020,
FDX,2020-09-16 17:30:00,1,2020,1,0.0084070213538328,0.5696197452993363,original_logistic,walk_forward_2020,
ALLE,2020-10-22 08:00:00,3,2020,0,-0.02467955977571,0.503203951400122,original_logistic,walk_forward_2020,
EFX,2020-10-22 08:30:00,3,2020,0,-0.0842931309092303,0.5468876264523103,original_logistic,walk_forward_2020,
NOC,2020-10-22 09:00:00,3,2020,1,0.0001876505578385,0.6077484290993158,original_logistic,walk_forward_2020,
RHI,2020-10-22 17:00:00,3,2020,0,-0.0804641619697851,0.401452937973672,original_logistic,walk_forward_2020,
CAT,2020-10-27 08:30:00,3,2020,1,0.0271066902078395,0.4188882168577746,original_logistic,walk_forward_2020,
RTX,2020-10-27 08:30:00,3,2020,0,-0.0565322591648711,0.4897796920796592,original_logistic,walk_forward_2020,
MAS,2020-10-28 08:00:00,3,2020,1,0.050961470349492,0.5474555925109039,original_logistic,walk_forward_2020,
NSC,2020-10-28 08:45:00,3,2020,1,0.1038718935474092,0.5072134680032149,original_logistic,walk_forward_2020,
GD,2020-10-28 09:00:00,3,2020,1,0.0310375529891875,0.47262132989769573,original_logistic,walk_forward_2020,
CARR,2020-10-29 09:00:00,3,2020,1,0.0544561965698435,0.5168104003424749,original_logistic,walk_forward_2020,
LHX,2020-10-30 08:00:00,3,2020,1,0.0504924176265595,0.6097084630497631,original_logistic,walk_forward_2020,
BR,2020-10-30 08:30:00,1,2020,0,-0.013028651063206,0.5658470174974821,original_logistic,walk_forward_2020,
VRSK,2020-11-05 08:30:00,3,2020,0,-0.0200104099838671,0.5342007564709413,original_logistic,walk_forward_2020,
RSG,2020-11-05 17:00:00,3,2020,1,0.049286378968516,0.5776770356395171,original_logistic,walk_forward_2020,
HII,2020-11-06 09:00:00,3,2020,1,0.0366998787572638,0.5215670509887129,original_logistic,walk_forward_2020,
CMI,2020-11-12 09:00:00,4,2020,0,-0.0047673421859959,0.4928933782163657,original_logistic,walk_forward_2020,
FDX,2020-12-17 17:30:00,2,2020,0,-0.0749856591035882,0.5818100748114515,original_logistic,walk_forward_2020,
RTX,2021-01-26 08:30:00,4,2021,1,0.0313986809271324,0.48718832872894613,original_logistic,walk_forward_2021,
GD,2021-01-27 09:00:00,4,2021,1,0.0026630694827842,0.5429464182361997,original_logistic,walk_forward_2021,
NOC,2021-01-28 09:00:00,4,2021,1,0.0079167305739025,0.568654398289832,original_logistic,walk_forward_2021,
PNR,2021-01-28 09:00:00,4,2021,0,-0.0794875756206179,0.5583916202911119,original_logistic,walk_forward_2021,
RHI,2021-01-28 17:00:00,4,2021,1,0.0636826838378032,0.4181978673253161,original_logistic,walk_forward_2021,
JCI,2021-01-29 07:30:00,1,2021,1,0.0154234373805093,0.6014962426275062,original_logistic,walk_forward_2021,
CAT,2021-01-29 08:30:00,4,2021,1,0.017380991260417,0.4736388245591981,original_logistic,walk_forward_2021,
BR,2021-02-02 08:30:00,2,2021,0,-0.0579569565536195,0.5560640129024528,original_logistic,walk_forward_2021,
MAS,2021-02-09 08:00:00,4,2021,0,-0.0714968354609624,0.5566763810449903,original_logistic,walk_forward_2021,
CARR,2021-02-09 09:00:00,4,2021,0,-0.0620240918293363,0.5254586008958477,original_logistic,walk_forward_2021,
EFX,2021-02-11 08:30:00,4,2021,0,-0.0307730955107959,0.5619305492491812,original_logistic,walk_forward_2021,
HII,2021-02-11 09:00:00,4,2021,1,0.0624932085065188,0.5957053542487699,original_logistic,walk_forward_2021,
NDSN,2021-02-23 08:30:00,1,2021,1,0.0444497410480175,0.5740995792604408,original_logistic,walk_forward_2021,
RSG,2021-02-23 17:00:00,4,2021,1,0.0326433385183222,0.5539349181596323,original_logistic,walk_forward_2021,
VRSK,2021-02-24 08:30:00,4,2021,0,-0.0995408256722186,0.5415848546572068,original_logistic,walk_forward_2021,
BLDR,2021-02-26 09:00:00,4,2021,1,0.0580035518651674,0.568145840170671,original_logistic,walk_forward_2021,
JBHT,2021-04-15 17:00:00,1,2021,1,0.0074375696626008,0.543267387523625,original_logistic,walk_forward_2021,
RHI,2021-04-21 17:00:00,1,2021,1,0.0604489687297558,0.49207464669790013,original_logistic,walk_forward_2021,
EFX,2021-04-22 08:30:00,1,2021,1,0.1776436085384172,0.5490874973948843,original_logistic,walk_forward_2021,
OTIS,2021-04-26 08:30:00,1,2021,1,0.0922129727738743,0.6182368035162287,original_logistic,walk_forward_2021,
GE,2021-04-27 09:00:00,1,2021,0,-0.0100467828379461,0.47576273060093877,original_logistic,walk_forward_2021,
CHRW,2021-04-27 17:00:00,1,2021,1,0.0333259880707873,0.4516333653383962,original_logistic,walk_forward_2021,
MAS,2021-04-28 08:00:00,1,2021,1,0.0362585591763521,0.5666646042383935,original_logistic,walk_forward_2021,
GD,2021-04-28 09:00:00,1,2021,1,0.0380841305385474,0.5071455054374057,original_logistic,walk_forward_2021,
IR,2021-04-29 08:00:00,1,2021,0,-0.0449831399185116,0.6067240358900101,original_logistic,walk_forward_2021,
TXT,2021-04-29 08:00:00,1,2021,1,0.0676947427881683,0.5034191694201693,original_logistic,walk_forward_2021,
CAT,2021-04-29 08:30:00,1,2021,1,0.0277474707902899,0.5156693934481371,original_logistic,walk_forward_2021,
CARR,2021-04-29 08:50:00,1,2021,0,-0.021044308613543,0.569840458367154,original_logistic,walk_forward_2021,
NOC,2021-04-29 09:00:00,1,2021,1,0.1060409723962892,0.6024923138274643,original_logistic,walk_forward_2021,
BR,2021-05-04 08:30:00,3,2021,1,0.0363258536321341,0.568684803663475,original_logistic,walk_forward_2021,
HII,2021-05-06 09:00:00,1,2021,1,0.0216570584864989,0.5018935327470035,original_logistic,walk_forward_2021,
BLDR,2021-05-09 09:00:00,1,2021,0,-0.0707262178358745,0.5693974870828681,original_logistic,walk_forward_2021,
NDSN,2021-05-25 08:30:00,2,2021,1,0.0936401077611133,0.6261822877518719,original_logistic,walk_forward_2021,
FDX,2021-06-24 17:00:00,4,2021,0,-0.0251374109639506,0.5955016249252266,original_logistic,walk_forward_2021,
RHI,2021-07-22 17:00:00,2,2021,1,0.1136022630673592,0.5206206630454083,original_logistic,walk_forward_2021,
OTIS,2021-07-26 08:30:00,2,2021,1,0.0153824129487768,0.6329318373909971,original_logistic,walk_forward_2021,
RTX,2021-07-27 08:30:00,2,2021,1,0.0156248784466732,0.5841077328242748,original_logistic,walk_forward_2021,
CHRW,2021-07-28 18:00:00,2,2021,1,0.0204424073003073,0.5135137773827525,original_logistic,walk_forward_2021,
CARR,2021-07-29 09:00:00,2,2021,1,0.1056106027128556,0.572975625919548,original_logistic,walk_forward_2021,
IR,2021-07-29 09:00:00,2,2021,1,0.0595787568764414,0.615941222384371,original_logistic,walk_forward_2021,
NOC,2021-07-29 09:00:00,2,2021,0,-0.0084010810691603,0.5965353525833349,original_logistic,walk_forward_2021,
LHX,2021-08-03 08:30:00,2,2021,1,0.0031984120359662,0.5661912489426628,original_logistic,walk_forward_2021,
VRSK,2021-08-04 08:30:00,2,2021,0,-0.008327108039236,0.5575503760281721,original_logistic,walk_forward_2021,
PWR,2021-08-05 09:00:00,2,2021,1,0.0819416131040142,0.5262080671508057,original_logistic,walk_forward_2021,
AXON,2021-08-06 18:00:00,2,2021,0,-0.0457788450460261,0.5981869120041126,original_logistic,walk_forward_2021,
BLDR,2021-08-07 09:00:00,2,2021,1,0.0874274512051043,0.5812754749530112,original_logistic,walk_forward_2021,
BR,2021-08-12 08:30:00,4,2021,1,0.0184913685121422,0.5925655731919524,original_logistic,walk_forward_2021,
FDX,2021-09-23 17:30:00,1,2021,0,-0.010275487011784,0.49565871778152304,original_logistic,walk_forward_2021,
EFX,2021-10-21 08:30:00,3,2021,0,-0.0123122670675149,0.5454538982532395,original_logistic,walk_forward_2021,
RHI,2021-10-21 17:00:00,3,2021,1,0.0052918141464506,0.436573692986265,original_logistic,walk_forward_2021,
OTIS,2021-10-25 08:30:00,3,2021,0,-0.0754348437461206,0.543730662491215,original_logistic,walk_forward_2021,
GE,2021-10-26 08:00:00,3,2021,0,-0.0015024752814589,0.5034609027181506,original_logistic,walk_forward_2021,
CHRW,2021-10-26 17:00:00,3,2021,0,-0.052206584070236,0.554902334611618,original_logistic,walk_forward_2021,
MAS,2021-10-27 08:00:00,3,2021,1,0.0370690065670551,0.5800654997314707,original_logistic,walk_forward_2021,
GD,2021-10-27 09:00:00,3,2021,0,-0.0259954777175153,0.5306160424394541,original_logistic,walk_forward_2021,
CARR,2021-10-28 08:30:00,3,2021,0,-0.0440965762835897,0.539107294951296,original_logistic,walk_forward_2021,
CAT,2021-10-28 08:30:00,3,2021,1,0.0139089379908332,0.4976662847080974,original_logistic,walk_forward_2021,
NOC,2021-10-28 09:00:00,3,2021,0,-0.111621017717164,0.450228773745216,original_logistic,walk_forward_2021,
FTV,2021-10-28 17:00:00,3,2021,1,0.0231583406816844,0.5924517806040913,original_logistic,walk_forward_2021,
ROK,2021-11-02 08:30:00,4,2021,1,0.0296551633424146,0.5610126168513456,original_logistic,walk_forward_2021,
BR,2021-11-03 00:00:00,1,2021,0,-0.0146422388041457,0.5615923963454211,original_logistic,walk_forward_2021,
TT,2021-11-03 16:46:13,3,2021,1,0.0653298115694194,0.5385204769552555,original_logistic,walk_forward_2021,
IR,2021-11-04 08:00:00,3,2021,1,0.0448961473136089,0.5982667733118774,original_logistic,walk_forward_2021,
JCI,2021-11-05 00:00:00,4,2021,1,0.0388281800581096,0.593317702532313,original_logistic,walk_forward_2021,
NDSN,2021-12-16 08:30:00,4,2021,0,-0.0667978440987031,0.537026980204901,original_logistic,walk_forward_2021,
FDX,2021-12-16 17:30:00,2,2021,1,0.051910915640944,0.5660396379771907,original_logistic,walk_forward_2021,
MMM,2022-01-25 09:00:00,4,2022,0,-0.0631400555818615,0.47996884824236935,original_logistic,walk_forward_2022,
GD,2022-01-26 09:00:00,4,2022,0,-0.0100839201028064,0.5295748327799965,original_logistic,walk_forward_2022,
NOC,2022-01-27 09:00:00,4,2022,0,-0.1350261389728985,0.5225766079105203,original_logistic,walk_forward_2022,
RHI,2022-01-27 17:00:00,4,2022,1,0.0107006608417985,0.5063373825548907,original_logistic,walk_forward_2022,
CAT,2022-01-28 08:30:00,4,2022,0,-0.0894638767880187,0.5081318616749605,original_logistic,walk_forward_2022,
OTIS,2022-01-31 08:30:00,4,2022,0,-0.0194835818000261,0.587633460655367,original_logistic,walk_forward_2022,
JCI,2022-02-02 08:30:00,1,2022,0,-0.0615735725794966,0.6135148178263754,original_logistic,walk_forward_2022,
AME,2022-02-03 08:30:00,4,2022,0,-0.0229126327143849,0.6359043440009269,original_logistic,walk_forward_2022,
HON,2022-02-03 08:30:00,4,2022,0,-0.052182658932268,0.5295435488584687,original_logistic,walk_forward_2022,
MAS,2022-02-08 08:00:00,4,2022,0,-0.0325628342172036,0.5961320597504493,original_logistic,walk_forward_2022,
CARR,2022-02-08 08:30:00,4,2022,0,-0.0020088036345828,0.5491887650203682,original_logistic,walk_forward_2022,
RSG,2022-02-10 17:00:00,4,2022,0,-0.0440912083984139,0.5743657116177907,original_logistic,walk_forward_2022,
ALLE,2022-02-15 08:00:00,4,2022,0,-0.0187167679523933,0.485836444700938,original_logistic,walk_forward_2022,
IR,2022-02-24 08:00:00,4,2022,0,-0.0681117341892189,0.5967304885546741,original_logistic,walk_forward_2022,
BLDR,2022-03-01 09:00:00,4,2022,0,-0.0478239455173318,0.5964961569176109,original_logistic,walk_forward_2022,
FDX,2022-03-17 17:30:00,3,2022,0,-0.037136706752101,0.5277872407033032,original_logistic,walk_forward_2022,
JBHT,2022-04-18 17:00:00,1,2022,1,0.0369263774890861,0.5355649026335666,original_logistic,walk_forward_2022,
UNP,2022-04-21 08:45:00,1,2022,1,0.0201689978805007,0.5254362061218575,original_logistic,walk_forward_2022,
PNR,2022-04-21 09:00:00,1,2022,1,0.0225972895526304,0.5398784853153344,original_logistic,walk_forward_2022,
OTIS,2022-04-25 08:30:00,1,2022,1,0.024838148159595,0.5135921033768811,original_logistic,walk_forward_2022,
ALLE,2022-04-26 08:00:00,1,2022,1,0.0332829908932517,0.562867106710093,original_logistic,walk_forward_2022,
RHI,2022-04-26 17:00:00,1,2022,0,-0.0920568265378128,0.4893103748454618,original_logistic,walk_forward_2022,
MAS,2022-04-27 08:00:00,1,2022,1,0.0219318447909793,0.5927700348327412,original_logistic,walk_forward_2022,
TXT,2022-04-28 08:00:00,1,2022,1,0.0546589739562042,0.48567466376048124,original_logistic,walk_forward_2022,
CAT,2022-04-28 08:30:00,1,2022,1,0.0125594284432148,0.5222879642551713,original_logistic,walk_forward_2022,
NOC,2022-04-28 09:00:00,1,2022,1,0.0240700843826409,0.5808246904893294,original_logistic,walk_forward_2022,
CARR,2022-04-28 09:05:00,1,2022,0,-0.0452269531615898,0.5549952847732583,original_logistic,walk_forward_2022,
HON,2022-04-29 08:30:00,1,2022,1,0.0746597916720586,0.5221858530606028,original_logistic,walk_forward_2022,
NDSN,2022-04-30 09:00:00,1,2022,0,-0.0251358164898145,0.5276356886831253,original_logistic,walk_forward_2022,
JCI,2022-05-04 08:30:00,2,2022,0,-0.131218228586999,0.5788216255639727,original_logistic,walk_forward_2022,
EMR,2022-05-04 09:00:00,2,2022,0,-0.0341536857107976,0.5354019427558937,original_logistic,walk_forward_2022,
IR,2022-05-05 08:00:00,1,2022,0,-0.0068435790676807,0.5712264599971348,original_logistic,walk_forward_2022,
HII,2022-05-05 09:00:00,1,2022,1,0.0123561941366592,0.4936925197257208,original_logistic,walk_forward_2022,
FDX,2022-06-23 17:00:00,4,2022,1,0.0015370761133203,0.5343882237361715,original_logistic,walk_forward_2022,
AAL,2022-07-21 08:30:00,2,2022,0,-0.097614139348408,0.503974096672529,original_logistic,walk_forward_2022,
DOV,2022-07-21 09:00:00,2,2022,1,0.0189151179742257,0.452409279610417,original_logistic,walk_forward_2022,
RHI,2022-07-21 17:00:00,2,2022,0,-0.073634813678665,0.4575649136050486,original_logistic,walk_forward_2022,
GE,2022-07-26 08:00:00,2,2022,1,0.0705709912719871,0.49908278586234744,original_logistic,walk_forward_2022,
RTX,2022-07-26 08:30:00,2,2022,0,-0.052328393836737,0.4461618430733976,original_logistic,walk_forward_2022,
UPS,2022-07-26 08:30:00,2,2022,1,0.0012754341216223,0.5355924191201904,original_logistic,walk_forward_2022,
PNR,2022-07-26 09:00:00,2,2022,0,-0.0060958165499969,0.5224745395133696,original_logistic,walk_forward_2022,
OTIS,2022-07-27 08:30:00,2,2022,1,0.0217901522840493,0.496673846981364,original_logistic,walk_forward_2022,
GD,2022-07-27 09:00:00,2,2022,0,-0.0001528922559892,0.5085724111058735,original_logistic,walk_forward_2022,
CHRW,2022-07-27 17:00:00,2,2022,1,0.0473980902838846,0.46331003143840077,original_logistic,walk_forward_2022,
CARR,2022-07-28 07:30:00,2,2022,0,-0.001842190005759,0.5287387764366498,original_logistic,walk_forward_2022,
MAS,2022-07-28 08:00:00,2,2022,0,-0.0640396289672743,0.49664458423889307,original_logistic,walk_forward_2022,
NOC,2022-07-28 09:00:00,2,2022,1,0.0479204379544135,0.5453269602640805,original_logistic,walk_forward_2022,
LHX,2022-07-29 08:30:00,2,2022,1,0.0066202972164128,0.5379824277101347,original_logistic,walk_forward_2022,
ALLE,2022-07-30 08:00:00,2,2022,0,-0.0365307386937882,0.5175277238104695,original_logistic,walk_forward_2022,
UBER,2022-08-02 08:00:00,2,2022,1,0.2895122132602765,0.5675075338655434,original_logistic,walk_forward_2022,
CAT,2022-08-02 08:30:00,2,2022,0,-0.0516468594722591,0.4591140585081667,original_logistic,walk_forward_2022,
IR,2022-08-04 08:00:00,2,2022,1,0.0152092364255658,0.5763613479727865,original_logistic,walk_forward_2022,
PWR,2022-08-04 09:00:00,2,2022,1,0.0100212054466863,0.5345164288083234,original_logistic,walk_forward_2022,
EMR,2022-08-09 09:00:00,3,2022,0,-0.045319635982265,0.5146664602432013,original_logistic,walk_forward_2022,
BR,2022-08-12 08:30:00,4,2022,1,0.0255408420629557,0.6573132844901162,original_logistic,walk_forward_2022,
FDX,2022-09-22 08:30:00,1,2022,0,-0.0025677639837,0.4707618553147307,original_logistic,walk_forward_2022,
CTAS,2022-09-28 17:00:00,1,2022,1,0.026802306055977,0.5117338215088325,original_logistic,walk_forward_2022,
JBHT,2022-10-18 17:00:00,3,2022,0,-0.0413323153316423,0.5060635604936348,original_logistic,walk_forward_2022,
UNP,2022-10-20 08:45:00,3,2022,0,-0.0580471279442926,0.4978498453264771,original_logistic,walk_forward_2022,
RHI,2022-10-20 17:00:00,3,2022,0,-0.1021078313873448,0.40779028868063383,original_logistic,walk_forward_2022,
GE,2022-10-25 08:00:00,3,2022,1,0.0410037509799734,0.562196153208501,original_logistic,walk_forward_2022,
RTX,2022-10-25 08:30:00,3,2022,1,0.0370700086985837,0.5209138616733776,original_logistic,walk_forward_2022,
UPS,2022-10-25 08:30:00,3,2022,0,-0.018342885384633,0.5713747487603833,original_logistic,walk_forward_2022,
PNR,2022-10-25 09:00:00,3,2022,1,0.0335564504422947,0.50937900315724,original_logistic,walk_forward_2022,
MAS,2022-10-26 08:00:00,3,2022,0,-0.0546608219106067,0.45732312868565717,original_logistic,walk_forward_2022,
ADP,2022-10-26 08:30:00,1,2022,1,0.0255108639970775,0.5446013922804763,original_logistic,walk_forward_2022,
NSC,2022-10-26 08:45:00,3,2022,1,0.0666834524223356,0.49488473793979587,original_logistic,walk_forward_2022,
GD,2022-10-26 09:00:00,3,2022,1,0.0177078443476759,0.4933919174332688,original_logistic,walk_forward_2022,
CARR,2022-10-27 07:30:00,3,2022,1,0.0760944583644295,0.4960117595148241,original_logistic,walk_forward_2022,
ALLE,2022-10-27 08:00:00,3,2022,1,0.0665955766573432,0.571550481276974,original_logistic,walk_forward_2022,
TXT,2022-10-27 08:00:00,3,2022,1,0.0600488826576485,0.47955439783366427,original_logistic,walk_forward_2022,
CAT,2022-10-27 08:30:00,3,2022,1,0.1077681475687711,0.5204185247351321,original_logistic,walk_forward_2022,
HON,2022-10-27 08:30:00,3,2022,1,0.072119524133411,0.5384286120860345,original_logistic,walk_forward_2022,
NOC,2022-10-27 09:00:00,3,2022,1,0.0172119404198962,0.5329159710431765,original_logistic,walk_forward_2022,
RSG,2022-10-27 17:00:00,3,2022,1,0.0016423517732315,0.5530376237060568,original_logistic,walk_forward_2022,
WAB,2022-11-01 08:30:00,3,2022,1,0.0504958104996631,0.5138182993835615,original_logistic,walk_forward_2022,
CHRW,2022-11-02 08:30:00,3,2022,0,-0.0473201307936517,0.42678750215931416,original_logistic,walk_forward_2022,
EMR,2022-11-02 09:00:00,4,2022,1,0.0702755590700595,0.5746128008499202,original_logistic,walk_forward_2022,
BR,2022-11-02 20:30:00,1,2022,0,-0.0260122742064231,0.6086182420153035,original_logistic,walk_forward_2022,
IR,2022-11-03 08:00:00,3,2022,1,0.0575958983681252,0.59171775751635,original_logistic,walk_forward_2022,
PH,2022-11-03 09:00:00,1,2022,1,0.0229889573948309,0.5255702528487507,original_logistic,walk_forward_2022,
PWR,2022-11-03 09:00:00,3,2022,1,0.0487245347094522,0.5387058243516287,original_logistic,walk_forward_2022,
FDX,2022-12-20 17:30:00,2,2022,1,0.0629842806115718,0.566300177419898,original_logistic,walk_forward_2022,
JBHT,2023-01-18 09:00:00,4,2023,1,0.0819242253002578,0.5213684453710319,original_logistic,final_holdout,
GE,2023-01-24 08:00:00,4,2023,1,0.0137957181541744,0.5724029247573648,original_logistic,final_holdout,
TXT,2023-01-25 08:00:00,4,2023,1,0.0318457616455905,0.46811594705409776,original_logistic,final_holdout,
NSC,2023-01-25 08:45:00,4,2023,0,-0.0542042405846907,0.5267072903251837,original_logistic,final_holdout,
GD,2023-01-25 09:00:00,4,2023,0,-0.0250003454753638,0.5550793602196243,original_logistic,final_holdout,
CSX,2023-01-25 16:30:00,4,2023,0,-0.0082521556037686,0.5568053789446722,original_logistic,final_holdout,
AAL,2023-01-26 08:30:00,4,2023,1,0.0008017695489079,0.5644977579050932,original_logistic,final_holdout,
NOC,2023-01-26 09:00:00,4,2023,0,-0.0703240877360957,0.5488721752543577,original_logistic,final_holdout,
RHI,2023-01-27 17:00:00,4,2023,1,0.0056366818932869,0.3928422172259855,original_logistic,final_holdout,
CAT,2023-01-31 08:30:00,4,2023,0,-0.0617711646818559,0.4896334296835249,original_logistic,final_holdout,
OTIS,2023-02-01 08:30:00,4,2023,0,-0.004413957723641,0.6002967756949754,original_logistic,final_holdout,
CARR,2023-02-07 08:00:00,4,2023,0,-0.0217602103495845,0.4771536079524067,original_logistic,final_holdout,
UBER,2023-02-08 08:00:00,4,2023,1,0.016148641857743,0.5880863870399002,original_logistic,final_holdout,
MAS,2023-02-09 08:00:00,4,2023,1,0.0306565492951114,0.438286245939817,original_logistic,final_holdout,
RSG,2023-02-15 17:00:00,4,2023,1,0.0557466246365334,0.5277559683768911,original_logistic,final_holdout,
NDSN,2023-02-21 08:30:00,1,2023,0,-0.0821784799407258,0.44581065529122255,original_logistic,final_holdout,
PWR,2023-02-23 09:00:00,4,2023,1,0.0857460539351597,0.5596174094993424,original_logistic,final_holdout,
VRSK,2023-03-01 08:30:00,4,2023,1,0.0721231572582008,0.5676004630641623,original_logistic,final_holdout,
CSX,2023-04-20 09:00:00,1,2023,1,0.0099729326983203,0.5740248962769784,original_logistic,final_holdout,
GE,2023-04-25 08:30:00,1,2023,1,0.0028325947483784,0.6121163486881944,original_logistic,final_holdout,
MAS,2023-04-26 07:45:00,1,2023,1,0.0497280840984102,0.41247565127800984,original_logistic,final_holdout,
ADP,2023-04-26 08:30:00,3,2023,1,0.0111343061655528,0.5717082694551587,original_logistic,final_holdout,
GD,2023-04-26 16:30:00,1,2023,0,-0.031006589048538,0.5000994597684513,original_logistic,final_holdout,
RHI,2023-04-26 17:00:00,1,2023,0,-0.033063658787259,0.35630638580038965,original_logistic,final_holdout,
AME,2023-05-02 08:30:00,1,2023,1,0.0479016453176294,0.6278816816605706,original_logistic,final_holdout,
BR,2023-05-02 08:30:00,3,2023,1,0.065259925313461,0.6104106019517788,original_logistic,final_holdout,
EMR,2023-05-03 08:00:00,2,2023,1,0.0174915514895405,0.5504967440231778,original_logistic,final_holdout,
PWR,2023-05-04 09:00:00,1,2023,1,0.0076198095438686,0.5740177571992483,original_logistic,final_holdout,
JCI,2023-05-05 08:30:00,2,2023,1,0.0435849656136515,0.6338996202334674,original_logistic,final_holdout,
CSX,2023-07-20 16:30:00,2,2023,0,-0.0207320157673516,0.5263940124998442,original_logistic,final_holdout,
GE,2023-07-25 07:30:00,2,2023,1,0.0286553377232452,0.6120581406717188,original_logistic,final_holdout,
MMM,2023-07-25 09:00:00,2,2023,1,0.0618039934080454,0.4308314494282155,original_logistic,final_holdout,
RHI,2023-07-25 17:00:00,2,2023,0,-0.0804486599418826,0.32964910205826714,original_logistic,final_holdout,
ALLE,2023-07-26 08:00:00,2,2023,0,-0.0881239525796775,0.5719136299170188,original_logistic,final_holdout,
OTIS,2023-07-26 08:30:00,2,2023,1,0.0283462988988187,0.5542011898167526,original_logistic,final_holdout,
UNP,2023-07-26 08:45:00,2,2023,1,0.071967161920138,0.4590090761599344,original_logistic,final_holdout,
CARR,2023-07-27 07:30:00,2,2023,1,0.0952779510438597,0.5613297045059894,original_logistic,final_holdout,
MAS,2023-07-27 08:00:00,2,2023,0,-0.0056829616239529,0.4415600333991152,original_logistic,final_holdout,
ROL,2023-07-27 08:30:00,2,2023,0,-0.0664406145073004,0.5331285443390006,original_logistic,final_holdout,
WAB,2023-07-27 08:30:00,2,2023,1,0.0511395939128962,0.5723146330676117,original_logistic,final_holdout,
NOC,2023-07-27 09:00:00,2,2023,0,-0.0095115068910743,0.6058324474354583,original_logistic,final_holdout,
PNR,2023-07-27 09:00:00,2,2023,1,0.0429159441624187,0.5129769004015171,original_logistic,final_holdout,
AME,2023-08-01 08:30:00,2,2023,1,0.0279774290408804,0.6229927370113614,original_logistic,final_holdout,
CAT,2023-08-01 08:30:00,2,2023,1,0.0775160621504272,0.5266961923461894,original_logistic,final_holdout,
JCI,2023-08-02 08:30:00,3,2023,0,-0.1066177592779218,0.5884101282616019,original_logistic,final_holdout,
EMR,2023-08-02 09:00:00,3,2023,1,0.0700492029490168,0.5754261596159019,original_logistic,final_holdout,
XYL,2023-08-02 09:00:00,2,2023,0,-0.0436728247028807,0.6214181486447864,original_logistic,final_holdout,
HII,2023-08-03 09:00:00,2,2023,1,0.0094187028374455,0.5093177869575517,original_logistic,final_holdout,
BR,2023-08-08 08:30:00,4,2023,1,0.1066870212258972,0.578893050386094,original_logistic,final_holdout,
UPS,2023-08-08 08:30:00,2,2023,0,-0.0213651959207846,0.4355178334323551,original_logistic,final_holdout,
GE,2023-10-24 07:30:00,3,2023,1,0.0411526228377578,0.6052337593114554,original_logistic,final_holdout,
MMM,2023-10-24 09:00:00,3,2023,1,0.0577031703427404,0.4782046982614791,original_logistic,final_holdout,
RHI,2023-10-24 17:00:00,3,2023,1,0.0492852244492568,0.3700894103952851,original_logistic,final_holdout,
OTIS,2023-10-25 08:30:00,3,2023,1,0.0119082941350684,0.5031719830625409,original_logistic,final_holdout,
WAB,2023-10-25 08:30:00,3,2023,1,0.0735210329309549,0.6241747716400162,original_logistic,final_holdout,
VLTO,2023-10-26 00:00:00,3,2023,0,-0.058536942726613,0.5233111367881559,original_logistic,final_holdout,
CARR,2023-10-26 07:30:00,3,2023,1,0.0476628047475324,0.5383339986366104,original_logistic,final_holdout,
MAS,2023-10-26 08:00:00,3,2023,1,0.0784241458791681,0.4325689948819072,original_logistic,final_holdout,
TXT,2023-10-26 08:00:00,3,2023,1,0.0097175752432139,0.5387557677221252,original_logistic,final_holdout,
NOC,2023-10-26 09:00:00,3,2023,0,-0.0432418549712302,0.5850155341059643,original_logistic,final_holdout,
RSG,2023-10-26 17:00:00,3,2023,0,-0.0046728433198297,0.5325527336444003,original_logistic,final_holdout,
CAT,2023-10-31 08:30:00,3,2023,0,-0.0638191319731548,0.4769769645745919,original_logistic,final_holdout,
CHRW,2023-11-01 17:00:00,3,2023,0,-0.0349331725787406,0.5023547900324887,original_logistic,final_holdout,
PWR,2023-11-02 09:00:00,3,2023,1,0.029329496789662,0.5927333242859872,original_logistic,final_holdout,
CPRT,2023-11-16 17:30:00,1,2023,1,0.0190850792575505,0.5523441143578044,original_logistic,final_holdout,
JCI,2023-12-12 08:30:00,4,2023,0,-0.0729540989365945,0.5254516714036628,original_logistic,final_holdout,
GE,2024-01-23 07:30:00,4,2024,0,-0.016968596841867,0.6148988043044983,original_logistic,final_holdout,
MMM,2024-01-23 09:00:00,4,2024,0,-0.1237358532435822,0.4837756381061606,original_logistic,final_holdout,
RHI,2024-01-30 17:00:00,4,2024,0,-0.0220325317565629,0.3252107826037907,original_logistic,final_holdout,
OTIS,2024-01-31 08:30:00,4,2024,1,0.0156147598771454,0.5886419019402673,original_logistic,final_holdout,
BR,2024-02-01 08:30:00,2,2024,0,-0.0599720389273853,0.6186750998723047,original_logistic,final_holdout,
HII,2024-02-01 09:00:00,4,2024,1,0.0302659873924273,0.5269468804567163,original_logistic,final_holdout,
CAT,2024-02-05 08:30:00,4,2024,0,-0.0071440970731206,0.5300557148334497,original_logistic,final_holdout,
CARR,2024-02-06 07:30:00,4,2024,0,-0.0198991976308455,0.5397454743317873,original_logistic,final_holdout,
XYL,2024-02-06 09:00:00,4,2024,1,0.0648316932736294,0.6381387616791363,original_logistic,final_holdout,
WAB,2024-02-14 08:30:00,4,2024,0,-0.0082726226956297,0.5766789743541757,original_logistic,final_holdout,
CPRT,2024-02-22 17:30:00,2,2024,1,0.0738767835527367,0.5617274586336855,original_logistic,final_holdout,
JBHT,2024-04-16 17:00:00,1,2024,0,-0.0881652768847109,0.4693524831760816,original_logistic,final_holdout,
GE,2024-04-23 07:30:00,1,2024,1,0.0741432576182783,0.6040490499234832,original_logistic,final_holdout,
MAS,2024-04-24 08:00:00,1,2024,0,-0.055582113078466,0.4363321824967116,original_logistic,final_holdout,
OTIS,2024-04-24 08:30:00,1,2024,0,-0.0574526826909045,0.47600301107555143,original_logistic,final_holdout,
WAB,2024-04-24 08:30:00,1,2024,1,0.0917348598834729,0.6106951098897739,original_logistic,final_holdout,
NSC,2024-04-24 08:45:00,1,2024,0,-0.0531583596984326,0.4969406607695196,original_logistic,final_holdout,
GD,2024-04-24 09:00:00,1,2024,0,-0.012358550857441,0.5691134603150959,original_logistic,final_holdout,
CARR,2024-04-25 07:30:00,1,2024,1,0.1264368295410775,0.5752510736388646,original_logistic,final_holdout,
GEV,2024-04-25 07:30:00,1,2024,1,0.048054253208685,0.6583771526076087,original_logistic,final_holdout,
ALLE,2024-04-25 08:00:00,1,2024,0,-0.0328089416613609,0.4797373924391907,original_logistic,final_holdout,
TXT,2024-04-25 08:00:00,1,2024,0,-0.087789730869322,0.4870418204087075,original_logistic,final_holdout,
CAT,2024-04-25 08:30:00,1,2024,0,-0.0787685222122572,0.48024873486547337,original_logistic,final_holdout,
ROL,2024-04-25 08:30:00,1,2024,1,0.0527183013954563,0.5059711153010494,original_logistic,final_holdout,
URI,2024-04-25 08:30:00,1,2024,1,0.0083150335009352,0.6012864333434585,original_logistic,final_holdout,
HON,2024-04-25 09:00:00,1,2024,1,0.0131157860892286,0.5726612871083212,original_logistic,final_holdout,
AAL,2024-04-25 09:15:00,1,2024,0,-0.0139277367840555,0.5822653738740264,original_logistic,final_holdout,
RHI,2024-04-25 17:00:00,1,2024,0,-0.0175733535676723,0.32810611020045155,original_logistic,final_holdout,
LHX,2024-04-26 08:30:00,1,2024,1,0.0160677007632674,0.5862023937440083,original_logistic,final_holdout,
RSG,2024-04-30 17:00:00,1,2024,0,-0.0465663918960855,0.5228719359773103,original_logistic,final_holdout,
JCI,2024-05-01 08:30:00,2,2024,0,-0.0395612342426893,0.5412351347271871,original_logistic,final_holdout,
VRSK,2024-05-01 08:30:00,1,2024,1,0.103048851288636,0.5974105886848148,original_logistic,final_holdout,
CHRW,2024-05-01 17:00:00,1,2024,1,0.0894474044018966,0.5091960724115352,original_logistic,final_holdout,
SWK,2024-05-01 23:00:00,1,2024,0,-0.0992378887749984,0.4362514049257731,original_logistic,final_holdout,
AME,2024-05-02 08:30:00,1,2024,0,-0.0615510866190287,0.5106393724059215,original_logistic,final_holdout,
HII,2024-05-02 09:00:00,1,2024,0,-0.1425168690895796,0.5079163458692384,original_logistic,final_holdout,
PWR,2024-05-02 09:00:00,1,2024,1,0.0013058711657065,0.5339970752673574,original_logistic,final_holdout,
XYL,2024-05-02 09:00:00,1,2024,1,0.0444598615053588,0.6183238393662047,original_logistic,final_holdout,
IR,2024-05-03 08:00:00,1,2024,0,-0.0495205103456785,0.4880883051483834,original_logistic,final_holdout,
ROK,2024-05-07 08:30:00,2,2024,0,-0.0338858747028606,0.43390256107787384,original_logistic,final_holdout,
UBER,2024-05-08 08:00:00,1,2024,0,-0.0839235136255633,0.6379907215248887,original_logistic,final_holdout,
EMR,2024-05-08 09:00:00,2,2024,1,0.0533421589054701,0.559908754496043,original_logistic,final_holdout,
CPRT,2024-05-16 17:30:00,3,2024,0,-0.0138972328627559,0.5632904477624161,original_logistic,final_holdout,
GE,2024-07-23 07:30:00,2,2024,1,0.0618119726276717,0.5753698208471483,original_logistic,final_holdout,
ALLE,2024-07-24 08:00:00,2,2024,1,0.1170858128011878,0.5991188857512656,original_logistic,final_holdout,
OTIS,2024-07-24 08:30:00,2,2024,0,-0.0248775505304131,0.53892463283353,original_logistic,final_holdout,
RHI,2024-07-24 17:00:00,2,2024,0,-0.0272551287423549,0.3706170670398624,original_logistic,final_holdout,
RSG,2024-07-24 17:00:00,2,2024,0,-0.0443300533675204,0.5441962439401141,original_logistic,final_holdout,
CARR,2024-07-25 07:30:00,2,2024,1,0.0145903102081066,0.5602482541382412,original_logistic,final_holdout,
GEV,2024-07-25 07:30:00,2,2024,1,0.0766322630641713,0.6057340625256681,original_logistic,final_holdout,
MAS,2024-07-25 08:00:00,2,2024,1,0.0854677121037525,0.4912435851688286,original_logistic,final_holdout,
RTX,2024-07-25 08:00:00,2,2024,1,0.1032308674654474,0.6062537669881355,original_logistic,final_holdout,
ROL,2024-07-25 08:30:00,2,2024,0,-0.0583767879190562,0.6011834879115733,original_logistic,final_holdout,
NOC,2024-07-25 09:00:00,2,2024,1,0.0779132733164478,0.5833788634711732,original_logistic,final_holdout,
XYL,2024-07-30 09:00:00,2,2024,0,-0.0580018982435321,0.5526553704586079,original_logistic,final_holdout,
JCI,2024-07-31 08:30:00,3,2024,1,0.0023749464250347,0.6149151251398848,original_logistic,final_holdout,
VRSK,2024-07-31 08:30:00,2,2024,0,-0.0514619238183601,0.5465050515755433,original_logistic,final_holdout,
IR,2024-08-01 08:00:00,2,2024,0,-0.0720242115518051,0.5697711826942337,original_logistic,final_holdout,
AME,2024-08-01 08:30:00,2,2024,0,-0.0375224853456659,0.47157346686339674,original_logistic,final_holdout,
PWR,2024-08-01 09:00:00,2,2024,0,-0.0051531059404614,0.5899550646269591,original_logistic,final_holdout,
CAT,2024-08-06 08:30:00,2,2024,1,0.0302243261328893,0.4503690466721326,original_logistic,final_holdout,
CPRT,2024-09-04 17:30:00,4,2024,0,-0.07535020775021,0.4818597697404954,original_logistic,final_holdout,
FDX,2024-09-19 17:30:00,1,2024,0,-0.1189392550955918,0.5181654996540477,original_logistic,final_holdout,
JBHT,2024-10-15 17:00:00,3,2024,0,-0.000626265700387,0.5613327760228061,original_logistic,final_holdout,
GE,2024-10-22 07:30:00,3,2024,0,-0.091949393478128,0.5700423675663717,original_logistic,final_holdout,
MMM,2024-10-22 09:00:00,3,2024,0,-0.0285405241072205,0.5710453575758214,original_logistic,final_holdout,
PNR,2024-10-22 09:00:00,3,2024,1,0.0116082433294052,0.5328148163642075,original_logistic,final_holdout,
RHI,2024-10-22 17:00:00,3,2024,1,0.0600496603811538,0.37257346632487437,original_logistic,final_holdout,
GEV,2024-10-23 07:30:00,3,2024,1,0.0839791774079313,0.6003985515078915,original_logistic,final_holdout,
WAB,2024-10-23 08:30:00,3,2024,1,0.0051268894040795,0.5706568039665658,original_logistic,final_holdout,
CARR,2024-10-24 07:30:00,3,2024,0,-0.0798219098823908,0.5426431113745984,original_logistic,final_holdout,
UPS,2024-10-24 08:30:00,3,2024,1,0.0153844307987311,0.5640510033834211,original_logistic,final_holdout,
UNP,2024-10-24 08:45:00,3,2024,0,-0.0408389587192936,0.5907380222672544,original_logistic,final_holdout,
NOC,2024-10-24 09:00:00,3,2024,0,-0.0242205531198924,0.6342416926519514,original_logistic,final_holdout,
MAS,2024-10-29 08:00:00,3,2024,1,0.0081352262312072,0.5323081261731869,original_logistic,final_holdout,
CAT,2024-10-30 08:30:00,3,2024,0,-0.0020842085281419,0.4312515810440157,original_logistic,final_holdout,
OTIS,2024-10-30 08:30:00,3,2024,0,-0.003336855834108,0.5384877195705196,original_logistic,final_holdout,
UBER,2024-10-31 08:00:00,3,2024,0,-0.0836744111937076,0.6043755267253021,original_logistic,final_holdout,
HII,2024-10-31 09:00:00,3,2024,0,-0.2085947028227086,0.4535510013115683,original_logistic,final_holdout,
PWR,2024-10-31 09:00:00,3,2024,0,-0.0224437588445811,0.5664719396661091,original_logistic,final_holdout,
XYL,2024-10-31 09:00:00,3,2024,0,-0.0696833649937058,0.5168493168667401,original_logistic,final_holdout,
BR,2024-11-05 08:30:00,1,2024,1,0.02851072658155,0.595090746690456,original_logistic,final_holdout,
CPRT,2024-11-21 17:30:00,1,2024,1,0.0999944920814248,0.4787626033327183,original_logistic,final_holdout,
FDX,2024-12-19 17:30:00,2,2024,0,-0.0014461264784637,0.564578804658793,original_logistic,final_holdout,
GEV,2025-01-22 07:30:00,4,2025,0,-0.1493978737547536,0.6210725887482224,original_logistic,final_holdout,
UNP,2025-01-23 08:45:00,4,2025,1,0.0660442472850197,0.54796335274301,original_logistic,final_holdout,
GE,2025-01-24 07:30:00,4,2025,1,0.0315246836110101,0.6342411772990433,original_logistic,final_holdout,
OTIS,2025-01-29 08:30:00,4,2025,0,-0.010105844705445,0.5411200416851653,original_logistic,final_holdout,
RHI,2025-01-29 17:00:00,4,2025,0,-0.1064910611685646,0.3843236999312949,original_logistic,final_holdout,
CAT,2025-01-30 08:30:00,4,2025,0,-0.0911006369114678,0.4014780489932513,original_logistic,final_holdout,
NOC,2025-01-30 09:00:00,4,2025,0,-0.0227762536390768,0.6254646183475097,original_logistic,final_holdout,
ETN,2025-01-31 05:00:00,4,2025,0,-0.036435456515649,0.5473734160047578,original_logistic,final_holdout,
GWW,2025-01-31 05:00:00,4,2025,0,-0.0737521140190657,0.5068295744584583,original_logistic,final_holdout,
AME,2025-02-04 08:30:00,4,2025,0,-0.0019962648058131,0.575843982793773,original_logistic,final_holdout,
JCI,2025-02-05 08:30:00,1,2025,1,0.148506139979994,0.645785610781831,original_logistic,final_holdout,
HII,2025-02-06 09:00:00,4,2025,0,-0.1625070478348761,0.48467845523299075,original_logistic,final_holdout,
CARR,2025-02-11 07:30:00,4,2025,0,-0.0049725447049979,0.5232671378883567,original_logistic,final_holdout,
LDOS,2025-02-11 08:00:00,4,2025,0,-0.0909574265821021,0.6201912430636746,original_logistic,final_holdout,
MAS,2025-02-11 08:00:00,4,2025,0,-0.0140172413597611,0.5429447137493734,original_logistic,final_holdout,
WAB,2025-02-12 08:30:00,4,2025,0,-0.0835788542596854,0.6248260764511928,original_logistic,final_holdout,
ROL,2025-02-13 08:30:00,4,2025,1,0.0137197615490245,0.585089281677717,original_logistic,final_holdout,
RSG,2025-02-13 17:00:00,4,2025,1,0.0450902102466085,0.5284548276434384,original_logistic,final_holdout,
BLDR,2025-02-20 09:00:00,4,2025,1,0.0118961303831873,0.4540292132960897,original_logistic,final_holdout,
CPRT,2025-02-20 17:30:00,2,2025,0,-0.0095180682497251,0.5282529809708907,original_logistic,final_holdout,
VRSK,2025-02-26 08:30:00,4,2025,1,0.0291379922755189,0.5845469973032295,original_logistic,final_holdout,
JBHT,2025-04-15 17:00:00,1,2025,0,-0.0313079337553116,0.5238251151961066,original_logistic,final_holdout,
EFX,2025-04-22 08:30:00,1,2025,1,0.1187894708161738,0.5478106039490068,original_logistic,final_holdout,
GEV,2025-04-23 07:30:00,1,2025,1,0.0867333583325222,0.5786252498953162,original_logistic,final_holdout,
MAS,2025-04-23 08:00:00,1,2025,0,-0.0674322984039771,0.518504043223665,original_logistic,final_holdout,
OTIS,2025-04-23 08:30:00,1,2025,0,-0.0925717388737628,0.5096154784863497,original_logistic,final_holdout,
ALLE,2025-04-24 08:00:00,1,2025,1,0.0648048718529561,0.5202130611247118,original_logistic,final_holdout,
GE,2025-04-25 07:30:00,1,2025,1,0.0096428230641996,0.5562680032482593,original_logistic,final_holdout,
UPS,2025-04-29 08:30:00,1,2025,0,-0.0377580064365744,0.4513051381871523,original_logistic,final_holdout,
CAT,2025-04-30 08:30:00,1,2025,1,0.0355977701568113,0.4729949263303277,original_logistic,final_holdout,
VLTO,2025-04-30 08:30:00,1,2025,1,0.0160983981201892,0.6016154217241123,original_logistic,final_holdout,
CARR,2025-05-01 07:30:00,1,2025,1,0.111570575435133,0.5357784102894418,original_logistic,final_holdout,
AME,2025-05-01 08:30:00,1,2025,0,-0.0104057749029691,0.551369163053165,original_logistic,final_holdout,
IEX,2025-05-02 09:00:00,1,2025,1,0.0429670046467205,0.5138633727795292,original_logistic,final_holdout,
VRSK,2025-05-07 08:30:00,1,2025,0,-0.0317103185992506,0.5570083513905105,original_logistic,final_holdout,
CTAS,2019-12-17 17:00:00,2,2019,1,0.0212050109530657,0.59854764,historical_xgboost_depth1_trees200,walk_forward_2019,historical_surprise
CTAS,2019-09-25 17:00:00,1,2019,1,0.0038167079678754,0.44683707,historical_xgboost_depth1_trees200,walk_forward_2019,historical_surprise
FDX,2019-12-17 17:30:00,2,2019,0,-0.0859389091010705,0.28349313,historical_xgboost_depth1_trees200,walk_forward_2019,historical_surprise
FDX,2019-09-17 17:30:00,1,2019,0,-0.1603899324474452,0.42889675,historical_xgboost_depth1_trees200,walk_forward_2019,historical_surprise
ADP,2019-07-31 08:30:00,4,2019,1,0.03385428489314,0.6026935,historical_xgboost_depth1_trees200,walk_forward_2019,historical_surprise
ALLE,2019-10-24 08:00:00,3,2019,1,0.1022548191453061,0.593477,historical_xgboost_depth1_trees200,walk_forward_2019,historical_surprise
ALLE,2019-07-25 08:00:00,2,2019,0,-0.0302697614946879,0.45433494,historical_xgboost_depth1_trees200,walk_forward_2019,historical_surprise
ALLE,2019-04-26 08:00:00,1,2019,1,0.0273969322496335,0.55605716,historical_xgboost_depth1_trees200,walk_forward_2019,historical_surprise
BR,2019-08-01 08:30:00,4,2019,1,0.0046543908729655,0.57131195,historical_xgboost_depth1_trees200,walk_forward_2019,historical_surprise
CAT,2019-10-23 08:30:00,3,2019,1,0.0434957058209024,0.38307709,historical_xgboost_depth1_trees200,walk_forward_2019,historical_surprise
CPRT,2019-05-23 09:00:00,3,2019,1,0.1279377996386144,0.5891462,historical_xgboost_depth1_trees200,walk_forward_2019,historical_surprise
CTAS,2019-07-16 17:00:00,4,2019,1,0.0886907129537499,0.5194437,historical_xgboost_depth1_trees200,walk_forward_2019,historical_surprise
CTAS,2019-03-21 17:00:00,3,2019,0,-0.0221736946247064,0.31399184,historical_xgboost_depth1_trees200,walk_forward_2019,historical_surprise
EFX,2019-07-25 08:30:00,2,2019,0,-0.0092393193362033,0.65746593,historical_xgboost_depth1_trees200,walk_forward_2019,historical_surprise
EFX,2019-05-10 08:30:00,1,2019,1,0.0191343055438262,0.47635987,historical_xgboost_depth1_trees200,walk_forward_2019,historical_surprise
EFX,2019-02-21 08:30:00,4,2019,1,0.0028835145103536,0.46983737,historical_xgboost_depth1_trees200,walk_forward_2019,historical_surprise
FDX,2019-06-26 17:30:00,4,2019,0,-0.018776208935981,0.25973713,historical_xgboost_depth1_trees200,walk_forward_2019,historical_surprise
FDX,2019-03-19 17:30:00,3,2019,0,-0.0295262222768889,0.35581467,historical_xgboost_depth1_trees200,walk_forward_2019,historical_surprise
FTV,2019-02-07 17:30:00,4,2019,1,0.0663629618748877,0.38653755,historical_xgboost_depth1_trees200,walk_forward_2019,historical_surprise
FTV,2019-10-24 17:30:00,3,2019,0,-0.0441590233158278,0.36357486,historical_xgboost_depth1_trees200,walk_forward_2019,historical_surprise
GD,2019-04-24 09:00:00,1,2019,0,-0.0241556111517303,0.6415055,historical_xgboost_depth1_trees200,walk_forward_2019,historical_surprise
HII,2019-11-07 09:00:00,3,2019,1,0.0820434309618964,0.4217558,historical_xgboost_depth1_trees200,walk_forward_2019,historical_surprise
HII,2019-08-01 09:00:00,2,2019,0,-0.0593326986424609,0.45795983,historical_xgboost_depth1_trees200,walk_forward_2019,historical_surprise
HII,2019-05-02 09:00:00,1,2019,0,-0.0575341968383035,0.56466943,historical_xgboost_depth1_trees200,walk_forward_2019,historical_surprise
HON,2019-04-18 08:30:00,1,2019,1,0.0373601557370413,0.6226759,historical_xgboost_depth1_trees200,walk_forward_2019,historical_surprise
JCI,2019-05-01 08:30:00,2,2019,1,0.0676388097468184,0.6496166,historical_xgboost_depth1_trees200,walk_forward_2019,historical_surprise
LDOS,2019-10-29 08:00:00,3,2019,1,0.0487196764923567,0.4694165,historical_xgboost_depth1_trees200,walk_forward_2019,historical_surprise
LHX,2019-07-31 08:30:00,4,2019,1,0.0692116702075001,0.7145605,historical_xgboost_depth1_trees200,walk_forward_2019,historical_surprise
LHX,2019-05-01 08:30:00,3,2019,1,0.069577337320556,0.7146986,historical_xgboost_depth1_trees200,walk_forward_2019,historical_surprise
MAS,2019-02-07 08:00:00,4,2019,1,0.1103535897852345,0.24564497,historical_xgboost_depth1_trees200,walk_forward_2019,historical_surprise
MAS,2019-10-30 08:00:00,3,2019,1,0.0303532667071004,0.49896777,historical_xgboost_depth1_trees200,walk_forward_2019,historical_surprise
MAS,2019-07-25 08:00:00,2,2019,1,0.0530265443715376,0.3302497,historical_xgboost_depth1_trees200,walk_forward_2019,historical_surprise
NSC,2019-01-24 16:30:00,4,2019,0,-0.012529658360689,0.53286743,historical_xgboost_depth1_trees200,walk_forward_2019,historical_surprise
NSC,2019-10-23 08:45:00,3,2019,0,-0.0343962465357385,0.37631565,historical_xgboost_depth1_trees200,walk_forward_2019,historical_surprise
PWR,2019-08-01 09:00:00,2,2019,0,-0.0892481697940558,0.64208823,historical_xgboost_depth1_trees200,walk_forward_2019,historical_surprise
ROK,2019-11-12 08:30:00,4,2019,1,0.0917248372257739,0.60920954,historical_xgboost_depth1_trees200,walk_forward_2019,historical_surprise
SWK,2019-01-22 08:00:00,4,2019,0,-0.1044224466641677,0.3418652,historical_xgboost_depth1_trees200,walk_forward_2019,historical_surprise
SWK,2019-07-23 08:00:00,2,2019,1,0.05453200868171,0.44378528,historical_xgboost_depth1_trees200,walk_forward_2019,historical_surprise
UNP,2019-04-18 08:45:00,1,2019,1,0.0278172931883138,0.47260126,historical_xgboost_depth1_trees200,walk_forward_2019,historical_surprise
VRSK,2019-02-20 08:30:00,4,2019,1,0.0023069584127661,0.57771564,historical_xgboost_depth1_trees200,walk_forward_2019,historical_surprise
VRSK,2019-07-31 08:30:00,2,2019,1,0.0455847806186887,0.41409218,historical_xgboost_depth1_trees200,walk_forward_2019,historical_surprise
VRSK,2019-05-01 08:30:00,1,2019,1,0.0164372488526626,0.5676146,historical_xgboost_depth1_trees200,walk_forward_2019,historical_surprise
AAL,2019-04-26 08:30:00,1,2019,1,0.0191189935918539,0.592264,historical_xgboost_depth1_trees200,walk_forward_2019,historical_surprise
RHI,2019-01-29 17:00:00,4,2019,1,0.0105880422478568,0.5543288,historical_xgboost_depth1_trees200,walk_forward_2019,historical_surprise
RHI,2019-10-23 17:00:00,3,2019,1,0.0258376038465064,0.23048905,historical_xgboost_depth1_trees200,walk_forward_2019,historical_surprise
RHI,2019-07-23 17:00:00,2,2019,1,0.0387612011606701,0.5322959,historical_xgboost_depth1_trees200,walk_forward_2019,historical_surprise
RHI,2019-04-23 17:00:00,1,2019,0,-0.1015397734653968,0.5404276,historical_xgboost_depth1_trees200,walk_forward_2019,historical_surprise
RTX,2019-01-31 09:00:00,4,2019,0,-5.374363173848984e-05,0.3984747,historical_xgboost_depth1_trees200,walk_forward_2019,historical_surprise
RTX,2019-10-24 09:00:00,3,2019,1,0.0140270544656009,0.37378445,historical_xgboost_depth1_trees200,walk_forward_2019,historical_surprise
RTX,2019-07-25 09:00:00,2,2019,1,0.0081335465442508,0.6638665,historical_xgboost_depth1_trees200,walk_forward_2019,historical_surprise
RTX,2019-04-25 09:00:00,1,2019,1,0.0154587440708826,0.3657605,historical_xgboost_depth1_trees200,walk_forward_2019,historical_surprise
GE,2019-07-31 08:30:00,2,2019,0,-0.0466927679929152,0.47106993,historical_xgboost_depth1_trees200,walk_forward_2019,historical_surprise
GE,2019-04-30 08:30:00,1,2019,1,0.0755306321734156,0.60117626,historical_xgboost_depth1_trees200,walk_forward_2019,historical_surprise
ADP,2020-07-29 08:30:00,4,2020,0,-0.0949399415978505,0.2885889,historical_xgboost_depth1_trees200,walk_forward_2020,historical_surprise
ADP,2020-04-29 08:30:00,3,2020,1,0.0178857080614101,0.28076646,historical_xgboost_depth1_trees200,walk_forward_2020,historical_surprise
ALLE,2020-10-22 08:00:00,3,2020,0,-0.02467955977571,0.34901696,historical_xgboost_depth1_trees200,walk_forward_2020,historical_surprise
ALLE,2020-07-23 08:00:00,2,2020,0,-0.1145260721308017,0.4086147,historical_xgboost_depth1_trees200,walk_forward_2020,historical_surprise
AME,2020-08-04 08:30:00,2,2020,1,0.0230853929380263,0.48132545,historical_xgboost_depth1_trees200,walk_forward_2020,historical_surprise
AME,2020-05-05 08:30:00,1,2020,1,0.0140472575045975,0.49230722,historical_xgboost_depth1_trees200,walk_forward_2020,historical_surprise
BR,2020-08-11 08:30:00,4,2020,1,0.0048699512603962,0.5466717,historical_xgboost_depth1_trees200,walk_forward_2020,historical_surprise
BR,2020-05-08 08:00:00,3,2020,0,-0.0056393308966355,0.42282167,historical_xgboost_depth1_trees200,walk_forward_2020,historical_surprise
BR,2020-10-30 08:30:00,1,2020,0,-0.013028651063206,0.29713175,historical_xgboost_depth1_trees200,walk_forward_2020,historical_surprise
CARR,2020-10-29 09:00:00,3,2020,1,0.0544561965698435,0.61999536,historical_xgboost_depth1_trees200,walk_forward_2020,historical_surprise
CARR,2020-07-30 09:00:00,2,2020,1,0.0129391914569949,0.60303575,historical_xgboost_depth1_trees200,walk_forward_2020,historical_surprise
CARR,2020-05-08 08:30:00,1,2020,1,0.018489053490231,0.3348697,historical_xgboost_depth1_trees200,walk_forward_2020,historical_surprise
CAT,2020-10-27 08:30:00,3,2020,1,0.0271066902078395,0.5503492,historical_xgboost_depth1_trees200,walk_forward_2020,historical_surprise
CAT,2020-07-31 08:30:00,2,2020,0,-0.0488245538155938,0.30247298,historical_xgboost_depth1_trees200,walk_forward_2020,historical_surprise
CAT,2020-04-28 08:30:00,1,2020,0,-0.0525141520740214,0.4016614,historical_xgboost_depth1_trees200,walk_forward_2020,historical_surprise
CMI,2020-11-12 09:00:00,4,2020,0,-0.0047673421859959,0.4593609,historical_xgboost_depth1_trees200,walk_forward_2020,historical_surprise
CTAS,2020-07-23 00:00:00,4,2020,1,0.0621813946903514,0.5211144,historical_xgboost_depth1_trees200,walk_forward_2020,historical_surprise
CTAS,2020-03-19 17:00:00,3,2020,0,-0.0392419335610418,0.23445334,historical_xgboost_depth1_trees200,walk_forward_2020,historical_surprise
DOV,2020-07-22 09:00:00,2,2020,1,0.0242987801668355,0.41774037,historical_xgboost_depth1_trees200,walk_forward_2020,historical_surprise
EFX,2020-10-22 08:30:00,3,2020,0,-0.0842931309092303,0.5407044,historical_xgboost_depth1_trees200,walk_forward_2020,historical_surprise
EFX,2020-07-23 08:30:00,2,2020,0,-0.008799417638343,0.42231572,historical_xgboost_depth1_trees200,walk_forward_2020,historical_surprise
EFX,2020-04-21 08:00:00,1,2020,1,0.0780124954835432,0.3914846,historical_xgboost_depth1_trees200,walk_forward_2020,historical_surprise
FDX,2020-07-01 17:00:00,4,2020,0,-0.0174872464322928,0.50530934,historical_xgboost_depth1_trees200,walk_forward_2020,historical_surprise
FDX,2020-12-17 17:30:00,2,2020,0,-0.0749856591035882,0.5148351,historical_xgboost_depth1_trees200,walk_forward_2020,historical_surprise
FDX,2020-09-16 17:30:00,1,2020,1,0.0084070213538328,0.49075708,historical_xgboost_depth1_trees200,walk_forward_2020,historical_surprise
FTV,2020-05-01 17:30:00,1,2020,0,-0.0593677846902124,0.278917,historical_xgboost_depth1_trees200,walk_forward_2020,historical_surprise
GD,2020-10-28 09:00:00,3,2020,1,0.0310375529891875,0.54639214,historical_xgboost_depth1_trees200,walk_forward_2020,historical_surprise
GE,2020-04-29 08:00:00,1,2020,0,-0.0899992959782215,0.34938133,historical_xgboost_depth1_trees200,walk_forward_2020,historical_surprise
GNRC,2020-07-31 09:00:00,2,2020,1,0.1383379909761353,0.52178746,historical_xgboost_depth1_trees200,walk_forward_2020,historical_surprise
HII,2020-11-06 09:00:00,3,2020,1,0.0366998787572638,0.54514617,historical_xgboost_depth1_trees200,walk_forward_2020,historical_surprise
HII,2020-05-07 09:00:00,1,2020,0,-0.0369857623215917,0.40678692,historical_xgboost_depth1_trees200,walk_forward_2020,historical_surprise
J,2020-05-07 16:45:00,2,2020,0,-0.0785212193558103,0.55640435,historical_xgboost_depth1_trees200,walk_forward_2020,historical_surprise
LHX,2020-10-30 08:00:00,3,2020,1,0.0504924176265595,0.53527325,historical_xgboost_depth1_trees200,walk_forward_2020,historical_surprise
LHX,2020-07-31 08:30:00,2,2020,0,-0.0291708682184286,0.78371143,historical_xgboost_depth1_trees200,walk_forward_2020,historical_surprise
LHX,2020-05-05 09:00:00,1,2020,0,-0.0704798896148458,0.5930671,historical_xgboost_depth1_trees200,walk_forward_2020,historical_surprise
MAS,2020-10-28 08:00:00,3,2020,1,0.050961470349492,0.30267817,historical_xgboost_depth1_trees200,walk_forward_2020,historical_surprise
MAS,2020-07-30 09:00:00,2,2020,0,-0.0079648470490791,0.25884852,historical_xgboost_depth1_trees200,walk_forward_2020,historical_surprise
MAS,2020-04-29 08:00:00,1,2020,0,-0.0233362356212032,0.2966869,historical_xgboost_depth1_trees200,walk_forward_2020,historical_surprise
NDSN,2020-02-20 08:30:00,1,2020,0,-0.0120727684789089,0.41683683,historical_xgboost_depth1_trees200,walk_forward_2020,historical_surprise
NOC,2020-10-22 09:00:00,3,2020,1,0.0001876505578385,0.7846297,historical_xgboost_depth1_trees200,walk_forward_2020,historical_surprise
NOC,2020-07-30 09:00:00,2,2020,1,0.0245581398715115,0.7396611,historical_xgboost_depth1_trees200,walk_forward_2020,historical_surprise
NOC,2020-04-29 08:00:00,1,2020,0,-0.0475944662596691,0.68102723,historical_xgboost_depth1_trees200,walk_forward_2020,historical_surprise
NSC,2020-10-28 08:45:00,3,2020,1,0.1038718935474092,0.4215858,historical_xgboost_depth1_trees200,walk_forward_2020,historical_surprise
PNR,2020-07-23 09:00:00,2,2020,1,0.0302370950207061,0.5449226,historical_xgboost_depth1_trees200,walk_forward_2020,historical_surprise
ROK,2020-07-28 08:30:00,3,2020,0,-0.0529790747012316,0.55589527,historical_xgboost_depth1_trees200,walk_forward_2020,historical_surprise
ROK,2020-04-28 08:30:00,2,2020,1,0.0467623637545925,0.35586005,historical_xgboost_depth1_trees200,walk_forward_2020,historical_surprise
RSG,2020-11-05 17:00:00,3,2020,1,0.049286378968516,0.5665168,historical_xgboost_depth1_trees200,walk_forward_2020,historical_surprise
RTX,2020-10-27 08:30:00,3,2020,0,-0.0565322591648711,0.3539455,historical_xgboost_depth1_trees200,walk_forward_2020,historical_surprise
RTX,2020-07-28 08:30:00,2,2020,0,-0.0756424268845785,0.3289274,historical_xgboost_depth1_trees200,walk_forward_2020,historical_surprise
RTX,2020-05-07 08:30:00,1,2020,0,-0.0559754615209771,0.3101266,historical_xgboost_depth1_trees200,walk_forward_2020,historical_surprise
UBER,2020-08-07 16:30:00,2,2020,0,-0.0948862643093048,0.53199315,historical_xgboost_depth1_trees200,walk_forward_2020,historical_surprise
UBER,2020-05-07 16:30:00,1,2020,1,0.070093480593418,0.700864,historical_xgboost_depth1_trees200,walk_forward_2020,historical_surprise
UNP,2020-07-23 08:45:00,2,2020,0,-0.0024385159818534,0.54433286,historical_xgboost_depth1_trees200,walk_forward_2020,historical_surprise
UPS,2020-07-30 08:30:00,2,2020,1,0.1517500428747284,0.32007062,historical_xgboost_depth1_trees200,walk_forward_2020,historical_surprise
VRSK,2020-11-05 08:30:00,3,2020,0,-0.0200104099838671,0.50891346,historical_xgboost_depth1_trees200,walk_forward_2020,historical_surprise
VRSK,2020-05-06 08:30:00,1,2020,0,-0.0062371312459437,0.42304322,historical_xgboost_depth1_trees200,walk_forward_2020,historical_surprise
WAB,2020-07-28 08:30:00,2,2020,0,-0.0257485078297287,0.491306,historical_xgboost_depth1_trees200,walk_forward_2020,historical_surprise
ALLE,2020-02-18 08:00:00,4,2020,0,-0.0403934204990876,0.52551,historical_xgboost_depth1_trees200,walk_forward_2020,historical_surprise
AME,2020-02-05 08:30:00,4,2020,0,-0.0077503420610938,0.47722584,historical_xgboost_depth1_trees200,walk_forward_2020,historical_surprise
EFX,2020-02-13 08:30:00,4,2020,1,0.0465597095766263,0.55186564,historical_xgboost_depth1_trees200,walk_forward_2020,historical_surprise
FTV,2020-02-06 17:30:00,4,2020,0,-0.0159974148851156,0.38663608,historical_xgboost_depth1_trees200,walk_forward_2020,historical_surprise
HII,2020-02-13 09:00:00,4,2020,0,-0.1190864056558126,0.4617543,historical_xgboost_depth1_trees200,walk_forward_2020,historical_surprise
LDOS,2020-02-18 08:00:00,4,2020,1,0.0546816311331395,0.8023752,historical_xgboost_depth1_trees200,walk_forward_2020,historical_surprise
MAS,2020-02-11 08:00:00,4,2020,0,-0.0880075891510216,0.3132266,historical_xgboost_depth1_trees200,walk_forward_2020,historical_surprise
NOC,2020-01-30 08:00:00,4,2020,0,-0.0575319890948499,0.7745451,historical_xgboost_depth1_trees200,walk_forward_2020,historical_surprise
NSC,2020-01-29 08:45:00,4,2020,1,0.0282069786784024,0.48900357,historical_xgboost_depth1_trees200,walk_forward_2020,historical_surprise
PWR,2020-02-27 09:00:00,4,2020,1,0.0808153590030018,0.5561628,historical_xgboost_depth1_trees200,walk_forward_2020,historical_surprise
TXT,2020-01-29 08:00:00,4,2020,1,0.1072690172370092,0.42008156,historical_xgboost_depth1_trees200,walk_forward_2020,historical_surprise
RHI,2020-01-31 17:00:00,4,2020,0,-0.0134595020357188,0.49754223,historical_xgboost_depth1_trees200,walk_forward_2020,historical_surprise
RHI,2020-10-22 17:00:00,3,2020,0,-0.0804641619697851,0.45401824,historical_xgboost_depth1_trees200,walk_forward_2020,historical_surprise
RHI,2020-07-23 17:00:00,2,2020,0,-0.0574881328962759,0.39467025,historical_xgboost_depth1_trees200,walk_forward_2020,historical_surprise
RHI,2020-04-23 17:00:00,1,2020,1,0.0387454078238338,0.30433524,historical_xgboost_depth1_trees200,walk_forward_2020,historical_surprise
RTX,2020-01-30 09:00:00,4,2020,0,-0.0003360072787008,0.43350402,historical_xgboost_depth1_trees200,walk_forward_2020,historical_surprise
GE,2020-01-29 08:00:00,4,2020,1,0.0659472562164191,0.23834912,historical_xgboost_depth1_trees200,walk_forward_2020,historical_surprise
AXON,2021-08-06 18:00:00,2,2021,0,-0.0457788450460261,0.6071889,historical_xgboost_depth1_trees200,walk_forward_2021,historical_surprise
BLDR,2021-02-26 09:00:00,4,2021,1,0.0580035518651674,0.65492386,historical_xgboost_depth1_trees200,walk_forward_2021,historical_surprise
BLDR,2021-08-07 09:00:00,2,2021,1,0.0874274512051043,0.6673581,historical_xgboost_depth1_trees200,walk_forward_2021,historical_surprise
BLDR,2021-05-09 09:00:00,1,2021,0,-0.0707262178358745,0.69130176,historical_xgboost_depth1_trees200,walk_forward_2021,historical_surprise
BR,2021-08-12 08:30:00,4,2021,1,0.0184913685121422,0.53999865,historical_xgboost_depth1_trees200,walk_forward_2021,historical_surprise
BR,2021-05-04 08:30:00,3,2021,1,0.0363258536321341,0.5566818,historical_xgboost_depth1_trees200,walk_forward_2021,historical_surprise
BR,2021-02-02 08:30:00,2,2021,0,-0.0579569565536195,0.5618914,historical_xgboost_depth1_trees200,walk_forward_2021,historical_surprise
BR,2021-11-03 00:00:00,1,2021,0,-0.0146422388041457,0.3772996,historical_xgboost_depth1_trees200,walk_forward_2021,historical_surprise
CARR,2021-02-09 09:00:00,4,2021,0,-0.0620240918293363,0.610547,historical_xgboost_depth1_trees200,walk_forward_2021,historical_surprise
CARR,2021-10-28 08:30:00,3,2021,0,-0.0440965762835897,0.52951497,historical_xgboost_depth1_trees200,walk_forward_2021,historical_surprise
CARR,2021-07-29 09:00:00,2,2021,1,0.1056106027128556,0.61909413,historical_xgboost_depth1_trees200,walk_forward_2021,historical_surprise
CARR,2021-04-29 08:50:00,1,2021,0,-0.021044308613543,0.57238346,historical_xgboost_depth1_trees200,walk_forward_2021,historical_surprise
CAT,2021-01-29 08:30:00,4,2021,1,0.017380991260417,0.63941044,historical_xgboost_depth1_trees200,walk_forward_2021,historical_surprise
CAT,2021-10-28 08:30:00,3,2021,1,0.0139089379908332,0.5926975,historical_xgboost_depth1_trees200,walk_forward_2021,historical_surprise
CAT,2021-04-29 08:30:00,1,2021,1,0.0277474707902899,0.60261333,historical_xgboost_depth1_trees200,walk_forward_2021,historical_surprise
CHRW,2021-10-26 17:00:00,3,2021,0,-0.052206584070236,0.66630816,historical_xgboost_depth1_trees200,walk_forward_2021,historical_surprise
CHRW,2021-07-28 18:00:00,2,2021,1,0.0204424073003073,0.6730587,historical_xgboost_depth1_trees200,walk_forward_2021,historical_surprise
CHRW,2021-04-27 17:00:00,1,2021,1,0.0333259880707873,0.4842009,historical_xgboost_depth1_trees200,walk_forward_2021,historical_surprise
EFX,2021-02-11 08:30:00,4,2021,0,-0.0307730955107959,0.54136795,historical_xgboost_depth1_trees200,walk_forward_2021,historical_surprise
EFX,2021-10-21 08:30:00,3,2021,0,-0.0123122670675149,0.5608934,historical_xgboost_depth1_trees200,walk_forward_2021,historical_surprise
EFX,2021-04-22 08:30:00,1,2021,1,0.1776436085384172,0.5356263,historical_xgboost_depth1_trees200,walk_forward_2021,historical_surprise
FDX,2021-06-24 17:00:00,4,2021,0,-0.0251374109639506,0.5148395,historical_xgboost_depth1_trees200,walk_forward_2021,historical_surprise
FDX,2021-12-16 17:30:00,2,2021,1,0.051910915640944,0.45173225,historical_xgboost_depth1_trees200,walk_forward_2021,historical_surprise
FDX,2021-09-23 17:30:00,1,2021,0,-0.010275487011784,0.32609954,historical_xgboost_depth1_trees200,walk_forward_2021,historical_surprise
FTV,2021-10-28 17:00:00,3,2021,1,0.0231583406816844,0.64641047,historical_xgboost_depth1_trees200,walk_forward_2021,historical_surprise
GD,2021-01-27 09:00:00,4,2021,1,0.0026630694827842,0.76756585,historical_xgboost_depth1_trees200,walk_forward_2021,historical_surprise
GD,2021-10-27 09:00:00,3,2021,0,-0.0259954777175153,0.57256645,historical_xgboost_depth1_trees200,walk_forward_2021,historical_surprise
GD,2021-04-28 09:00:00,1,2021,1,0.0380841305385474,0.5538229,historical_xgboost_depth1_trees200,walk_forward_2021,historical_surprise
GE,2021-10-26 08:00:00,3,2021,0,-0.0015024752814589,0.45309126,historical_xgboost_depth1_trees200,walk_forward_2021,historical_surprise
GE,2021-04-27 09:00:00,1,2021,0,-0.0100467828379461,0.5225933,historical_xgboost_depth1_trees200,walk_forward_2021,historical_surprise
HII,2021-02-11 09:00:00,4,2021,1,0.0624932085065188,0.7462033,historical_xgboost_depth1_trees200,walk_forward_2021,historical_surprise
HII,2021-05-06 09:00:00,1,2021,1,0.0216570584864989,0.5742988,historical_xgboost_depth1_trees200,walk_forward_2021,historical_surprise
IR,2021-11-04 08:00:00,3,2021,1,0.0448961473136089,0.73206323,historical_xgboost_depth1_trees200,walk_forward_2021,historical_surprise
IR,2021-07-29 09:00:00,2,2021,1,0.0595787568764414,0.6952586,historical_xgboost_depth1_trees200,walk_forward_2021,historical_surprise
IR,2021-04-29 08:00:00,1,2021,0,-0.0449831399185116,0.7608405,historical_xgboost_depth1_trees200,walk_forward_2021,historical_surprise
JBHT,2021-04-15 17:00:00,1,2021,1,0.0074375696626008,0.57151717,historical_xgboost_depth1_trees200,walk_forward_2021,historical_surprise
JCI,2021-11-05 00:00:00,4,2021,1,0.0388281800581096,0.6257245,historical_xgboost_depth1_trees200,walk_forward_2021,historical_surprise
JCI,2021-01-29 07:30:00,1,2021,1,0.0154234373805093,0.7224655,historical_xgboost_depth1_trees200,walk_forward_2021,historical_surprise
LHX,2021-08-03 08:30:00,2,2021,1,0.0031984120359662,0.3928384,historical_xgboost_depth1_trees200,walk_forward_2021,historical_surprise
MAS,2021-02-09 08:00:00,4,2021,0,-0.0714968354609624,0.5214513,historical_xgboost_depth1_trees200,walk_forward_2021,historical_surprise
MAS,2021-10-27 08:00:00,3,2021,1,0.0370690065670551,0.6617411,historical_xgboost_depth1_trees200,walk_forward_2021,historical_surprise
MAS,2021-04-28 08:00:00,1,2021,1,0.0362585591763521,0.5461934,historical_xgboost_depth1_trees200,walk_forward_2021,historical_surprise
NDSN,2021-12-16 08:30:00,4,2021,0,-0.0667978440987031,0.55927324,historical_xgboost_depth1_trees200,walk_forward_2021,historical_surprise
NDSN,2021-05-25 08:30:00,2,2021,1,0.0936401077611133,0.57568085,historical_xgboost_depth1_trees200,walk_forward_2021,historical_surprise
NDSN,2021-02-23 08:30:00,1,2021,1,0.0444497410480175,0.5884685,historical_xgboost_depth1_trees200,walk_forward_2021,historical_surprise
NOC,2021-01-28 09:00:00,4,2021,1,0.0079167305739025,0.47534364,historical_xgboost_depth1_trees200,walk_forward_2021,historical_surprise
NOC,2021-10-28 09:00:00,3,2021,0,-0.111621017717164,0.27664235,historical_xgboost_depth1_trees200,walk_forward_2021,historical_surprise
NOC,2021-07-29 09:00:00,2,2021,0,-0.0084010810691603,0.6146287,historical_xgboost_depth1_trees200,walk_forward_2021,historical_surprise
NOC,2021-04-29 09:00:00,1,2021,1,0.1060409723962892,0.62221926,historical_xgboost_depth1_trees200,walk_forward_2021,historical_surprise
OTIS,2021-10-25 08:30:00,3,2021,0,-0.0754348437461206,0.6916341,historical_xgboost_depth1_trees200,walk_forward_2021,historical_surprise
OTIS,2021-07-26 08:30:00,2,2021,1,0.0153824129487768,0.79572564,historical_xgboost_depth1_trees200,walk_forward_2021,historical_surprise
OTIS,2021-04-26 08:30:00,1,2021,1,0.0922129727738743,0.750639,historical_xgboost_depth1_trees200,walk_forward_2021,historical_surprise
PNR,2021-01-28 09:00:00,4,2021,0,-0.0794875756206179,0.68524784,historical_xgboost_depth1_trees200,walk_forward_2021,historical_surprise
PWR,2021-08-05 09:00:00,2,2021,1,0.0819416131040142,0.5341351,historical_xgboost_depth1_trees200,walk_forward_2021,historical_surprise
ROK,2021-11-02 08:30:00,4,2021,1,0.0296551633424146,0.6542332,historical_xgboost_depth1_trees200,walk_forward_2021,historical_surprise
RSG,2021-02-23 17:00:00,4,2021,1,0.0326433385183222,0.6077929,historical_xgboost_depth1_trees200,walk_forward_2021,historical_surprise
RTX,2021-01-26 08:30:00,4,2021,1,0.0313986809271324,0.3656758,historical_xgboost_depth1_trees200,walk_forward_2021,historical_surprise
RTX,2021-07-27 08:30:00,2,2021,1,0.0156248784466732,0.5331117,historical_xgboost_depth1_trees200,walk_forward_2021,historical_surprise
TT,2021-11-03 16:46:13,3,2021,1,0.0653298115694194,0.6239289,historical_xgboost_depth1_trees200,walk_forward_2021,historical_surprise
TXT,2021-04-29 08:00:00,1,2021,1,0.0676947427881683,0.57085,historical_xgboost_depth1_trees200,walk_forward_2021,historical_surprise
VRSK,2021-02-24 08:30:00,4,2021,0,-0.0995408256722186,0.4656841,historical_xgboost_depth1_trees200,walk_forward_2021,historical_surprise
VRSK,2021-08-04 08:30:00,2,2021,0,-0.008327108039236,0.47326857,historical_xgboost_depth1_trees200,walk_forward_2021,historical_surprise
RHI,2021-01-28 17:00:00,4,2021,1,0.0636826838378032,0.5163281,historical_xgboost_depth1_trees200,walk_forward_2021,historical_surprise
RHI,2021-10-21 17:00:00,3,2021,1,0.0052918141464506,0.51736987,historical_xgboost_depth1_trees200,walk_forward_2021,historical_surprise
RHI,2021-07-22 17:00:00,2,2021,1,0.1136022630673592,0.6540829,historical_xgboost_depth1_trees200,walk_forward_2021,historical_surprise
RHI,2021-04-21 17:00:00,1,2021,1,0.0604489687297558,0.5645317,historical_xgboost_depth1_trees200,walk_forward_2021,historical_surprise
ADP,2022-10-26 08:30:00,1,2022,1,0.0255108639970775,0.39956197,historical_xgboost_depth1_trees200,walk_forward_2022,historical_surprise
ALLE,2022-02-15 08:00:00,4,2022,0,-0.0187167679523933,0.34978488,historical_xgboost_depth1_trees200,walk_forward_2022,historical_surprise
ALLE,2022-10-27 08:00:00,3,2022,1,0.0665955766573432,0.52979326,historical_xgboost_depth1_trees200,walk_forward_2022,historical_surprise
ALLE,2022-07-30 08:00:00,2,2022,0,-0.0365307386937882,0.37635812,historical_xgboost_depth1_trees200,walk_forward_2022,historical_surprise
ALLE,2022-04-26 08:00:00,1,2022,1,0.0332829908932517,0.5405748,historical_xgboost_depth1_trees200,walk_forward_2022,historical_surprise
AME,2022-02-03 08:30:00,4,2022,0,-0.0229126327143849,0.59172094,historical_xgboost_depth1_trees200,walk_forward_2022,historical_surprise
BLDR,2022-03-01 09:00:00,4,2022,0,-0.0478239455173318,0.6805471,historical_xgboost_depth1_trees200,walk_forward_2022,historical_surprise
BR,2022-08-12 08:30:00,4,2022,1,0.0255408420629557,0.63169754,historical_xgboost_depth1_trees200,walk_forward_2022,historical_surprise
BR,2022-11-02 20:30:00,1,2022,0,-0.0260122742064231,0.6474686,historical_xgboost_depth1_trees200,walk_forward_2022,historical_surprise
CARR,2022-02-08 08:30:00,4,2022,0,-0.0020088036345828,0.5637546,historical_xgboost_depth1_trees200,walk_forward_2022,historical_surprise
CARR,2022-10-27 07:30:00,3,2022,1,0.0760944583644295,0.32903874,historical_xgboost_depth1_trees200,walk_forward_2022,historical_surprise
CARR,2022-07-28 07:30:00,2,2022,0,-0.001842190005759,0.5386349,historical_xgboost_depth1_trees200,walk_forward_2022,historical_surprise
CARR,2022-04-28 09:05:00,1,2022,0,-0.0452269531615898,0.42881194,historical_xgboost_depth1_trees200,walk_forward_2022,historical_surprise
CAT,2022-01-28 08:30:00,4,2022,0,-0.0894638767880187,0.5636767,historical_xgboost_depth1_trees200,walk_forward_2022,historical_surprise
CAT,2022-10-27 08:30:00,3,2022,1,0.1077681475687711,0.6013014,historical_xgboost_depth1_trees200,walk_forward_2022,historical_surprise
CAT,2022-08-02 08:30:00,2,2022,0,-0.0516468594722591,0.5537284,historical_xgboost_depth1_trees200,walk_forward_2022,historical_surprise
CAT,2022-04-28 08:30:00,1,2022,1,0.0125594284432148,0.5833521,historical_xgboost_depth1_trees200,walk_forward_2022,historical_surprise
CHRW,2022-11-02 08:30:00,3,2022,0,-0.0473201307936517,0.4562595,historical_xgboost_depth1_trees200,walk_forward_2022,historical_surprise
CHRW,2022-07-27 17:00:00,2,2022,1,0.0473980902838846,0.40950108,historical_xgboost_depth1_trees200,walk_forward_2022,historical_surprise
CTAS,2022-09-28 17:00:00,1,2022,1,0.026802306055977,0.54840374,historical_xgboost_depth1_trees200,walk_forward_2022,historical_surprise
DOV,2022-07-21 09:00:00,2,2022,1,0.0189151179742257,0.38644734,historical_xgboost_depth1_trees200,walk_forward_2022,historical_surprise
EMR,2022-11-02 09:00:00,4,2022,1,0.0702755590700595,0.52813923,historical_xgboost_depth1_trees200,walk_forward_2022,historical_surprise
EMR,2022-08-09 09:00:00,3,2022,0,-0.045319635982265,0.48828065,historical_xgboost_depth1_trees200,walk_forward_2022,historical_surprise
EMR,2022-05-04 09:00:00,2,2022,0,-0.0341536857107976,0.4562689,historical_xgboost_depth1_trees200,walk_forward_2022,historical_surprise
FDX,2022-06-23 17:00:00,4,2022,1,0.0015370761133203,0.5316635,historical_xgboost_depth1_trees200,walk_forward_2022,historical_surprise
FDX,2022-03-17 17:30:00,3,2022,0,-0.037136706752101,0.5288125,historical_xgboost_depth1_trees200,walk_forward_2022,historical_surprise
FDX,2022-12-20 17:30:00,2,2022,1,0.0629842806115718,0.55218685,historical_xgboost_depth1_trees200,walk_forward_2022,historical_surprise
FDX,2022-09-22 08:30:00,1,2022,0,-0.0025677639837,0.34427747,historical_xgboost_depth1_trees200,walk_forward_2022,historical_surprise
GD,2022-01-26 09:00:00,4,2022,0,-0.0100839201028064,0.5233557,historical_xgboost_depth1_trees200,walk_forward_2022,historical_surprise
GD,2022-10-26 09:00:00,3,2022,1,0.0177078443476759,0.38393974,historical_xgboost_depth1_trees200,walk_forward_2022,historical_surprise
GD,2022-07-27 09:00:00,2,2022,0,-0.0001528922559892,0.40512073,historical_xgboost_depth1_trees200,walk_forward_2022,historical_surprise
GE,2022-10-25 08:00:00,3,2022,1,0.0410037509799734,0.60257554,historical_xgboost_depth1_trees200,walk_forward_2022,historical_surprise
GE,2022-07-26 08:00:00,2,2022,1,0.0705709912719871,0.50358397,historical_xgboost_depth1_trees200,walk_forward_2022,historical_surprise
HII,2022-05-05 09:00:00,1,2022,1,0.0123561941366592,0.5530876,historical_xgboost_depth1_trees200,walk_forward_2022,historical_surprise
HON,2022-02-03 08:30:00,4,2022,0,-0.052182658932268,0.31069282,historical_xgboost_depth1_trees200,walk_forward_2022,historical_surprise
HON,2022-10-27 08:30:00,3,2022,1,0.072119524133411,0.41222018,historical_xgboost_depth1_trees200,walk_forward_2022,historical_surprise
HON,2022-04-29 08:30:00,1,2022,1,0.0746597916720586,0.37762293,historical_xgboost_depth1_trees200,walk_forward_2022,historical_surprise
IR,2022-02-24 08:00:00,4,2022,0,-0.0681117341892189,0.6587028,historical_xgboost_depth1_trees200,walk_forward_2022,historical_surprise
IR,2022-11-03 08:00:00,3,2022,1,0.0575958983681252,0.5243679,historical_xgboost_depth1_trees200,walk_forward_2022,historical_surprise
IR,2022-08-04 08:00:00,2,2022,1,0.0152092364255658,0.36257282,historical_xgboost_depth1_trees200,walk_forward_2022,historical_surprise
IR,2022-05-05 08:00:00,1,2022,0,-0.0068435790676807,0.32523552,historical_xgboost_depth1_trees200,walk_forward_2022,historical_surprise
JBHT,2022-10-18 17:00:00,3,2022,0,-0.0413323153316423,0.38381824,historical_xgboost_depth1_trees200,walk_forward_2022,historical_surprise
JBHT,2022-04-18 17:00:00,1,2022,1,0.0369263774890861,0.560208,historical_xgboost_depth1_trees200,walk_forward_2022,historical_surprise
JCI,2022-05-04 08:30:00,2,2022,0,-0.131218228586999,0.40076774,historical_xgboost_depth1_trees200,walk_forward_2022,historical_surprise
JCI,2022-02-02 08:30:00,1,2022,0,-0.0615735725794966,0.58592826,historical_xgboost_depth1_trees200,walk_forward_2022,historical_surprise
LHX,2022-07-29 08:30:00,2,2022,1,0.0066202972164128,0.39680094,historical_xgboost_depth1_trees200,walk_forward_2022,historical_surprise
MAS,2022-02-08 08:00:00,4,2022,0,-0.0325628342172036,0.42284405,historical_xgboost_depth1_trees200,walk_forward_2022,historical_surprise
MAS,2022-10-26 08:00:00,3,2022,0,-0.0546608219106067,0.23496854,historical_xgboost_depth1_trees200,walk_forward_2022,historical_surprise
MAS,2022-07-28 08:00:00,2,2022,0,-0.0640396289672743,0.30015138,historical_xgboost_depth1_trees200,walk_forward_2022,historical_surprise
MAS,2022-04-27 08:00:00,1,2022,1,0.0219318447909793,0.53465927,historical_xgboost_depth1_trees200,walk_forward_2022,historical_surprise
MMM,2022-01-25 09:00:00,4,2022,0,-0.0631400555818615,0.45258555,historical_xgboost_depth1_trees200,walk_forward_2022,historical_surprise
NDSN,2022-04-30 09:00:00,1,2022,0,-0.0251358164898145,0.42993426,historical_xgboost_depth1_trees200,walk_forward_2022,historical_surprise
NOC,2022-01-27 09:00:00,4,2022,0,-0.1350261389728985,0.37646785,historical_xgboost_depth1_trees200,walk_forward_2022,historical_surprise
NOC,2022-10-27 09:00:00,3,2022,1,0.0172119404198962,0.4119672,historical_xgboost_depth1_trees200,walk_forward_2022,historical_surprise
NOC,2022-07-28 09:00:00,2,2022,1,0.0479204379544135,0.46389276,historical_xgboost_depth1_trees200,walk_forward_2022,historical_surprise
NOC,2022-04-28 09:00:00,1,2022,1,0.0240700843826409,0.45209095,historical_xgboost_depth1_trees200,walk_forward_2022,historical_surprise
NSC,2022-10-26 08:45:00,3,2022,1,0.0666834524223356,0.48187953,historical_xgboost_depth1_trees200,walk_forward_2022,historical_surprise
OTIS,2022-01-31 08:30:00,4,2022,0,-0.0194835818000261,0.69475585,historical_xgboost_depth1_trees200,walk_forward_2022,historical_surprise
OTIS,2022-07-27 08:30:00,2,2022,1,0.0217901522840493,0.32210782,historical_xgboost_depth1_trees200,walk_forward_2022,historical_surprise
OTIS,2022-04-25 08:30:00,1,2022,1,0.024838148159595,0.2530105,historical_xgboost_depth1_trees200,walk_forward_2022,historical_surprise
PH,2022-11-03 09:00:00,1,2022,1,0.0229889573948309,0.519421,historical_xgboost_depth1_trees200,walk_forward_2022,historical_surprise
PNR,2022-10-25 09:00:00,3,2022,1,0.0335564504422947,0.60976344,historical_xgboost_depth1_trees200,walk_forward_2022,historical_surprise
PNR,2022-07-26 09:00:00,2,2022,0,-0.0060958165499969,0.6341657,historical_xgboost_depth1_trees200,walk_forward_2022,historical_surprise
PNR,2022-04-21 09:00:00,1,2022,1,0.0225972895526304,0.6672028,historical_xgboost_depth1_trees200,walk_forward_2022,historical_surprise
PWR,2022-11-03 09:00:00,3,2022,1,0.0487245347094522,0.49652064,historical_xgboost_depth1_trees200,walk_forward_2022,historical_surprise
PWR,2022-08-04 09:00:00,2,2022,1,0.0100212054466863,0.63239866,historical_xgboost_depth1_trees200,walk_forward_2022,historical_surprise
RSG,2022-02-10 17:00:00,4,2022,0,-0.0440912083984139,0.5926126,historical_xgboost_depth1_trees200,walk_forward_2022,historical_surprise
RSG,2022-10-27 17:00:00,3,2022,1,0.0016423517732315,0.5708067,historical_xgboost_depth1_trees200,walk_forward_2022,historical_surprise
RTX,2022-10-25 08:30:00,3,2022,1,0.0370700086985837,0.4604272,historical_xgboost_depth1_trees200,walk_forward_2022,historical_surprise
RTX,2022-07-26 08:30:00,2,2022,0,-0.052328393836737,0.2720234,historical_xgboost_depth1_trees200,walk_forward_2022,historical_surprise
TXT,2022-10-27 08:00:00,3,2022,1,0.0600488826576485,0.4234537,historical_xgboost_depth1_trees200,walk_forward_2022,historical_surprise
TXT,2022-04-28 08:00:00,1,2022,1,0.0546589739562042,0.58385414,historical_xgboost_depth1_trees200,walk_forward_2022,historical_surprise
UBER,2022-08-02 08:00:00,2,2022,1,0.2895122132602765,0.5885721,historical_xgboost_depth1_trees200,walk_forward_2022,historical_surprise
UNP,2022-10-20 08:45:00,3,2022,0,-0.0580471279442926,0.62714016,historical_xgboost_depth1_trees200,walk_forward_2022,historical_surprise
UNP,2022-04-21 08:45:00,1,2022,1,0.0201689978805007,0.7249865,historical_xgboost_depth1_trees200,walk_forward_2022,historical_surprise
UPS,2022-10-25 08:30:00,3,2022,0,-0.018342885384633,0.512005,historical_xgboost_depth1_trees200,walk_forward_2022,historical_surprise
UPS,2022-07-26 08:30:00,2,2022,1,0.0012754341216223,0.4812031,historical_xgboost_depth1_trees200,walk_forward_2022,historical_surprise
WAB,2022-11-01 08:30:00,3,2022,1,0.0504958104996631,0.48203498,historical_xgboost_depth1_trees200,walk_forward_2022,historical_surprise
AAL,2022-07-21 08:30:00,2,2022,0,-0.097614139348408,0.4775941,historical_xgboost_depth1_trees200,walk_forward_2022,historical_surprise
RHI,2022-01-27 17:00:00,4,2022,1,0.0107006608417985,0.565311,historical_xgboost_depth1_trees200,walk_forward_2022,historical_surprise
RHI,2022-10-20 17:00:00,3,2022,0,-0.1021078313873448,0.37713087,historical_xgboost_depth1_trees200,walk_forward_2022,historical_surprise
RHI,2022-07-21 17:00:00,2,2022,0,-0.073634813678665,0.53620243,historical_xgboost_depth1_trees200,walk_forward_2022,historical_surprise
RHI,2022-04-26 17:00:00,1,2022,0,-0.0920568265378128,0.54314584,historical_xgboost_depth1_trees200,walk_forward_2022,historical_surprise
CTAS,2019-12-17 17:00:00,2,2019,1,0.0212050109530657,0.56043565,sentence_plus_historical_xgboost_depth1_trees100,walk_forward_2019,sentence_plus_historical
CTAS,2019-09-25 17:00:00,1,2019,1,0.0038167079678754,0.48406053,sentence_plus_historical_xgboost_depth1_trees100,walk_forward_2019,sentence_plus_historical
FDX,2019-12-17 17:30:00,2,2019,0,-0.0859389091010705,0.30219445,sentence_plus_historical_xgboost_depth1_trees100,walk_forward_2019,sentence_plus_historical
FDX,2019-09-17 17:30:00,1,2019,0,-0.1603899324474452,0.40563837,sentence_plus_historical_xgboost_depth1_trees100,walk_forward_2019,sentence_plus_historical
ADP,2019-07-31 08:30:00,4,2019,1,0.03385428489314,0.6130538,sentence_plus_historical_xgboost_depth1_trees100,walk_forward_2019,sentence_plus_historical
ALLE,2019-10-24 08:00:00,3,2019,1,0.1022548191453061,0.52975667,sentence_plus_historical_xgboost_depth1_trees100,walk_forward_2019,sentence_plus_historical
ALLE,2019-07-25 08:00:00,2,2019,0,-0.0302697614946879,0.4531956,sentence_plus_historical_xgboost_depth1_trees100,walk_forward_2019,sentence_plus_historical
ALLE,2019-04-26 08:00:00,1,2019,1,0.0273969322496335,0.53044033,sentence_plus_historical_xgboost_depth1_trees100,walk_forward_2019,sentence_plus_historical
BR,2019-08-01 08:30:00,4,2019,1,0.0046543908729655,0.541771,sentence_plus_historical_xgboost_depth1_trees100,walk_forward_2019,sentence_plus_historical
CAT,2019-10-23 08:30:00,3,2019,1,0.0434957058209024,0.3668005,sentence_plus_historical_xgboost_depth1_trees100,walk_forward_2019,sentence_plus_historical
CPRT,2019-05-23 09:00:00,3,2019,1,0.1279377996386144,0.5620616,sentence_plus_historical_xgboost_depth1_trees100,walk_forward_2019,sentence_plus_historical
CTAS,2019-07-16 17:00:00,4,2019,1,0.0886907129537499,0.48256385,sentence_plus_historical_xgboost_depth1_trees100,walk_forward_2019,sentence_plus_historical
CTAS,2019-03-21 17:00:00,3,2019,0,-0.0221736946247064,0.34912443,sentence_plus_historical_xgboost_depth1_trees100,walk_forward_2019,sentence_plus_historical
EFX,2019-07-25 08:30:00,2,2019,0,-0.0092393193362033,0.5932286,sentence_plus_historical_xgboost_depth1_trees100,walk_forward_2019,sentence_plus_historical
EFX,2019-05-10 08:30:00,1,2019,1,0.0191343055438262,0.5508345,sentence_plus_historical_xgboost_depth1_trees100,walk_forward_2019,sentence_plus_historical
EFX,2019-02-21 08:30:00,4,2019,1,0.0028835145103536,0.54544485,sentence_plus_historical_xgboost_depth1_trees100,walk_forward_2019,sentence_plus_historical
FDX,2019-06-26 17:30:00,4,2019,0,-0.018776208935981,0.30720046,sentence_plus_historical_xgboost_depth1_trees100,walk_forward_2019,sentence_plus_historical
FDX,2019-03-19 17:30:00,3,2019,0,-0.0295262222768889,0.32436717,sentence_plus_historical_xgboost_depth1_trees100,walk_forward_2019,sentence_plus_historical
FTV,2019-02-07 17:30:00,4,2019,1,0.0663629618748877,0.40595296,sentence_plus_historical_xgboost_depth1_trees100,walk_forward_2019,sentence_plus_historical
FTV,2019-10-24 17:30:00,3,2019,0,-0.0441590233158278,0.38992485,sentence_plus_historical_xgboost_depth1_trees100,walk_forward_2019,sentence_plus_historical
GD,2019-04-24 09:00:00,1,2019,0,-0.0241556111517303,0.570159,sentence_plus_historical_xgboost_depth1_trees100,walk_forward_2019,sentence_plus_historical
HII,2019-11-07 09:00:00,3,2019,1,0.0820434309618964,0.49554163,sentence_plus_historical_xgboost_depth1_trees100,walk_forward_2019,sentence_plus_historical
HII,2019-08-01 09:00:00,2,2019,0,-0.0593326986424609,0.46420822,sentence_plus_historical_xgboost_depth1_trees100,walk_forward_2019,sentence_plus_historical
HII,2019-05-02 09:00:00,1,2019,0,-0.0575341968383035,0.5190918,sentence_plus_historical_xgboost_depth1_trees100,walk_forward_2019,sentence_plus_historical
HON,2019-04-18 08:30:00,1,2019,1,0.0373601557370413,0.5566155,sentence_plus_historical_xgboost_depth1_trees100,walk_forward_2019,sentence_plus_historical
JCI,2019-05-01 08:30:00,2,2019,1,0.0676388097468184,0.6013779,sentence_plus_historical_xgboost_depth1_trees100,walk_forward_2019,sentence_plus_historical
LDOS,2019-10-29 08:00:00,3,2019,1,0.0487196764923567,0.42945895,sentence_plus_historical_xgboost_depth1_trees100,walk_forward_2019,sentence_plus_historical
LHX,2019-07-31 08:30:00,4,2019,1,0.0692116702075001,0.6395121,sentence_plus_historical_xgboost_depth1_trees100,walk_forward_2019,sentence_plus_historical
LHX,2019-05-01 08:30:00,3,2019,1,0.069577337320556,0.6472456,sentence_plus_historical_xgboost_depth1_trees100,walk_forward_2019,sentence_plus_historical
MAS,2019-02-07 08:00:00,4,2019,1,0.1103535897852345,0.28574315,sentence_plus_historical_xgboost_depth1_trees100,walk_forward_2019,sentence_plus_historical
MAS,2019-10-30 08:00:00,3,2019,1,0.0303532667071004,0.4855394,sentence_plus_historical_xgboost_depth1_trees100,walk_forward_2019,sentence_plus_historical
MAS,2019-07-25 08:00:00,2,2019,1,0.0530265443715376,0.38015372,sentence_plus_historical_xgboost_depth1_trees100,walk_forward_2019,sentence_plus_historical
NSC,2019-01-24 16:30:00,4,2019,0,-0.012529658360689,0.5387056,sentence_plus_historical_xgboost_depth1_trees100,walk_forward_2019,sentence_plus_historical
NSC,2019-10-23 08:45:00,3,2019,0,-0.0343962465357385,0.37107128,sentence_plus_historical_xgboost_depth1_trees100,walk_forward_2019,sentence_plus_historical
PWR,2019-08-01 09:00:00,2,2019,0,-0.0892481697940558,0.5593165,sentence_plus_historical_xgboost_depth1_trees100,walk_forward_2019,sentence_plus_historical
ROK,2019-11-12 08:30:00,4,2019,1,0.0917248372257739,0.54537636,sentence_plus_historical_xgboost_depth1_trees100,walk_forward_2019,sentence_plus_historical
SWK,2019-01-22 08:00:00,4,2019,0,-0.1044224466641677,0.3164066,sentence_plus_historical_xgboost_depth1_trees100,walk_forward_2019,sentence_plus_historical
SWK,2019-07-23 08:00:00,2,2019,1,0.05453200868171,0.40723035,sentence_plus_historical_xgboost_depth1_trees100,walk_forward_2019,sentence_plus_historical
UNP,2019-04-18 08:45:00,1,2019,1,0.0278172931883138,0.48386484,sentence_plus_historical_xgboost_depth1_trees100,walk_forward_2019,sentence_plus_historical
VRSK,2019-02-20 08:30:00,4,2019,1,0.0023069584127661,0.5276377,sentence_plus_historical_xgboost_depth1_trees100,walk_forward_2019,sentence_plus_historical
VRSK,2019-07-31 08:30:00,2,2019,1,0.0455847806186887,0.4535288,sentence_plus_historical_xgboost_depth1_trees100,walk_forward_2019,sentence_plus_historical
VRSK,2019-05-01 08:30:00,1,2019,1,0.0164372488526626,0.5225907,sentence_plus_historical_xgboost_depth1_trees100,walk_forward_2019,sentence_plus_historical
AAL,2019-04-26 08:30:00,1,2019,1,0.0191189935918539,0.55264103,sentence_plus_historical_xgboost_depth1_trees100,walk_forward_2019,sentence_plus_historical
RHI,2019-01-29 17:00:00,4,2019,1,0.0105880422478568,0.48987788,sentence_plus_historical_xgboost_depth1_trees100,walk_forward_2019,sentence_plus_historical
RHI,2019-10-23 17:00:00,3,2019,1,0.0258376038465064,0.29655394,sentence_plus_historical_xgboost_depth1_trees100,walk_forward_2019,sentence_plus_historical
RHI,2019-07-23 17:00:00,2,2019,1,0.0387612011606701,0.48043936,sentence_plus_historical_xgboost_depth1_trees100,walk_forward_2019,sentence_plus_historical
RHI,2019-04-23 17:00:00,1,2019,0,-0.1015397734653968,0.44604033,sentence_plus_historical_xgboost_depth1_trees100,walk_forward_2019,sentence_plus_historical
RTX,2019-01-31 09:00:00,4,2019,0,-5.374363173848984e-05,0.42437875,sentence_plus_historical_xgboost_depth1_trees100,walk_forward_2019,sentence_plus_historical
RTX,2019-10-24 09:00:00,3,2019,1,0.0140270544656009,0.402561,sentence_plus_historical_xgboost_depth1_trees100,walk_forward_2019,sentence_plus_historical
RTX,2019-07-25 09:00:00,2,2019,1,0.0081335465442508,0.5853073,sentence_plus_historical_xgboost_depth1_trees100,walk_forward_2019,sentence_plus_historical
RTX,2019-04-25 09:00:00,1,2019,1,0.0154587440708826,0.38064763,sentence_plus_historical_xgboost_depth1_trees100,walk_forward_2019,sentence_plus_historical
GE,2019-07-31 08:30:00,2,2019,0,-0.0466927679929152,0.48851883,sentence_plus_historical_xgboost_depth1_trees100,walk_forward_2019,sentence_plus_historical
GE,2019-04-30 08:30:00,1,2019,1,0.0755306321734156,0.5479687,sentence_plus_historical_xgboost_depth1_trees100,walk_forward_2019,sentence_plus_historical
ADP,2020-07-29 08:30:00,4,2020,0,-0.0949399415978505,0.335722,sentence_plus_historical_xgboost_depth1_trees100,walk_forward_2020,sentence_plus_historical
ADP,2020-04-29 08:30:00,3,2020,1,0.0178857080614101,0.32312563,sentence_plus_historical_xgboost_depth1_trees100,walk_forward_2020,sentence_plus_historical
ALLE,2020-10-22 08:00:00,3,2020,0,-0.02467955977571,0.38346156,sentence_plus_historical_xgboost_depth1_trees100,walk_forward_2020,sentence_plus_historical
ALLE,2020-07-23 08:00:00,2,2020,0,-0.1145260721308017,0.4525301,sentence_plus_historical_xgboost_depth1_trees100,walk_forward_2020,sentence_plus_historical
AME,2020-08-04 08:30:00,2,2020,1,0.0230853929380263,0.4161866,sentence_plus_historical_xgboost_depth1_trees100,walk_forward_2020,sentence_plus_historical
AME,2020-05-05 08:30:00,1,2020,1,0.0140472575045975,0.47343695,sentence_plus_historical_xgboost_depth1_trees100,walk_forward_2020,sentence_plus_historical
BR,2020-08-11 08:30:00,4,2020,1,0.0048699512603962,0.53891677,sentence_plus_historical_xgboost_depth1_trees100,walk_forward_2020,sentence_plus_historical
BR,2020-05-08 08:00:00,3,2020,0,-0.0056393308966355,0.4995863,sentence_plus_historical_xgboost_depth1_trees100,walk_forward_2020,sentence_plus_historical
BR,2020-10-30 08:30:00,1,2020,0,-0.013028651063206,0.3766738,sentence_plus_historical_xgboost_depth1_trees100,walk_forward_2020,sentence_plus_historical
CARR,2020-10-29 09:00:00,3,2020,1,0.0544561965698435,0.5586386,sentence_plus_historical_xgboost_depth1_trees100,walk_forward_2020,sentence_plus_historical
CARR,2020-07-30 09:00:00,2,2020,1,0.0129391914569949,0.5352651,sentence_plus_historical_xgboost_depth1_trees100,walk_forward_2020,sentence_plus_historical
CARR,2020-05-08 08:30:00,1,2020,1,0.018489053490231,0.3256747,sentence_plus_historical_xgboost_depth1_trees100,walk_forward_2020,sentence_plus_historical
CAT,2020-10-27 08:30:00,3,2020,1,0.0271066902078395,0.5084312,sentence_plus_historical_xgboost_depth1_trees100,walk_forward_2020,sentence_plus_historical
CAT,2020-07-31 08:30:00,2,2020,0,-0.0488245538155938,0.3259266,sentence_plus_historical_xgboost_depth1_trees100,walk_forward_2020,sentence_plus_historical
CAT,2020-04-28 08:30:00,1,2020,0,-0.0525141520740214,0.35678077,sentence_plus_historical_xgboost_depth1_trees100,walk_forward_2020,sentence_plus_historical
CMI,2020-11-12 09:00:00,4,2020,0,-0.0047673421859959,0.5135557,sentence_plus_historical_xgboost_depth1_trees100,walk_forward_2020,sentence_plus_historical
CTAS,2020-07-23 00:00:00,4,2020,1,0.0621813946903514,0.46766865,sentence_plus_historical_xgboost_depth1_trees100,walk_forward_2020,sentence_plus_historical
CTAS,2020-03-19 17:00:00,3,2020,0,-0.0392419335610418,0.3126451,sentence_plus_historical_xgboost_depth1_trees100,walk_forward_2020,sentence_plus_historical
DOV,2020-07-22 09:00:00,2,2020,1,0.0242987801668355,0.39848366,sentence_plus_historical_xgboost_depth1_trees100,walk_forward_2020,sentence_plus_historical
EFX,2020-10-22 08:30:00,3,2020,0,-0.0842931309092303,0.5392326,sentence_plus_historical_xgboost_depth1_trees100,walk_forward_2020,sentence_plus_historical
EFX,2020-07-23 08:30:00,2,2020,0,-0.008799417638343,0.42069694,sentence_plus_historical_xgboost_depth1_trees100,walk_forward_2020,sentence_plus_historical
EFX,2020-04-21 08:00:00,1,2020,1,0.0780124954835432,0.41481286,sentence_plus_historical_xgboost_depth1_trees100,walk_forward_2020,sentence_plus_historical
FDX,2020-07-01 17:00:00,4,2020,0,-0.0174872464322928,0.59534067,sentence_plus_historical_xgboost_depth1_trees100,walk_forward_2020,sentence_plus_historical
FDX,2020-12-17 17:30:00,2,2020,0,-0.0749856591035882,0.58350873,sentence_plus_historical_xgboost_depth1_trees100,walk_forward_2020,sentence_plus_historical
FDX,2020-09-16 17:30:00,1,2020,1,0.0084070213538328,0.5469631,sentence_plus_historical_xgboost_depth1_trees100,walk_forward_2020,sentence_plus_historical
FTV,2020-05-01 17:30:00,1,2020,0,-0.0593677846902124,0.3137689,sentence_plus_historical_xgboost_depth1_trees100,walk_forward_2020,sentence_plus_historical
GD,2020-10-28 09:00:00,3,2020,1,0.0310375529891875,0.5215166,sentence_plus_historical_xgboost_depth1_trees100,walk_forward_2020,sentence_plus_historical
GE,2020-04-29 08:00:00,1,2020,0,-0.0899992959782215,0.3870169,sentence_plus_historical_xgboost_depth1_trees100,walk_forward_2020,sentence_plus_historical
GNRC,2020-07-31 09:00:00,2,2020,1,0.1383379909761353,0.49711412,sentence_plus_historical_xgboost_depth1_trees100,walk_forward_2020,sentence_plus_historical
HII,2020-11-06 09:00:00,3,2020,1,0.0366998787572638,0.61657566,sentence_plus_historical_xgboost_depth1_trees100,walk_forward_2020,sentence_plus_historical
HII,2020-05-07 09:00:00,1,2020,0,-0.0369857623215917,0.51679903,sentence_plus_historical_xgboost_depth1_trees100,walk_forward_2020,sentence_plus_historical
J,2020-05-07 16:45:00,2,2020,0,-0.0785212193558103,0.54819804,sentence_plus_historical_xgboost_depth1_trees100,walk_forward_2020,sentence_plus_historical
LHX,2020-10-30 08:00:00,3,2020,1,0.0504924176265595,0.6582459,sentence_plus_historical_xgboost_depth1_trees100,walk_forward_2020,sentence_plus_historical
LHX,2020-07-31 08:30:00,2,2020,0,-0.0291708682184286,0.6861149,sentence_plus_historical_xgboost_depth1_trees100,walk_forward_2020,sentence_plus_historical
LHX,2020-05-05 09:00:00,1,2020,0,-0.0704798896148458,0.562012,sentence_plus_historical_xgboost_depth1_trees100,walk_forward_2020,sentence_plus_historical
MAS,2020-10-28 08:00:00,3,2020,1,0.050961470349492,0.4049695,sentence_plus_historical_xgboost_depth1_trees100,walk_forward_2020,sentence_plus_historical
MAS,2020-07-30 09:00:00,2,2020,0,-0.0079648470490791,0.36297438,sentence_plus_historical_xgboost_depth1_trees100,walk_forward_2020,sentence_plus_historical
MAS,2020-04-29 08:00:00,1,2020,0,-0.0233362356212032,0.3097764,sentence_plus_historical_xgboost_depth1_trees100,walk_forward_2020,sentence_plus_historical
NDSN,2020-02-20 08:30:00,1,2020,0,-0.0120727684789089,0.42154953,sentence_plus_historical_xgboost_depth1_trees100,walk_forward_2020,sentence_plus_historical
NOC,2020-10-22 09:00:00,3,2020,1,0.0001876505578385,0.7132117,sentence_plus_historical_xgboost_depth1_trees100,walk_forward_2020,sentence_plus_historical
NOC,2020-07-30 09:00:00,2,2020,1,0.0245581398715115,0.6438186,sentence_plus_historical_xgboost_depth1_trees100,walk_forward_2020,sentence_plus_historical
NOC,2020-04-29 08:00:00,1,2020,0,-0.0475944662596691,0.59853625,sentence_plus_historical_xgboost_depth1_trees100,walk_forward_2020,sentence_plus_historical
NSC,2020-10-28 08:45:00,3,2020,1,0.1038718935474092,0.49220058,sentence_plus_historical_xgboost_depth1_trees100,walk_forward_2020,sentence_plus_historical
PNR,2020-07-23 09:00:00,2,2020,1,0.0302370950207061,0.5037772,sentence_plus_historical_xgboost_depth1_trees100,walk_forward_2020,sentence_plus_historical
ROK,2020-07-28 08:30:00,3,2020,0,-0.0529790747012316,0.44442043,sentence_plus_historical_xgboost_depth1_trees100,walk_forward_2020,sentence_plus_historical
ROK,2020-04-28 08:30:00,2,2020,1,0.0467623637545925,0.3445828,sentence_plus_historical_xgboost_depth1_trees100,walk_forward_2020,sentence_plus_historical
RSG,2020-11-05 17:00:00,3,2020,1,0.049286378968516,0.63304055,sentence_plus_historical_xgboost_depth1_trees100,walk_forward_2020,sentence_plus_historical
RTX,2020-10-27 08:30:00,3,2020,0,-0.0565322591648711,0.41990465,sentence_plus_historical_xgboost_depth1_trees100,walk_forward_2020,sentence_plus_historical
RTX,2020-07-28 08:30:00,2,2020,0,-0.0756424268845785,0.34710535,sentence_plus_historical_xgboost_depth1_trees100,walk_forward_2020,sentence_plus_historical
RTX,2020-05-07 08:30:00,1,2020,0,-0.0559754615209771,0.3028275,sentence_plus_historical_xgboost_depth1_trees100,walk_forward_2020,sentence_plus_historical
UBER,2020-08-07 16:30:00,2,2020,0,-0.0948862643093048,0.48984343,sentence_plus_historical_xgboost_depth1_trees100,walk_forward_2020,sentence_plus_historical
UBER,2020-05-07 16:30:00,1,2020,1,0.070093480593418,0.6197877,sentence_plus_historical_xgboost_depth1_trees100,walk_forward_2020,sentence_plus_historical
UNP,2020-07-23 08:45:00,2,2020,0,-0.0024385159818534,0.47860876,sentence_plus_historical_xgboost_depth1_trees100,walk_forward_2020,sentence_plus_historical
UPS,2020-07-30 08:30:00,2,2020,1,0.1517500428747284,0.4021736,sentence_plus_historical_xgboost_depth1_trees100,walk_forward_2020,sentence_plus_historical
VRSK,2020-11-05 08:30:00,3,2020,0,-0.0200104099838671,0.544613,sentence_plus_historical_xgboost_depth1_trees100,walk_forward_2020,sentence_plus_historical
VRSK,2020-05-06 08:30:00,1,2020,0,-0.0062371312459437,0.4454345,sentence_plus_historical_xgboost_depth1_trees100,walk_forward_2020,sentence_plus_historical
WAB,2020-07-28 08:30:00,2,2020,0,-0.0257485078297287,0.4855483,sentence_plus_historical_xgboost_depth1_trees100,walk_forward_2020,sentence_plus_historical
ALLE,2020-02-18 08:00:00,4,2020,0,-0.0403934204990876,0.51683414,sentence_plus_historical_xgboost_depth1_trees100,walk_forward_2020,sentence_plus_historical
AME,2020-02-05 08:30:00,4,2020,0,-0.0077503420610938,0.49601138,sentence_plus_historical_xgboost_depth1_trees100,walk_forward_2020,sentence_plus_historical
EFX,2020-02-13 08:30:00,4,2020,1,0.0465597095766263,0.59489775,sentence_plus_historical_xgboost_depth1_trees100,walk_forward_2020,sentence_plus_historical
FTV,2020-02-06 17:30:00,4,2020,0,-0.0159974148851156,0.46281046,sentence_plus_historical_xgboost_depth1_trees100,walk_forward_2020,sentence_plus_historical
HII,2020-02-13 09:00:00,4,2020,0,-0.1190864056558126,0.5320388,sentence_plus_historical_xgboost_depth1_trees100,walk_forward_2020,sentence_plus_historical
LDOS,2020-02-18 08:00:00,4,2020,1,0.0546816311331395,0.6930691,sentence_plus_historical_xgboost_depth1_trees100,walk_forward_2020,sentence_plus_historical
MAS,2020-02-11 08:00:00,4,2020,0,-0.0880075891510216,0.38030142,sentence_plus_historical_xgboost_depth1_trees100,walk_forward_2020,sentence_plus_historical
NOC,2020-01-30 08:00:00,4,2020,0,-0.0575319890948499,0.67288524,sentence_plus_historical_xgboost_depth1_trees100,walk_forward_2020,sentence_plus_historical
NSC,2020-01-29 08:45:00,4,2020,1,0.0282069786784024,0.5112017,sentence_plus_historical_xgboost_depth1_trees100,walk_forward_2020,sentence_plus_historical
PWR,2020-02-27 09:00:00,4,2020,1,0.0808153590030018,0.559244,sentence_plus_historical_xgboost_depth1_trees100,walk_forward_2020,sentence_plus_historical
TXT,2020-01-29 08:00:00,4,2020,1,0.1072690172370092,0.3643783,sentence_plus_historical_xgboost_depth1_trees100,walk_forward_2020,sentence_plus_historical
RHI,2020-01-31 17:00:00,4,2020,0,-0.0134595020357188,0.47344273,sentence_plus_historical_xgboost_depth1_trees100,walk_forward_2020,sentence_plus_historical
RHI,2020-10-22 17:00:00,3,2020,0,-0.0804641619697851,0.42330226,sentence_plus_historical_xgboost_depth1_trees100,walk_forward_2020,sentence_plus_historical
RHI,2020-07-23 17:00:00,2,2020,0,-0.0574881328962759,0.43292367,sentence_plus_historical_xgboost_depth1_trees100,walk_forward_2020,sentence_plus_historical
RHI,2020-04-23 17:00:00,1,2020,1,0.0387454078238338,0.32410565,sentence_plus_historical_xgboost_depth1_trees100,walk_forward_2020,sentence_plus_historical
RTX,2020-01-30 09:00:00,4,2020,0,-0.0003360072787008,0.5442749,sentence_plus_historical_xgboost_depth1_trees100,walk_forward_2020,sentence_plus_historical
GE,2020-01-29 08:00:00,4,2020,1,0.0659472562164191,0.31808862,sentence_plus_historical_xgboost_depth1_trees100,walk_forward_2020,sentence_plus_historical
AXON,2021-08-06 18:00:00,2,2021,0,-0.0457788450460261,0.56095254,sentence_plus_historical_xgboost_depth1_trees100,walk_forward_2021,sentence_plus_historical
BLDR,2021-02-26 09:00:00,4,2021,1,0.0580035518651674,0.6231506,sentence_plus_historical_xgboost_depth1_trees100,walk_forward_2021,sentence_plus_historical
BLDR,2021-08-07 09:00:00,2,2021,1,0.0874274512051043,0.6814865,sentence_plus_historical_xgboost_depth1_trees100,walk_forward_2021,sentence_plus_historical
BLDR,2021-05-09 09:00:00,1,2021,0,-0.0707262178358745,0.6220437,sentence_plus_historical_xgboost_depth1_trees100,walk_forward_2021,sentence_plus_historical
BR,2021-08-12 08:30:00,4,2021,1,0.0184913685121422,0.5934351,sentence_plus_historical_xgboost_depth1_trees100,walk_forward_2021,sentence_plus_historical
BR,2021-05-04 08:30:00,3,2021,1,0.0363258536321341,0.5648846,sentence_plus_historical_xgboost_depth1_trees100,walk_forward_2021,sentence_plus_historical
BR,2021-02-02 08:30:00,2,2021,0,-0.0579569565536195,0.5689743,sentence_plus_historical_xgboost_depth1_trees100,walk_forward_2021,sentence_plus_historical
BR,2021-11-03 00:00:00,1,2021,0,-0.0146422388041457,0.42432722,sentence_plus_historical_xgboost_depth1_trees100,walk_forward_2021,sentence_plus_historical
CARR,2021-02-09 09:00:00,4,2021,0,-0.0620240918293363,0.51430064,sentence_plus_historical_xgboost_depth1_trees100,walk_forward_2021,sentence_plus_historical
CARR,2021-10-28 08:30:00,3,2021,0,-0.0440965762835897,0.5280874,sentence_plus_historical_xgboost_depth1_trees100,walk_forward_2021,sentence_plus_historical
CARR,2021-07-29 09:00:00,2,2021,1,0.1056106027128556,0.6704794,sentence_plus_historical_xgboost_depth1_trees100,walk_forward_2021,sentence_plus_historical
CARR,2021-04-29 08:50:00,1,2021,0,-0.021044308613543,0.62240005,sentence_plus_historical_xgboost_depth1_trees100,walk_forward_2021,sentence_plus_historical
CAT,2021-01-29 08:30:00,4,2021,1,0.017380991260417,0.5870002,sentence_plus_historical_xgboost_depth1_trees100,walk_forward_2021,sentence_plus_historical
CAT,2021-10-28 08:30:00,3,2021,1,0.0139089379908332,0.5676065,sentence_plus_historical_xgboost_depth1_trees100,walk_forward_2021,sentence_plus_historical
CAT,2021-04-29 08:30:00,1,2021,1,0.0277474707902899,0.5415218,sentence_plus_historical_xgboost_depth1_trees100,walk_forward_2021,sentence_plus_historical
CHRW,2021-10-26 17:00:00,3,2021,0,-0.052206584070236,0.5823248,sentence_plus_historical_xgboost_depth1_trees100,walk_forward_2021,sentence_plus_historical
CHRW,2021-07-28 18:00:00,2,2021,1,0.0204424073003073,0.6025471,sentence_plus_historical_xgboost_depth1_trees100,walk_forward_2021,sentence_plus_historical
CHRW,2021-04-27 17:00:00,1,2021,1,0.0333259880707873,0.4647686,sentence_plus_historical_xgboost_depth1_trees100,walk_forward_2021,sentence_plus_historical
EFX,2021-02-11 08:30:00,4,2021,0,-0.0307730955107959,0.5885995,sentence_plus_historical_xgboost_depth1_trees100,walk_forward_2021,sentence_plus_historical
EFX,2021-10-21 08:30:00,3,2021,0,-0.0123122670675149,0.58920574,sentence_plus_historical_xgboost_depth1_trees100,walk_forward_2021,sentence_plus_historical
EFX,2021-04-22 08:30:00,1,2021,1,0.1776436085384172,0.58340454,sentence_plus_historical_xgboost_depth1_trees100,walk_forward_2021,sentence_plus_historical
FDX,2021-06-24 17:00:00,4,2021,0,-0.0251374109639506,0.5372149,sentence_plus_historical_xgboost_depth1_trees100,walk_forward_2021,sentence_plus_historical
FDX,2021-12-16 17:30:00,2,2021,1,0.051910915640944,0.5318993,sentence_plus_historical_xgboost_depth1_trees100,walk_forward_2021,sentence_plus_historical
FDX,2021-09-23 17:30:00,1,2021,0,-0.010275487011784,0.3479057,sentence_plus_historical_xgboost_depth1_trees100,walk_forward_2021,sentence_plus_historical
FTV,2021-10-28 17:00:00,3,2021,1,0.0231583406816844,0.6288249,sentence_plus_historical_xgboost_depth1_trees100,walk_forward_2021,sentence_plus_historical
GD,2021-01-27 09:00:00,4,2021,1,0.0026630694827842,0.6564245,sentence_plus_historical_xgboost_depth1_trees100,walk_forward_2021,sentence_plus_historical
GD,2021-10-27 09:00:00,3,2021,0,-0.0259954777175153,0.5120667,sentence_plus_historical_xgboost_depth1_trees100,walk_forward_2021,sentence_plus_historical
GD,2021-04-28 09:00:00,1,2021,1,0.0380841305385474,0.54631513,sentence_plus_historical_xgboost_depth1_trees100,walk_forward_2021,sentence_plus_historical
GE,2021-10-26 08:00:00,3,2021,0,-0.0015024752814589,0.506747,sentence_plus_historical_xgboost_depth1_trees100,walk_forward_2021,sentence_plus_historical
GE,2021-04-27 09:00:00,1,2021,0,-0.0100467828379461,0.4651886,sentence_plus_historical_xgboost_depth1_trees100,walk_forward_2021,sentence_plus_historical
HII,2021-02-11 09:00:00,4,2021,1,0.0624932085065188,0.72297573,sentence_plus_historical_xgboost_depth1_trees100,walk_forward_2021,sentence_plus_historical
HII,2021-05-06 09:00:00,1,2021,1,0.0216570584864989,0.5703458,sentence_plus_historical_xgboost_depth1_trees100,walk_forward_2021,sentence_plus_historical
IR,2021-11-04 08:00:00,3,2021,1,0.0448961473136089,0.66778,sentence_plus_historical_xgboost_depth1_trees100,walk_forward_2021,sentence_plus_historical
IR,2021-07-29 09:00:00,2,2021,1,0.0595787568764414,0.60396713,sentence_plus_historical_xgboost_depth1_trees100,walk_forward_2021,sentence_plus_historical
IR,2021-04-29 08:00:00,1,2021,0,-0.0449831399185116,0.7036454,sentence_plus_historical_xgboost_depth1_trees100,walk_forward_2021,sentence_plus_historical
JBHT,2021-04-15 17:00:00,1,2021,1,0.0074375696626008,0.5944411,sentence_plus_historical_xgboost_depth1_trees100,walk_forward_2021,sentence_plus_historical
JCI,2021-11-05 00:00:00,4,2021,1,0.0388281800581096,0.5906622,sentence_plus_historical_xgboost_depth1_trees100,walk_forward_2021,sentence_plus_historical
JCI,2021-01-29 07:30:00,1,2021,1,0.0154234373805093,0.63299805,sentence_plus_historical_xgboost_depth1_trees100,walk_forward_2021,sentence_plus_historical
LHX,2021-08-03 08:30:00,2,2021,1,0.0031984120359662,0.51795846,sentence_plus_historical_xgboost_depth1_trees100,walk_forward_2021,sentence_plus_historical
MAS,2021-02-09 08:00:00,4,2021,0,-0.0714968354609624,0.61436814,sentence_plus_historical_xgboost_depth1_trees100,walk_forward_2021,sentence_plus_historical
MAS,2021-10-27 08:00:00,3,2021,1,0.0370690065670551,0.6676252,sentence_plus_historical_xgboost_depth1_trees100,walk_forward_2021,sentence_plus_historical
MAS,2021-04-28 08:00:00,1,2021,1,0.0362585591763521,0.6335196,sentence_plus_historical_xgboost_depth1_trees100,walk_forward_2021,sentence_plus_historical
NDSN,2021-12-16 08:30:00,4,2021,0,-0.0667978440987031,0.49363077,sentence_plus_historical_xgboost_depth1_trees100,walk_forward_2021,sentence_plus_historical
NDSN,2021-05-25 08:30:00,2,2021,1,0.0936401077611133,0.45884797,sentence_plus_historical_xgboost_depth1_trees100,walk_forward_2021,sentence_plus_historical
NDSN,2021-02-23 08:30:00,1,2021,1,0.0444497410480175,0.5412456,sentence_plus_historical_xgboost_depth1_trees100,walk_forward_2021,sentence_plus_historical
NOC,2021-01-28 09:00:00,4,2021,1,0.0079167305739025,0.54377455,sentence_plus_historical_xgboost_depth1_trees100,walk_forward_2021,sentence_plus_historical
NOC,2021-10-28 09:00:00,3,2021,0,-0.111621017717164,0.3224676,sentence_plus_historical_xgboost_depth1_trees100,walk_forward_2021,sentence_plus_historical
NOC,2021-07-29 09:00:00,2,2021,0,-0.0084010810691603,0.6013606,sentence_plus_historical_xgboost_depth1_trees100,walk_forward_2021,sentence_plus_historical
NOC,2021-04-29 09:00:00,1,2021,1,0.1060409723962892,0.58772767,sentence_plus_historical_xgboost_depth1_trees100,walk_forward_2021,sentence_plus_historical
OTIS,2021-10-25 08:30:00,3,2021,0,-0.0754348437461206,0.6249371,sentence_plus_historical_xgboost_depth1_trees100,walk_forward_2021,sentence_plus_historical
OTIS,2021-07-26 08:30:00,2,2021,1,0.0153824129487768,0.7347014,sentence_plus_historical_xgboost_depth1_trees100,walk_forward_2021,sentence_plus_historical
OTIS,2021-04-26 08:30:00,1,2021,1,0.0922129727738743,0.65969956,sentence_plus_historical_xgboost_depth1_trees100,walk_forward_2021,sentence_plus_historical
PNR,2021-01-28 09:00:00,4,2021,0,-0.0794875756206179,0.63977236,sentence_plus_historical_xgboost_depth1_trees100,walk_forward_2021,sentence_plus_historical
PWR,2021-08-05 09:00:00,2,2021,1,0.0819416131040142,0.52890456,sentence_plus_historical_xgboost_depth1_trees100,walk_forward_2021,sentence_plus_historical
ROK,2021-11-02 08:30:00,4,2021,1,0.0296551633424146,0.56468874,sentence_plus_historical_xgboost_depth1_trees100,walk_forward_2021,sentence_plus_historical
RSG,2021-02-23 17:00:00,4,2021,1,0.0326433385183222,0.6251355,sentence_plus_historical_xgboost_depth1_trees100,walk_forward_2021,sentence_plus_historical
RTX,2021-01-26 08:30:00,4,2021,1,0.0313986809271324,0.36151218,sentence_plus_historical_xgboost_depth1_trees100,walk_forward_2021,sentence_plus_historical
RTX,2021-07-27 08:30:00,2,2021,1,0.0156248784466732,0.6199422,sentence_plus_historical_xgboost_depth1_trees100,walk_forward_2021,sentence_plus_historical
TT,2021-11-03 16:46:13,3,2021,1,0.0653298115694194,0.6229235,sentence_plus_historical_xgboost_depth1_trees100,walk_forward_2021,sentence_plus_historical
TXT,2021-04-29 08:00:00,1,2021,1,0.0676947427881683,0.5259652,sentence_plus_historical_xgboost_depth1_trees100,walk_forward_2021,sentence_plus_historical
VRSK,2021-02-24 08:30:00,4,2021,0,-0.0995408256722186,0.5167695,sentence_plus_historical_xgboost_depth1_trees100,walk_forward_2021,sentence_plus_historical
VRSK,2021-08-04 08:30:00,2,2021,0,-0.008327108039236,0.6110537,sentence_plus_historical_xgboost_depth1_trees100,walk_forward_2021,sentence_plus_historical
RHI,2021-01-28 17:00:00,4,2021,1,0.0636826838378032,0.45243844,sentence_plus_historical_xgboost_depth1_trees100,walk_forward_2021,sentence_plus_historical
RHI,2021-10-21 17:00:00,3,2021,1,0.0052918141464506,0.4555639,sentence_plus_historical_xgboost_depth1_trees100,walk_forward_2021,sentence_plus_historical
RHI,2021-07-22 17:00:00,2,2021,1,0.1136022630673592,0.63223654,sentence_plus_historical_xgboost_depth1_trees100,walk_forward_2021,sentence_plus_historical
RHI,2021-04-21 17:00:00,1,2021,1,0.0604489687297558,0.524463,sentence_plus_historical_xgboost_depth1_trees100,walk_forward_2021,sentence_plus_historical
ADP,2022-10-26 08:30:00,1,2022,1,0.0255108639970775,0.51818943,sentence_plus_historical_xgboost_depth1_trees100,walk_forward_2022,sentence_plus_historical
ALLE,2022-02-15 08:00:00,4,2022,0,-0.0187167679523933,0.36686483,sentence_plus_historical_xgboost_depth1_trees100,walk_forward_2022,sentence_plus_historical
ALLE,2022-10-27 08:00:00,3,2022,1,0.0665955766573432,0.5401105,sentence_plus_historical_xgboost_depth1_trees100,walk_forward_2022,sentence_plus_historical
ALLE,2022-07-30 08:00:00,2,2022,0,-0.0365307386937882,0.39763948,sentence_plus_historical_xgboost_depth1_trees100,walk_forward_2022,sentence_plus_historical
ALLE,2022-04-26 08:00:00,1,2022,1,0.0332829908932517,0.55533344,sentence_plus_historical_xgboost_depth1_trees100,walk_forward_2022,sentence_plus_historical
AME,2022-02-03 08:30:00,4,2022,0,-0.0229126327143849,0.62009007,sentence_plus_historical_xgboost_depth1_trees100,walk_forward_2022,sentence_plus_historical
BLDR,2022-03-01 09:00:00,4,2022,0,-0.0478239455173318,0.65491873,sentence_plus_historical_xgboost_depth1_trees100,walk_forward_2022,sentence_plus_historical
BR,2022-08-12 08:30:00,4,2022,1,0.0255408420629557,0.62696517,sentence_plus_historical_xgboost_depth1_trees100,walk_forward_2022,sentence_plus_historical
BR,2022-11-02 20:30:00,1,2022,0,-0.0260122742064231,0.60217834,sentence_plus_historical_xgboost_depth1_trees100,walk_forward_2022,sentence_plus_historical
CARR,2022-02-08 08:30:00,4,2022,0,-0.0020088036345828,0.5861137,sentence_plus_historical_xgboost_depth1_trees100,walk_forward_2022,sentence_plus_historical
CARR,2022-10-27 07:30:00,3,2022,1,0.0760944583644295,0.38324592,sentence_plus_historical_xgboost_depth1_trees100,walk_forward_2022,sentence_plus_historical
CARR,2022-07-28 07:30:00,2,2022,0,-0.001842190005759,0.50044465,sentence_plus_historical_xgboost_depth1_trees100,walk_forward_2022,sentence_plus_historical
CARR,2022-04-28 09:05:00,1,2022,0,-0.0452269531615898,0.42238718,sentence_plus_historical_xgboost_depth1_trees100,walk_forward_2022,sentence_plus_historical
CAT,2022-01-28 08:30:00,4,2022,0,-0.0894638767880187,0.5030346,sentence_plus_historical_xgboost_depth1_trees100,walk_forward_2022,sentence_plus_historical
CAT,2022-10-27 08:30:00,3,2022,1,0.1077681475687711,0.6368805,sentence_plus_historical_xgboost_depth1_trees100,walk_forward_2022,sentence_plus_historical
CAT,2022-08-02 08:30:00,2,2022,0,-0.0516468594722591,0.49352637,sentence_plus_historical_xgboost_depth1_trees100,walk_forward_2022,sentence_plus_historical
CAT,2022-04-28 08:30:00,1,2022,1,0.0125594284432148,0.5030346,sentence_plus_historical_xgboost_depth1_trees100,walk_forward_2022,sentence_plus_historical
CHRW,2022-11-02 08:30:00,3,2022,0,-0.0473201307936517,0.52461827,sentence_plus_historical_xgboost_depth1_trees100,walk_forward_2022,sentence_plus_historical
CHRW,2022-07-27 17:00:00,2,2022,1,0.0473980902838846,0.513358,sentence_plus_historical_xgboost_depth1_trees100,walk_forward_2022,sentence_plus_historical
CTAS,2022-09-28 17:00:00,1,2022,1,0.026802306055977,0.50253016,sentence_plus_historical_xgboost_depth1_trees100,walk_forward_2022,sentence_plus_historical
DOV,2022-07-21 09:00:00,2,2022,1,0.0189151179742257,0.45372748,sentence_plus_historical_xgboost_depth1_trees100,walk_forward_2022,sentence_plus_historical
EMR,2022-11-02 09:00:00,4,2022,1,0.0702755590700595,0.5566832,sentence_plus_historical_xgboost_depth1_trees100,walk_forward_2022,sentence_plus_historical
EMR,2022-08-09 09:00:00,3,2022,0,-0.045319635982265,0.44458607,sentence_plus_historical_xgboost_depth1_trees100,walk_forward_2022,sentence_plus_historical
EMR,2022-05-04 09:00:00,2,2022,0,-0.0341536857107976,0.47094303,sentence_plus_historical_xgboost_depth1_trees100,walk_forward_2022,sentence_plus_historical
FDX,2022-06-23 17:00:00,4,2022,1,0.0015370761133203,0.5326376,sentence_plus_historical_xgboost_depth1_trees100,walk_forward_2022,sentence_plus_historical
FDX,2022-03-17 17:30:00,3,2022,0,-0.037136706752101,0.5176011,sentence_plus_historical_xgboost_depth1_trees100,walk_forward_2022,sentence_plus_historical
FDX,2022-12-20 17:30:00,2,2022,1,0.0629842806115718,0.53436345,sentence_plus_historical_xgboost_depth1_trees100,walk_forward_2022,sentence_plus_historical
FDX,2022-09-22 08:30:00,1,2022,0,-0.0025677639837,0.46035242,sentence_plus_historical_xgboost_depth1_trees100,walk_forward_2022,sentence_plus_historical
GD,2022-01-26 09:00:00,4,2022,0,-0.0100839201028064,0.48650166,sentence_plus_historical_xgboost_depth1_trees100,walk_forward_2022,sentence_plus_historical
GD,2022-10-26 09:00:00,3,2022,1,0.0177078443476759,0.4356518,sentence_plus_historical_xgboost_depth1_trees100,walk_forward_2022,sentence_plus_historical
GD,2022-07-27 09:00:00,2,2022,0,-0.0001528922559892,0.41165566,sentence_plus_historical_xgboost_depth1_trees100,walk_forward_2022,sentence_plus_historical
GE,2022-10-25 08:00:00,3,2022,1,0.0410037509799734,0.55388373,sentence_plus_historical_xgboost_depth1_trees100,walk_forward_2022,sentence_plus_historical
GE,2022-07-26 08:00:00,2,2022,1,0.0705709912719871,0.47764283,sentence_plus_historical_xgboost_depth1_trees100,walk_forward_2022,sentence_plus_historical
HII,2022-05-05 09:00:00,1,2022,1,0.0123561941366592,0.5613722,sentence_plus_historical_xgboost_depth1_trees100,walk_forward_2022,sentence_plus_historical
HON,2022-02-03 08:30:00,4,2022,0,-0.052182658932268,0.39118567,sentence_plus_historical_xgboost_depth1_trees100,walk_forward_2022,sentence_plus_historical
HON,2022-10-27 08:30:00,3,2022,1,0.072119524133411,0.47140184,sentence_plus_historical_xgboost_depth1_trees100,walk_forward_2022,sentence_plus_historical
HON,2022-04-29 08:30:00,1,2022,1,0.0746597916720586,0.47258455,sentence_plus_historical_xgboost_depth1_trees100,walk_forward_2022,sentence_plus_historical
IR,2022-02-24 08:00:00,4,2022,0,-0.0681117341892189,0.6367504,sentence_plus_historical_xgboost_depth1_trees100,walk_forward_2022,sentence_plus_historical
IR,2022-11-03 08:00:00,3,2022,1,0.0575958983681252,0.60303164,sentence_plus_historical_xgboost_depth1_trees100,walk_forward_2022,sentence_plus_historical
IR,2022-08-04 08:00:00,2,2022,1,0.0152092364255658,0.5210029,sentence_plus_historical_xgboost_depth1_trees100,walk_forward_2022,sentence_plus_historical
IR,2022-05-05 08:00:00,1,2022,0,-0.0068435790676807,0.47003135,sentence_plus_historical_xgboost_depth1_trees100,walk_forward_2022,sentence_plus_historical
JBHT,2022-10-18 17:00:00,3,2022,0,-0.0413323153316423,0.41098136,sentence_plus_historical_xgboost_depth1_trees100,walk_forward_2022,sentence_plus_historical
JBHT,2022-04-18 17:00:00,1,2022,1,0.0369263774890861,0.53967124,sentence_plus_historical_xgboost_depth1_trees100,walk_forward_2022,sentence_plus_historical
JCI,2022-05-04 08:30:00,2,2022,0,-0.131218228586999,0.45358196,sentence_plus_historical_xgboost_depth1_trees100,walk_forward_2022,sentence_plus_historical
JCI,2022-02-02 08:30:00,1,2022,0,-0.0615735725794966,0.5288991,sentence_plus_historical_xgboost_depth1_trees100,walk_forward_2022,sentence_plus_historical
LHX,2022-07-29 08:30:00,2,2022,1,0.0066202972164128,0.46681428,sentence_plus_historical_xgboost_depth1_trees100,walk_forward_2022,sentence_plus_historical
MAS,2022-02-08 08:00:00,4,2022,0,-0.0325628342172036,0.5051505,sentence_plus_historical_xgboost_depth1_trees100,walk_forward_2022,sentence_plus_historical
MAS,2022-10-26 08:00:00,3,2022,0,-0.0546608219106067,0.37758455,sentence_plus_historical_xgboost_depth1_trees100,walk_forward_2022,sentence_plus_historical
MAS,2022-07-28 08:00:00,2,2022,0,-0.0640396289672743,0.39324036,sentence_plus_historical_xgboost_depth1_trees100,walk_forward_2022,sentence_plus_historical
MAS,2022-04-27 08:00:00,1,2022,1,0.0219318447909793,0.6121162,sentence_plus_historical_xgboost_depth1_trees100,walk_forward_2022,sentence_plus_historical
MMM,2022-01-25 09:00:00,4,2022,0,-0.0631400555818615,0.5261334,sentence_plus_historical_xgboost_depth1_trees100,walk_forward_2022,sentence_plus_historical
NDSN,2022-04-30 09:00:00,1,2022,0,-0.0251358164898145,0.54147613,sentence_plus_historical_xgboost_depth1_trees100,walk_forward_2022,sentence_plus_historical
NOC,2022-01-27 09:00:00,4,2022,0,-0.1350261389728985,0.36463305,sentence_plus_historical_xgboost_depth1_trees100,walk_forward_2022,sentence_plus_historical
NOC,2022-10-27 09:00:00,3,2022,1,0.0172119404198962,0.4093865,sentence_plus_historical_xgboost_depth1_trees100,walk_forward_2022,sentence_plus_historical
NOC,2022-07-28 09:00:00,2,2022,1,0.0479204379544135,0.5192019,sentence_plus_historical_xgboost_depth1_trees100,walk_forward_2022,sentence_plus_historical
NOC,2022-04-28 09:00:00,1,2022,1,0.0240700843826409,0.5194472,sentence_plus_historical_xgboost_depth1_trees100,walk_forward_2022,sentence_plus_historical
NSC,2022-10-26 08:45:00,3,2022,1,0.0666834524223356,0.4385316,sentence_plus_historical_xgboost_depth1_trees100,walk_forward_2022,sentence_plus_historical
OTIS,2022-01-31 08:30:00,4,2022,0,-0.0194835818000261,0.6554679,sentence_plus_historical_xgboost_depth1_trees100,walk_forward_2022,sentence_plus_historical
OTIS,2022-07-27 08:30:00,2,2022,1,0.0217901522840493,0.44728786,sentence_plus_historical_xgboost_depth1_trees100,walk_forward_2022,sentence_plus_historical
OTIS,2022-04-25 08:30:00,1,2022,1,0.024838148159595,0.38246435,sentence_plus_historical_xgboost_depth1_trees100,walk_forward_2022,sentence_plus_historical
PH,2022-11-03 09:00:00,1,2022,1,0.0229889573948309,0.4869226,sentence_plus_historical_xgboost_depth1_trees100,walk_forward_2022,sentence_plus_historical
PNR,2022-10-25 09:00:00,3,2022,1,0.0335564504422947,0.5531218,sentence_plus_historical_xgboost_depth1_trees100,walk_forward_2022,sentence_plus_historical
PNR,2022-07-26 09:00:00,2,2022,0,-0.0060958165499969,0.5701917,sentence_plus_historical_xgboost_depth1_trees100,walk_forward_2022,sentence_plus_historical
PNR,2022-04-21 09:00:00,1,2022,1,0.0225972895526304,0.6626256,sentence_plus_historical_xgboost_depth1_trees100,walk_forward_2022,sentence_plus_historical
PWR,2022-11-03 09:00:00,3,2022,1,0.0487245347094522,0.5710044,sentence_plus_historical_xgboost_depth1_trees100,walk_forward_2022,sentence_plus_historical
PWR,2022-08-04 09:00:00,2,2022,1,0.0100212054466863,0.5768484,sentence_plus_historical_xgboost_depth1_trees100,walk_forward_2022,sentence_plus_historical
RSG,2022-02-10 17:00:00,4,2022,0,-0.0440912083984139,0.6438363,sentence_plus_historical_xgboost_depth1_trees100,walk_forward_2022,sentence_plus_historical
RSG,2022-10-27 17:00:00,3,2022,1,0.0016423517732315,0.51950526,sentence_plus_historical_xgboost_depth1_trees100,walk_forward_2022,sentence_plus_historical
RTX,2022-10-25 08:30:00,3,2022,1,0.0370700086985837,0.48338962,sentence_plus_historical_xgboost_depth1_trees100,walk_forward_2022,sentence_plus_historical
RTX,2022-07-26 08:30:00,2,2022,0,-0.052328393836737,0.3505657,sentence_plus_historical_xgboost_depth1_trees100,walk_forward_2022,sentence_plus_historical
TXT,2022-10-27 08:00:00,3,2022,1,0.0600488826576485,0.4970866,sentence_plus_historical_xgboost_depth1_trees100,walk_forward_2022,sentence_plus_historical
TXT,2022-04-28 08:00:00,1,2022,1,0.0546589739562042,0.51767975,sentence_plus_historical_xgboost_depth1_trees100,walk_forward_2022,sentence_plus_historical
UBER,2022-08-02 08:00:00,2,2022,1,0.2895122132602765,0.60486674,sentence_plus_historical_xgboost_depth1_trees100,walk_forward_2022,sentence_plus_historical
UNP,2022-10-20 08:45:00,3,2022,0,-0.0580471279442926,0.5623895,sentence_plus_historical_xgboost_depth1_trees100,walk_forward_2022,sentence_plus_historical
UNP,2022-04-21 08:45:00,1,2022,1,0.0201689978805007,0.63688076,sentence_plus_historical_xgboost_depth1_trees100,walk_forward_2022,sentence_plus_historical
UPS,2022-10-25 08:30:00,3,2022,0,-0.018342885384633,0.5177377,sentence_plus_historical_xgboost_depth1_trees100,walk_forward_2022,sentence_plus_historical
UPS,2022-07-26 08:30:00,2,2022,1,0.0012754341216223,0.5228176,sentence_plus_historical_xgboost_depth1_trees100,walk_forward_2022,sentence_plus_historical
WAB,2022-11-01 08:30:00,3,2022,1,0.0504958104996631,0.45327553,sentence_plus_historical_xgboost_depth1_trees100,walk_forward_2022,sentence_plus_historical
AAL,2022-07-21 08:30:00,2,2022,0,-0.097614139348408,0.49895695,sentence_plus_historical_xgboost_depth1_trees100,walk_forward_2022,sentence_plus_historical
RHI,2022-01-27 17:00:00,4,2022,1,0.0107006608417985,0.5349327,sentence_plus_historical_xgboost_depth1_trees100,walk_forward_2022,sentence_plus_historical
RHI,2022-10-20 17:00:00,3,2022,0,-0.1021078313873448,0.36204103,sentence_plus_historical_xgboost_depth1_trees100,walk_forward_2022,sentence_plus_historical
RHI,2022-07-21 17:00:00,2,2022,0,-0.073634813678665,0.49755186,sentence_plus_historical_xgboost_depth1_trees100,walk_forward_2022,sentence_plus_historical
RHI,2022-04-26 17:00:00,1,2022,0,-0.0920568265378128,0.50839514,sentence_plus_historical_xgboost_depth1_trees100,walk_forward_2022,sentence_plus_historical
ADP,2023-04-26 08:30:00,3,2023,1,0.0111343061655528,0.6654168,historical_xgboost_depth1_trees200,final_holdout,historical_surprise
ALLE,2023-07-26 08:00:00,2,2023,0,-0.0881239525796775,0.65506613,historical_xgboost_depth1_trees200,final_holdout,historical_surprise
ALLE,2024-07-24 08:00:00,2,2024,1,0.1170858128011878,0.66998357,historical_xgboost_depth1_trees200,final_holdout,historical_surprise
ALLE,2024-04-25 08:00:00,1,2024,0,-0.0328089416613609,0.3865904,historical_xgboost_depth1_trees200,final_holdout,historical_surprise
ALLE,2025-04-24 08:00:00,1,2025,1,0.0648048718529561,0.37725282,historical_xgboost_depth1_trees200,final_holdout,historical_surprise
AME,2023-08-01 08:30:00,2,2023,1,0.0279774290408804,0.65825295,historical_xgboost_depth1_trees200,final_holdout,historical_surprise
AME,2023-05-02 08:30:00,1,2023,1,0.0479016453176294,0.6118011,historical_xgboost_depth1_trees200,final_holdout,historical_surprise
AME,2025-02-04 08:30:00,4,2025,0,-0.0019962648058131,0.5544898,historical_xgboost_depth1_trees200,final_holdout,historical_surprise
AME,2024-08-01 08:30:00,2,2024,0,-0.0375224853456659,0.43217915,historical_xgboost_depth1_trees200,final_holdout,historical_surprise
AME,2024-05-02 08:30:00,1,2024,0,-0.0615510866190287,0.5524663,historical_xgboost_depth1_trees200,final_holdout,historical_surprise
AME,2025-05-01 08:30:00,1,2025,0,-0.0104057749029691,0.67152107,historical_xgboost_depth1_trees200,final_holdout,historical_surprise
BLDR,2025-02-20 09:00:00,4,2025,1,0.0118961303831873,0.25748947,historical_xgboost_depth1_trees200,final_holdout,historical_surprise
BR,2023-08-08 08:30:00,4,2023,1,0.1066870212258972,0.4764087,historical_xgboost_depth1_trees200,final_holdout,historical_surprise
BR,2023-05-02 08:30:00,3,2023,1,0.065259925313461,0.4215678,historical_xgboost_depth1_trees200,final_holdout,historical_surprise
BR,2024-02-01 08:30:00,2,2024,0,-0.0599720389273853,0.5956079,historical_xgboost_depth1_trees200,final_holdout,historical_surprise
BR,2024-11-05 08:30:00,1,2024,1,0.02851072658155,0.56262195,historical_xgboost_depth1_trees200,final_holdout,historical_surprise
CARR,2023-02-07 08:00:00,4,2023,0,-0.0217602103495845,0.3767651,historical_xgboost_depth1_trees200,final_holdout,historical_surprise
CARR,2024-02-06 07:30:00,4,2024,0,-0.0198991976308455,0.50657856,historical_xgboost_depth1_trees200,final_holdout,historical_surprise
CARR,2023-10-26 07:30:00,3,2023,1,0.0476628047475324,0.439575,historical_xgboost_depth1_trees200,final_holdout,historical_surprise
CARR,2023-07-27 07:30:00,2,2023,1,0.0952779510438597,0.5116745,historical_xgboost_depth1_trees200,final_holdout,historical_surprise
CARR,2025-02-11 07:30:00,4,2025,0,-0.0049725447049979,0.504207,historical_xgboost_depth1_trees200,final_holdout,historical_surprise
CARR,2024-10-24 07:30:00,3,2024,0,-0.0798219098823908,0.47568974,historical_xgboost_depth1_trees200,final_holdout,historical_surprise
CARR,2024-07-25 07:30:00,2,2024,1,0.0145903102081066,0.52470267,historical_xgboost_depth1_trees200,final_holdout,historical_surprise
CARR,2024-04-25 07:30:00,1,2024,1,0.1264368295410775,0.5017981,historical_xgboost_depth1_trees200,final_holdout,historical_surprise
CARR,2025-05-01 07:30:00,1,2025,1,0.111570575435133,0.45733207,historical_xgboost_depth1_trees200,final_holdout,historical_surprise
CAT,2023-01-31 08:30:00,4,2023,0,-0.0617711646818559,0.46232134,historical_xgboost_depth1_trees200,final_holdout,historical_surprise
CAT,2024-02-05 08:30:00,4,2024,0,-0.0071440970731206,0.58372283,historical_xgboost_depth1_trees200,final_holdout,historical_surprise
CAT,2023-10-31 08:30:00,3,2023,0,-0.0638191319731548,0.47338957,historical_xgboost_depth1_trees200,final_holdout,historical_surprise
CAT,2023-08-01 08:30:00,2,2023,1,0.0775160621504272,0.5359989,historical_xgboost_depth1_trees200,final_holdout,historical_surprise
CAT,2025-01-30 08:30:00,4,2025,0,-0.0911006369114678,0.49641997,historical_xgboost_depth1_trees200,final_holdout,historical_surprise
CAT,2024-10-30 08:30:00,3,2024,0,-0.0020842085281419,0.49656844,historical_xgboost_depth1_trees200,final_holdout,historical_surprise
CAT,2024-08-06 08:30:00,2,2024,1,0.0302243261328893,0.49320146,historical_xgboost_depth1_trees200,final_holdout,historical_surprise
CAT,2024-04-25 08:30:00,1,2024,0,-0.0787685222122572,0.59972894,historical_xgboost_depth1_trees200,final_holdout,historical_surprise
CAT,2025-04-30 08:30:00,1,2025,1,0.0355977701568113,0.51869833,historical_xgboost_depth1_trees200,final_holdout,historical_surprise
CHRW,2023-11-01 17:00:00,3,2023,0,-0.0349331725787406,0.507289,historical_xgboost_depth1_trees200,final_holdout,historical_surprise
CHRW,2024-05-01 17:00:00,1,2024,1,0.0894474044018966,0.5819507,historical_xgboost_depth1_trees200,final_holdout,historical_surprise
CPRT,2024-09-04 17:30:00,4,2024,0,-0.07535020775021,0.3503642,historical_xgboost_depth1_trees200,final_holdout,historical_surprise
CPRT,2024-05-16 17:30:00,3,2024,0,-0.0138972328627559,0.55128634,historical_xgboost_depth1_trees200,final_holdout,historical_surprise
CPRT,2024-02-22 17:30:00,2,2024,1,0.0738767835527367,0.6050288,historical_xgboost_depth1_trees200,final_holdout,historical_surprise
CPRT,2023-11-16 17:30:00,1,2023,1,0.0190850792575505,0.58556795,historical_xgboost_depth1_trees200,final_holdout,historical_surprise
CPRT,2025-02-20 17:30:00,2,2025,0,-0.0095180682497251,0.5204207,historical_xgboost_depth1_trees200,final_holdout,historical_surprise
CPRT,2024-11-21 17:30:00,1,2024,1,0.0999944920814248,0.35775337,historical_xgboost_depth1_trees200,final_holdout,historical_surprise
CSX,2023-01-25 16:30:00,4,2023,0,-0.0082521556037686,0.6679548,historical_xgboost_depth1_trees200,final_holdout,historical_surprise
CSX,2023-07-20 16:30:00,2,2023,0,-0.0207320157673516,0.5578017,historical_xgboost_depth1_trees200,final_holdout,historical_surprise
CSX,2023-04-20 09:00:00,1,2023,1,0.0099729326983203,0.724189,historical_xgboost_depth1_trees200,final_holdout,historical_surprise
EFX,2025-04-22 08:30:00,1,2025,1,0.1187894708161738,0.6091838,historical_xgboost_depth1_trees200,final_holdout,historical_surprise
EMR,2023-08-02 09:00:00,3,2023,1,0.0700492029490168,0.71410835,historical_xgboost_depth1_trees200,final_holdout,historical_surprise
EMR,2023-05-03 08:00:00,2,2023,1,0.0174915514895405,0.48541713,historical_xgboost_depth1_trees200,final_holdout,historical_surprise
EMR,2024-05-08 09:00:00,2,2024,1,0.0533421589054701,0.35273355,historical_xgboost_depth1_trees200,final_holdout,historical_surprise
ETN,2025-01-31 05:00:00,4,2025,0,-0.036435456515649,0.56036925,historical_xgboost_depth1_trees200,final_holdout,historical_surprise
FDX,2024-12-19 17:30:00,2,2024,0,-0.0014461264784637,0.51205057,historical_xgboost_depth1_trees200,final_holdout,historical_surprise
FDX,2024-09-19 17:30:00,1,2024,0,-0.1189392550955918,0.41233453,historical_xgboost_depth1_trees200,final_holdout,historical_surprise
GD,2023-01-25 09:00:00,4,2023,0,-0.0250003454753638,0.5363768,historical_xgboost_depth1_trees200,final_holdout,historical_surprise
GD,2023-04-26 16:30:00,1,2023,0,-0.031006589048538,0.55292153,historical_xgboost_depth1_trees200,final_holdout,historical_surprise
GD,2024-04-24 09:00:00,1,2024,0,-0.012358550857441,0.6143448,historical_xgboost_depth1_trees200,final_holdout,historical_surprise
GE,2023-01-24 08:00:00,4,2023,1,0.0137957181541744,0.65791434,historical_xgboost_depth1_trees200,final_holdout,historical_surprise
GE,2024-01-23 07:30:00,4,2024,0,-0.016968596841867,0.6752257,historical_xgboost_depth1_trees200,final_holdout,historical_surprise
GE,2023-10-24 07:30:00,3,2023,1,0.0411526228377578,0.6269056,historical_xgboost_depth1_trees200,final_holdout,historical_surprise
GE,2023-07-25 07:30:00,2,2023,1,0.0286553377232452,0.7492059,historical_xgboost_depth1_trees200,final_holdout,historical_surprise
GE,2023-04-25 08:30:00,1,2023,1,0.0028325947483784,0.70318043,historical_xgboost_depth1_trees200,final_holdout,historical_surprise
GE,2025-01-24 07:30:00,4,2025,1,0.0315246836110101,0.7412947,historical_xgboost_depth1_trees200,final_holdout,historical_surprise
GE,2024-10-22 07:30:00,3,2024,0,-0.091949393478128,0.56299645,historical_xgboost_depth1_trees200,final_holdout,historical_surprise
GE,2024-07-23 07:30:00,2,2024,1,0.0618119726276717,0.5883446,historical_xgboost_depth1_trees200,final_holdout,historical_surprise
GE,2024-04-23 07:30:00,1,2024,1,0.0741432576182783,0.6177181,historical_xgboost_depth1_trees200,final_holdout,historical_surprise
GE,2025-04-25 07:30:00,1,2025,1,0.0096428230641996,0.4805693,historical_xgboost_depth1_trees200,final_holdout,historical_surprise
GEV,2025-01-22 07:30:00,4,2025,0,-0.1493978737547536,0.7494933,historical_xgboost_depth1_trees200,final_holdout,historical_surprise
GEV,2024-10-23 07:30:00,3,2024,1,0.0839791774079313,0.6456362,historical_xgboost_depth1_trees200,final_holdout,historical_surprise
GEV,2024-07-25 07:30:00,2,2024,1,0.0766322630641713,0.6601481,historical_xgboost_depth1_trees200,final_holdout,historical_surprise
GEV,2024-04-25 07:30:00,1,2024,1,0.048054253208685,0.8140904,historical_xgboost_depth1_trees200,final_holdout,historical_surprise
GEV,2025-04-23 07:30:00,1,2025,1,0.0867333583325222,0.40903,historical_xgboost_depth1_trees200,final_holdout,historical_surprise
GWW,2025-01-31 05:00:00,4,2025,0,-0.0737521140190657,0.34562832,historical_xgboost_depth1_trees200,final_holdout,historical_surprise
HII,2024-02-01 09:00:00,4,2024,1,0.0302659873924273,0.5099365,historical_xgboost_depth1_trees200,final_holdout,historical_surprise
HII,2023-08-03 09:00:00,2,2023,1,0.0094187028374455,0.45832527,historical_xgboost_depth1_trees200,final_holdout,historical_surprise
HII,2025-02-06 09:00:00,4,2025,0,-0.1625070478348761,0.3595489,historical_xgboost_depth1_trees200,final_holdout,historical_surprise
HII,2024-10-31 09:00:00,3,2024,0,-0.2085947028227086,0.33198524,historical_xgboost_depth1_trees200,final_holdout,historical_surprise
HII,2024-05-02 09:00:00,1,2024,0,-0.1425168690895796,0.38800168,historical_xgboost_depth1_trees200,final_holdout,historical_surprise
HON,2024-04-25 09:00:00,1,2024,1,0.0131157860892286,0.43629995,historical_xgboost_depth1_trees200,final_holdout,historical_surprise
IEX,2025-05-02 09:00:00,1,2025,1,0.0429670046467205,0.52691233,historical_xgboost_depth1_trees200,final_holdout,historical_surprise
IR,2024-08-01 08:00:00,2,2024,0,-0.0720242115518051,0.4067809,historical_xgboost_depth1_trees200,final_holdout,historical_surprise
IR,2024-05-03 08:00:00,1,2024,0,-0.0495205103456785,0.3067677,historical_xgboost_depth1_trees200,final_holdout,historical_surprise
JBHT,2023-01-18 09:00:00,4,2023,1,0.0819242253002578,0.55153924,historical_xgboost_depth1_trees200,final_holdout,historical_surprise
JBHT,2024-10-15 17:00:00,3,2024,0,-0.000626265700387,0.5683832,historical_xgboost_depth1_trees200,final_holdout,historical_surprise
JBHT,2024-04-16 17:00:00,1,2024,0,-0.0881652768847109,0.40279025,historical_xgboost_depth1_trees200,final_holdout,historical_surprise
JBHT,2025-04-15 17:00:00,1,2025,0,-0.0313079337553116,0.50440997,historical_xgboost_depth1_trees200,final_holdout,historical_surprise
JCI,2023-12-12 08:30:00,4,2023,0,-0.0729540989365945,0.34715453,historical_xgboost_depth1_trees200,final_holdout,historical_surprise
JCI,2023-08-02 08:30:00,3,2023,0,-0.1066177592779218,0.3775348,historical_xgboost_depth1_trees200,final_holdout,historical_surprise
JCI,2023-05-05 08:30:00,2,2023,1,0.0435849656136515,0.63105685,historical_xgboost_depth1_trees200,final_holdout,historical_surprise
JCI,2024-07-31 08:30:00,3,2024,1,0.0023749464250347,0.54927725,historical_xgboost_depth1_trees200,final_holdout,historical_surprise
JCI,2024-05-01 08:30:00,2,2024,0,-0.0395612342426893,0.41385716,historical_xgboost_depth1_trees200,final_holdout,historical_surprise
JCI,2025-02-05 08:30:00,1,2025,1,0.148506139979994,0.70733476,historical_xgboost_depth1_trees200,final_holdout,historical_surprise
LDOS,2025-02-11 08:00:00,4,2025,0,-0.0909574265821021,0.6634913,historical_xgboost_depth1_trees200,final_holdout,historical_surprise
LHX,2024-04-26 08:30:00,1,2024,1,0.0160677007632674,0.4035439,historical_xgboost_depth1_trees200,final_holdout,historical_surprise
MAS,2023-02-09 08:00:00,4,2023,1,0.0306565492951114,0.3735668,historical_xgboost_depth1_trees200,final_holdout,historical_surprise
MAS,2023-10-26 08:00:00,3,2023,1,0.0784241458791681,0.3642465,historical_xgboost_depth1_trees200,final_holdout,historical_surprise
MAS,2023-07-27 08:00:00,2,2023,0,-0.0056829616239529,0.30040953,historical_xgboost_depth1_trees200,final_holdout,historical_surprise
MAS,2023-04-26 07:45:00,1,2023,1,0.0497280840984102,0.36433578,historical_xgboost_depth1_trees200,final_holdout,historical_surprise
MAS,2025-02-11 08:00:00,4,2025,0,-0.0140172413597611,0.57475597,historical_xgboost_depth1_trees200,final_holdout,historical_surprise
MAS,2024-10-29 08:00:00,3,2024,1,0.0081352262312072,0.4736905,historical_xgboost_depth1_trees200,final_holdout,historical_surprise
MAS,2024-07-25 08:00:00,2,2024,1,0.0854677121037525,0.46876103,historical_xgboost_depth1_trees200,final_holdout,historical_surprise
MAS,2024-04-24 08:00:00,1,2024,0,-0.055582113078466,0.30080003,historical_xgboost_depth1_trees200,final_holdout,historical_surprise
MAS,2025-04-23 08:00:00,1,2025,0,-0.0674322984039771,0.48331553,historical_xgboost_depth1_trees200,final_holdout,historical_surprise
MMM,2024-01-23 09:00:00,4,2024,0,-0.1237358532435822,0.44136584,historical_xgboost_depth1_trees200,final_holdout,historical_surprise
MMM,2023-10-24 09:00:00,3,2023,1,0.0577031703427404,0.31642538,historical_xgboost_depth1_trees200,final_holdout,historical_surprise
MMM,2023-07-25 09:00:00,2,2023,1,0.0618039934080454,0.27951118,historical_xgboost_depth1_trees200,final_holdout,historical_surprise
MMM,2024-10-22 09:00:00,3,2024,0,-0.0285405241072205,0.722001,historical_xgboost_depth1_trees200,final_holdout,historical_surprise
NDSN,2023-02-21 08:30:00,1,2023,0,-0.0821784799407258,0.423794,historical_xgboost_depth1_trees200,final_holdout,historical_surprise
NOC,2023-01-26 09:00:00,4,2023,0,-0.0703240877360957,0.37919515,historical_xgboost_depth1_trees200,final_holdout,historical_surprise
NOC,2023-10-26 09:00:00,3,2023,0,-0.0432418549712302,0.60572946,historical_xgboost_depth1_trees200,final_holdout,historical_surprise
NOC,2023-07-27 09:00:00,2,2023,0,-0.0095115068910743,0.64036924,historical_xgboost_depth1_trees200,final_holdout,historical_surprise
NOC,2025-01-30 09:00:00,4,2025,0,-0.0227762536390768,0.5595945,historical_xgboost_depth1_trees200,final_holdout,historical_surprise
NOC,2024-10-24 09:00:00,3,2024,0,-0.0242205531198924,0.73860234,historical_xgboost_depth1_trees200,final_holdout,historical_surprise
NOC,2024-07-25 09:00:00,2,2024,1,0.0779132733164478,0.53602934,historical_xgboost_depth1_trees200,final_holdout,historical_surprise
NSC,2023-01-25 08:45:00,4,2023,0,-0.0542042405846907,0.628452,historical_xgboost_depth1_trees200,final_holdout,historical_surprise
NSC,2024-04-24 08:45:00,1,2024,0,-0.0531583596984326,0.44062546,historical_xgboost_depth1_trees200,final_holdout,historical_surprise
OTIS,2023-02-01 08:30:00,4,2023,0,-0.004413957723641,0.47032285,historical_xgboost_depth1_trees200,final_holdout,historical_surprise
OTIS,2024-01-31 08:30:00,4,2024,1,0.0156147598771454,0.45790818,historical_xgboost_depth1_trees200,final_holdout,historical_surprise
OTIS,2023-10-25 08:30:00,3,2023,1,0.0119082941350684,0.34475732,historical_xgboost_depth1_trees200,final_holdout,historical_surprise
OTIS,2023-07-26 08:30:00,2,2023,1,0.0283462988988187,0.48197892,historical_xgboost_depth1_trees200,final_holdout,historical_surprise
OTIS,2025-01-29 08:30:00,4,2025,0,-0.010105844705445,0.5499985,historical_xgboost_depth1_trees200,final_holdout,historical_surprise
OTIS,2024-10-30 08:30:00,3,2024,0,-0.003336855834108,0.50936306,historical_xgboost_depth1_trees200,final_holdout,historical_surprise
OTIS,2024-07-24 08:30:00,2,2024,0,-0.0248775505304131,0.5231939,historical_xgboost_depth1_trees200,final_holdout,historical_surprise
OTIS,2024-04-24 08:30:00,1,2024,0,-0.0574526826909045,0.4179422,historical_xgboost_depth1_trees200,final_holdout,historical_surprise
OTIS,2025-04-23 08:30:00,1,2025,0,-0.0925717388737628,0.41027167,historical_xgboost_depth1_trees200,final_holdout,historical_surprise
PNR,2023-07-27 09:00:00,2,2023,1,0.0429159441624187,0.565834,historical_xgboost_depth1_trees200,final_holdout,historical_surprise
PNR,2024-10-22 09:00:00,3,2024,1,0.0116082433294052,0.62145954,historical_xgboost_depth1_trees200,final_holdout,historical_surprise
PWR,2023-02-23 09:00:00,4,2023,1,0.0857460539351597,0.59607416,historical_xgboost_depth1_trees200,final_holdout,historical_surprise
PWR,2023-11-02 09:00:00,3,2023,1,0.029329496789662,0.6829839,historical_xgboost_depth1_trees200,final_holdout,historical_surprise
PWR,2023-05-04 09:00:00,1,2023,1,0.0076198095438686,0.66812944,historical_xgboost_depth1_trees200,final_holdout,historical_surprise
PWR,2024-10-31 09:00:00,3,2024,0,-0.0224437588445811,0.528297,historical_xgboost_depth1_trees200,final_holdout,historical_surprise
PWR,2024-08-01 09:00:00,2,2024,0,-0.0051531059404614,0.60673034,historical_xgboost_depth1_trees200,final_holdout,historical_surprise
PWR,2024-05-02 09:00:00,1,2024,1,0.0013058711657065,0.41723475,historical_xgboost_depth1_trees200,final_holdout,historical_surprise
ROK,2024-05-07 08:30:00,2,2024,0,-0.0338858747028606,0.49443942,historical_xgboost_depth1_trees200,final_holdout,historical_surprise
ROL,2023-07-27 08:30:00,2,2023,0,-0.0664406145073004,0.53781337,historical_xgboost_depth1_trees200,final_holdout,historical_surprise
ROL,2025-02-13 08:30:00,4,2025,1,0.0137197615490245,0.6034181,historical_xgboost_depth1_trees200,final_holdout,historical_surprise
ROL,2024-07-25 08:30:00,2,2024,0,-0.0583767879190562,0.6351734,historical_xgboost_depth1_trees200,final_holdout,historical_surprise
ROL,2024-04-25 08:30:00,1,2024,1,0.0527183013954563,0.37129655,historical_xgboost_depth1_trees200,final_holdout,historical_surprise
RSG,2023-02-15 17:00:00,4,2023,1,0.0557466246365334,0.45760694,historical_xgboost_depth1_trees200,final_holdout,historical_surprise
RSG,2023-10-26 17:00:00,3,2023,0,-0.0046728433198297,0.527934,historical_xgboost_depth1_trees200,final_holdout,historical_surprise
RSG,2025-02-13 17:00:00,4,2025,1,0.0450902102466085,0.53577626,historical_xgboost_depth1_trees200,final_holdout,historical_surprise
RSG,2024-07-24 17:00:00,2,2024,0,-0.0443300533675204,0.5578219,historical_xgboost_depth1_trees200,final_holdout,historical_surprise
RSG,2024-04-30 17:00:00,1,2024,0,-0.0465663918960855,0.4232211,historical_xgboost_depth1_trees200,final_holdout,historical_surprise
RTX,2024-07-25 08:00:00,2,2024,1,0.1032308674654474,0.56189126,historical_xgboost_depth1_trees200,final_holdout,historical_surprise
SWK,2024-05-01 23:00:00,1,2024,0,-0.0992378887749984,0.32168737,historical_xgboost_depth1_trees200,final_holdout,historical_surprise
TXT,2023-01-25 08:00:00,4,2023,1,0.0318457616455905,0.44011676,historical_xgboost_depth1_trees200,final_holdout,historical_surprise
TXT,2023-10-26 08:00:00,3,2023,1,0.0097175752432139,0.63961214,historical_xgboost_depth1_trees200,final_holdout,historical_surprise
TXT,2024-04-25 08:00:00,1,2024,0,-0.087789730869322,0.4255264,historical_xgboost_depth1_trees200,final_holdout,historical_surprise
UBER,2023-02-08 08:00:00,4,2023,1,0.016148641857743,0.58679193,historical_xgboost_depth1_trees200,final_holdout,historical_surprise
UBER,2024-10-31 08:00:00,3,2024,0,-0.0836744111937076,0.5568772,historical_xgboost_depth1_trees200,final_holdout,historical_surprise
UBER,2024-05-08 08:00:00,1,2024,0,-0.0839235136255633,0.68134975,historical_xgboost_depth1_trees200,final_holdout,historical_surprise
UNP,2023-07-26 08:45:00,2,2023,1,0.071967161920138,0.57702625,historical_xgboost_depth1_trees200,final_holdout,historical_surprise
UNP,2025-01-23 08:45:00,4,2025,1,0.0660442472850197,0.64241856,historical_xgboost_depth1_trees200,final_holdout,historical_surprise
UNP,2024-10-24 08:45:00,3,2024,0,-0.0408389587192936,0.7581473,historical_xgboost_depth1_trees200,final_holdout,historical_surprise
UPS,2023-08-08 08:30:00,2,2023,0,-0.0213651959207846,0.32760903,historical_xgboost_depth1_trees200,final_holdout,historical_surprise
UPS,2024-10-24 08:30:00,3,2024,1,0.0153844307987311,0.46446225,historical_xgboost_depth1_trees200,final_holdout,historical_surprise
UPS,2025-04-29 08:30:00,1,2025,0,-0.0377580064365744,0.2869198,historical_xgboost_depth1_trees200,final_holdout,historical_surprise
URI,2024-04-25 08:30:00,1,2024,1,0.0083150335009352,0.64966947,historical_xgboost_depth1_trees200,final_holdout,historical_surprise
VLTO,2023-10-26 00:00:00,3,2023,0,-0.058536942726613,0.4829907,historical_xgboost_depth1_trees200,final_holdout,historical_surprise
VLTO,2025-04-30 08:30:00,1,2025,1,0.0160983981201892,0.586779,historical_xgboost_depth1_trees200,final_holdout,historical_surprise
VRSK,2023-03-01 08:30:00,4,2023,1,0.0721231572582008,0.5446678,historical_xgboost_depth1_trees200,final_holdout,historical_surprise
VRSK,2025-02-26 08:30:00,4,2025,1,0.0291379922755189,0.50769645,historical_xgboost_depth1_trees200,final_holdout,historical_surprise
VRSK,2024-07-31 08:30:00,2,2024,0,-0.0514619238183601,0.5772421,historical_xgboost_depth1_trees200,final_holdout,historical_surprise
VRSK,2024-05-01 08:30:00,1,2024,1,0.103048851288636,0.59911436,historical_xgboost_depth1_trees200,final_holdout,historical_surprise
VRSK,2025-05-07 08:30:00,1,2025,0,-0.0317103185992506,0.5046214,historical_xgboost_depth1_trees200,final_holdout,historical_surprise
WAB,2024-02-14 08:30:00,4,2024,0,-0.0082726226956297,0.5379142,historical_xgboost_depth1_trees200,final_holdout,historical_surprise
WAB,2023-10-25 08:30:00,3,2023,1,0.0735210329309549,0.68700093,historical_xgboost_depth1_trees200,final_holdout,historical_surprise
WAB,2023-07-27 08:30:00,2,2023,1,0.0511395939128962,0.54012847,historical_xgboost_depth1_trees200,final_holdout,historical_surprise
WAB,2025-02-12 08:30:00,4,2025,0,-0.0835788542596854,0.70905644,historical_xgboost_depth1_trees200,final_holdout,historical_surprise
WAB,2024-10-23 08:30:00,3,2024,1,0.0051268894040795,0.6354437,historical_xgboost_depth1_trees200,final_holdout,historical_surprise
WAB,2024-04-24 08:30:00,1,2024,1,0.0917348598834729,0.66099244,historical_xgboost_depth1_trees200,final_holdout,historical_surprise
XYL,2024-02-06 09:00:00,4,2024,1,0.0648316932736294,0.7101316,historical_xgboost_depth1_trees200,final_holdout,historical_surprise
XYL,2023-08-02 09:00:00,2,2023,0,-0.0436728247028807,0.7650404,historical_xgboost_depth1_trees200,final_holdout,historical_surprise
XYL,2024-10-31 09:00:00,3,2024,0,-0.0696833649937058,0.44524622,historical_xgboost_depth1_trees200,final_holdout,historical_surprise
XYL,2024-07-30 09:00:00,2,2024,0,-0.0580018982435321,0.57140476,historical_xgboost_depth1_trees200,final_holdout,historical_surprise
XYL,2024-05-02 09:00:00,1,2024,1,0.0444598615053588,0.6231017,historical_xgboost_depth1_trees200,final_holdout,historical_surprise
AAL,2023-01-26 08:30:00,4,2023,1,0.0008017695489079,0.59644115,historical_xgboost_depth1_trees200,final_holdout,historical_surprise
AAL,2024-04-25 09:15:00,1,2024,0,-0.0139277367840555,0.68408394,historical_xgboost_depth1_trees200,final_holdout,historical_surprise
RHI,2023-01-27 17:00:00,4,2023,1,0.0056366818932869,0.5331509,historical_xgboost_depth1_trees200,final_holdout,historical_surprise
RHI,2024-01-30 17:00:00,4,2024,0,-0.0220325317565629,0.46355447,historical_xgboost_depth1_trees200,final_holdout,historical_surprise
RHI,2023-10-24 17:00:00,3,2023,1,0.0492852244492568,0.45606124,historical_xgboost_depth1_trees200,final_holdout,historical_surprise
RHI,2023-07-25 17:00:00,2,2023,0,-0.0804486599418826,0.4203868,historical_xgboost_depth1_trees200,final_holdout,historical_surprise
RHI,2023-04-26 17:00:00,1,2023,0,-0.033063658787259,0.34097314,historical_xgboost_depth1_trees200,final_holdout,historical_surprise
RHI,2025-01-29 17:00:00,4,2025,0,-0.1064910611685646,0.50437766,historical_xgboost_depth1_trees200,final_holdout,historical_surprise
RHI,2024-10-22 17:00:00,3,2024,1,0.0600496603811538,0.4945558,historical_xgboost_depth1_trees200,final_holdout,historical_surprise
RHI,2024-07-24 17:00:00,2,2024,0,-0.0272551287423549,0.47309145,historical_xgboost_depth1_trees200,final_holdout,historical_surprise
RHI,2024-04-25 17:00:00,1,2024,0,-0.0175733535676723,0.3453269,historical_xgboost_depth1_trees200,final_holdout,historical_surprise
ADP,2023-04-26 08:30:00,3,2023,1,0.0111343061655528,0.66994035,sentence_plus_historical_xgboost_depth1_trees100,final_holdout,sentence_plus_historical
ALLE,2023-07-26 08:00:00,2,2023,0,-0.0881239525796775,0.54459345,sentence_plus_historical_xgboost_depth1_trees100,final_holdout,sentence_plus_historical
ALLE,2024-07-24 08:00:00,2,2024,1,0.1170858128011878,0.6336611,sentence_plus_historical_xgboost_depth1_trees100,final_holdout,sentence_plus_historical
ALLE,2024-04-25 08:00:00,1,2024,0,-0.0328089416613609,0.3834554,sentence_plus_historical_xgboost_depth1_trees100,final_holdout,sentence_plus_historical
ALLE,2025-04-24 08:00:00,1,2025,1,0.0648048718529561,0.43810067,sentence_plus_historical_xgboost_depth1_trees100,final_holdout,sentence_plus_historical
AME,2023-08-01 08:30:00,2,2023,1,0.0279774290408804,0.5962666,sentence_plus_historical_xgboost_depth1_trees100,final_holdout,sentence_plus_historical
AME,2023-05-02 08:30:00,1,2023,1,0.0479016453176294,0.5587221,sentence_plus_historical_xgboost_depth1_trees100,final_holdout,sentence_plus_historical
AME,2025-02-04 08:30:00,4,2025,0,-0.0019962648058131,0.50399595,sentence_plus_historical_xgboost_depth1_trees100,final_holdout,sentence_plus_historical
AME,2024-08-01 08:30:00,2,2024,0,-0.0375224853456659,0.3694777,sentence_plus_historical_xgboost_depth1_trees100,final_holdout,sentence_plus_historical
AME,2024-05-02 08:30:00,1,2024,0,-0.0615510866190287,0.5377878,sentence_plus_historical_xgboost_depth1_trees100,final_holdout,sentence_plus_historical
AME,2025-05-01 08:30:00,1,2025,0,-0.0104057749029691,0.59591556,sentence_plus_historical_xgboost_depth1_trees100,final_holdout,sentence_plus_historical
BLDR,2025-02-20 09:00:00,4,2025,1,0.0118961303831873,0.36867398,sentence_plus_historical_xgboost_depth1_trees100,final_holdout,sentence_plus_historical
BR,2023-08-08 08:30:00,4,2023,1,0.1066870212258972,0.5018054,sentence_plus_historical_xgboost_depth1_trees100,final_holdout,sentence_plus_historical
BR,2023-05-02 08:30:00,3,2023,1,0.065259925313461,0.49683535,sentence_plus_historical_xgboost_depth1_trees100,final_holdout,sentence_plus_historical
BR,2024-02-01 08:30:00,2,2024,0,-0.0599720389273853,0.6386467,sentence_plus_historical_xgboost_depth1_trees100,final_holdout,sentence_plus_historical
BR,2024-11-05 08:30:00,1,2024,1,0.02851072658155,0.5540354,sentence_plus_historical_xgboost_depth1_trees100,final_holdout,sentence_plus_historical
CARR,2023-02-07 08:00:00,4,2023,0,-0.0217602103495845,0.40305826,sentence_plus_historical_xgboost_depth1_trees100,final_holdout,sentence_plus_historical
CARR,2024-02-06 07:30:00,4,2024,0,-0.0198991976308455,0.51351273,sentence_plus_historical_xgboost_depth1_trees100,final_holdout,sentence_plus_historical
CARR,2023-10-26 07:30:00,3,2023,1,0.0476628047475324,0.42257375,sentence_plus_historical_xgboost_depth1_trees100,final_holdout,sentence_plus_historical
CARR,2023-07-27 07:30:00,2,2023,1,0.0952779510438597,0.50738585,sentence_plus_historical_xgboost_depth1_trees100,final_holdout,sentence_plus_historical
CARR,2025-02-11 07:30:00,4,2025,0,-0.0049725447049979,0.5127907,sentence_plus_historical_xgboost_depth1_trees100,final_holdout,sentence_plus_historical
CARR,2024-10-24 07:30:00,3,2024,0,-0.0798219098823908,0.4949683,sentence_plus_historical_xgboost_depth1_trees100,final_holdout,sentence_plus_historical
CARR,2024-07-25 07:30:00,2,2024,1,0.0145903102081066,0.4930954,sentence_plus_historical_xgboost_depth1_trees100,final_holdout,sentence_plus_historical
CARR,2024-04-25 07:30:00,1,2024,1,0.1264368295410775,0.5682209,sentence_plus_historical_xgboost_depth1_trees100,final_holdout,sentence_plus_historical
CARR,2025-05-01 07:30:00,1,2025,1,0.111570575435133,0.47500128,sentence_plus_historical_xgboost_depth1_trees100,final_holdout,sentence_plus_historical
CAT,2023-01-31 08:30:00,4,2023,0,-0.0617711646818559,0.43168518,sentence_plus_historical_xgboost_depth1_trees100,final_holdout,sentence_plus_historical
CAT,2024-02-05 08:30:00,4,2024,0,-0.0071440970731206,0.5004416,sentence_plus_historical_xgboost_depth1_trees100,final_holdout,sentence_plus_historical
CAT,2023-10-31 08:30:00,3,2023,0,-0.0638191319731548,0.4524258,sentence_plus_historical_xgboost_depth1_trees100,final_holdout,sentence_plus_historical
CAT,2023-08-01 08:30:00,2,2023,1,0.0775160621504272,0.51624244,sentence_plus_historical_xgboost_depth1_trees100,final_holdout,sentence_plus_historical
CAT,2025-01-30 08:30:00,4,2025,0,-0.0911006369114678,0.49523926,sentence_plus_historical_xgboost_depth1_trees100,final_holdout,sentence_plus_historical
CAT,2024-10-30 08:30:00,3,2024,0,-0.0020842085281419,0.4711471,sentence_plus_historical_xgboost_depth1_trees100,final_holdout,sentence_plus_historical
CAT,2024-08-06 08:30:00,2,2024,1,0.0302243261328893,0.51627123,sentence_plus_historical_xgboost_depth1_trees100,final_holdout,sentence_plus_historical
CAT,2024-04-25 08:30:00,1,2024,0,-0.0787685222122572,0.5064802,sentence_plus_historical_xgboost_depth1_trees100,final_holdout,sentence_plus_historical
CAT,2025-04-30 08:30:00,1,2025,1,0.0355977701568113,0.5598312,sentence_plus_historical_xgboost_depth1_trees100,final_holdout,sentence_plus_historical
CHRW,2023-11-01 17:00:00,3,2023,0,-0.0349331725787406,0.49479914,sentence_plus_historical_xgboost_depth1_trees100,final_holdout,sentence_plus_historical
CHRW,2024-05-01 17:00:00,1,2024,1,0.0894474044018966,0.579266,sentence_plus_historical_xgboost_depth1_trees100,final_holdout,sentence_plus_historical
CPRT,2024-09-04 17:30:00,4,2024,0,-0.07535020775021,0.41334903,sentence_plus_historical_xgboost_depth1_trees100,final_holdout,sentence_plus_historical
CPRT,2024-05-16 17:30:00,3,2024,0,-0.0138972328627559,0.54004323,sentence_plus_historical_xgboost_depth1_trees100,final_holdout,sentence_plus_historical
CPRT,2024-02-22 17:30:00,2,2024,1,0.0738767835527367,0.5553576,sentence_plus_historical_xgboost_depth1_trees100,final_holdout,sentence_plus_historical
CPRT,2023-11-16 17:30:00,1,2023,1,0.0190850792575505,0.6361047,sentence_plus_historical_xgboost_depth1_trees100,final_holdout,sentence_plus_historical
CPRT,2025-02-20 17:30:00,2,2025,0,-0.0095180682497251,0.5553959,sentence_plus_historical_xgboost_depth1_trees100,final_holdout,sentence_plus_historical
CPRT,2024-11-21 17:30:00,1,2024,1,0.0999944920814248,0.40528867,sentence_plus_historical_xgboost_depth1_trees100,final_holdout,sentence_plus_historical
CSX,2023-01-25 16:30:00,4,2023,0,-0.0082521556037686,0.5902766,sentence_plus_historical_xgboost_depth1_trees100,final_holdout,sentence_plus_historical
CSX,2023-07-20 16:30:00,2,2023,0,-0.0207320157673516,0.5208534,sentence_plus_historical_xgboost_depth1_trees100,final_holdout,sentence_plus_historical
CSX,2023-04-20 09:00:00,1,2023,1,0.0099729326983203,0.5968126,sentence_plus_historical_xgboost_depth1_trees100,final_holdout,sentence_plus_historical
EFX,2025-04-22 08:30:00,1,2025,1,0.1187894708161738,0.5735023,sentence_plus_historical_xgboost_depth1_trees100,final_holdout,sentence_plus_historical
EMR,2023-08-02 09:00:00,3,2023,1,0.0700492029490168,0.5847064,sentence_plus_historical_xgboost_depth1_trees100,final_holdout,sentence_plus_historical
EMR,2023-05-03 08:00:00,2,2023,1,0.0174915514895405,0.45795923,sentence_plus_historical_xgboost_depth1_trees100,final_holdout,sentence_plus_historical
EMR,2024-05-08 09:00:00,2,2024,1,0.0533421589054701,0.53339416,sentence_plus_historical_xgboost_depth1_trees100,final_holdout,sentence_plus_historical
ETN,2025-01-31 05:00:00,4,2025,0,-0.036435456515649,0.5819935,sentence_plus_historical_xgboost_depth1_trees100,final_holdout,sentence_plus_historical
FDX,2024-12-19 17:30:00,2,2024,0,-0.0014461264784637,0.49297938,sentence_plus_historical_xgboost_depth1_trees100,final_holdout,sentence_plus_historical
FDX,2024-09-19 17:30:00,1,2024,0,-0.1189392550955918,0.4566284,sentence_plus_historical_xgboost_depth1_trees100,final_holdout,sentence_plus_historical
GD,2023-01-25 09:00:00,4,2023,0,-0.0250003454753638,0.5208232,sentence_plus_historical_xgboost_depth1_trees100,final_holdout,sentence_plus_historical
GD,2023-04-26 16:30:00,1,2023,0,-0.031006589048538,0.47597456,sentence_plus_historical_xgboost_depth1_trees100,final_holdout,sentence_plus_historical
GD,2024-04-24 09:00:00,1,2024,0,-0.012358550857441,0.5277498,sentence_plus_historical_xgboost_depth1_trees100,final_holdout,sentence_plus_historical
GE,2023-01-24 08:00:00,4,2023,1,0.0137957181541744,0.6455278,sentence_plus_historical_xgboost_depth1_trees100,final_holdout,sentence_plus_historical
GE,2024-01-23 07:30:00,4,2024,0,-0.016968596841867,0.6576115,sentence_plus_historical_xgboost_depth1_trees100,final_holdout,sentence_plus_historical
GE,2023-10-24 07:30:00,3,2023,1,0.0411526228377578,0.65725493,sentence_plus_historical_xgboost_depth1_trees100,final_holdout,sentence_plus_historical
GE,2023-07-25 07:30:00,2,2023,1,0.0286553377232452,0.6795408,sentence_plus_historical_xgboost_depth1_trees100,final_holdout,sentence_plus_historical
GE,2023-04-25 08:30:00,1,2023,1,0.0028325947483784,0.69099766,sentence_plus_historical_xgboost_depth1_trees100,final_holdout,sentence_plus_historical
GE,2025-01-24 07:30:00,4,2025,1,0.0315246836110101,0.7173127,sentence_plus_historical_xgboost_depth1_trees100,final_holdout,sentence_plus_historical
GE,2024-10-22 07:30:00,3,2024,0,-0.091949393478128,0.58219534,sentence_plus_historical_xgboost_depth1_trees100,final_holdout,sentence_plus_historical
GE,2024-07-23 07:30:00,2,2024,1,0.0618119726276717,0.57602876,sentence_plus_historical_xgboost_depth1_trees100,final_holdout,sentence_plus_historical
GE,2024-04-23 07:30:00,1,2024,1,0.0741432576182783,0.61691964,sentence_plus_historical_xgboost_depth1_trees100,final_holdout,sentence_plus_historical
GE,2025-04-25 07:30:00,1,2025,1,0.0096428230641996,0.48414382,sentence_plus_historical_xgboost_depth1_trees100,final_holdout,sentence_plus_historical
GEV,2025-01-22 07:30:00,4,2025,0,-0.1493978737547536,0.71363413,sentence_plus_historical_xgboost_depth1_trees100,final_holdout,sentence_plus_historical
GEV,2024-10-23 07:30:00,3,2024,1,0.0839791774079313,0.6059158,sentence_plus_historical_xgboost_depth1_trees100,final_holdout,sentence_plus_historical
GEV,2024-07-25 07:30:00,2,2024,1,0.0766322630641713,0.6532745,sentence_plus_historical_xgboost_depth1_trees100,final_holdout,sentence_plus_historical
GEV,2024-04-25 07:30:00,1,2024,1,0.048054253208685,0.7148188,sentence_plus_historical_xgboost_depth1_trees100,final_holdout,sentence_plus_historical
GEV,2025-04-23 07:30:00,1,2025,1,0.0867333583325222,0.47447565,sentence_plus_historical_xgboost_depth1_trees100,final_holdout,sentence_plus_historical
GWW,2025-01-31 05:00:00,4,2025,0,-0.0737521140190657,0.42009294,sentence_plus_historical_xgboost_depth1_trees100,final_holdout,sentence_plus_historical
HII,2024-02-01 09:00:00,4,2024,1,0.0302659873924273,0.49711555,sentence_plus_historical_xgboost_depth1_trees100,final_holdout,sentence_plus_historical
HII,2023-08-03 09:00:00,2,2023,1,0.0094187028374455,0.45901373,sentence_plus_historical_xgboost_depth1_trees100,final_holdout,sentence_plus_historical
HII,2025-02-06 09:00:00,4,2025,0,-0.1625070478348761,0.42872664,sentence_plus_historical_xgboost_depth1_trees100,final_holdout,sentence_plus_historical
HII,2024-10-31 09:00:00,3,2024,0,-0.2085947028227086,0.40273306,sentence_plus_historical_xgboost_depth1_trees100,final_holdout,sentence_plus_historical
HII,2024-05-02 09:00:00,1,2024,0,-0.1425168690895796,0.42078313,sentence_plus_historical_xgboost_depth1_trees100,final_holdout,sentence_plus_historical
HON,2024-04-25 09:00:00,1,2024,1,0.0131157860892286,0.5459222,sentence_plus_historical_xgboost_depth1_trees100,final_holdout,sentence_plus_historical
IEX,2025-05-02 09:00:00,1,2025,1,0.0429670046467205,0.55981433,sentence_plus_historical_xgboost_depth1_trees100,final_holdout,sentence_plus_historical
IR,2024-08-01 08:00:00,2,2024,0,-0.0720242115518051,0.51421297,sentence_plus_historical_xgboost_depth1_trees100,final_holdout,sentence_plus_historical
IR,2024-05-03 08:00:00,1,2024,0,-0.0495205103456785,0.4092507,sentence_plus_historical_xgboost_depth1_trees100,final_holdout,sentence_plus_historical
JBHT,2023-01-18 09:00:00,4,2023,1,0.0819242253002578,0.5022202,sentence_plus_historical_xgboost_depth1_trees100,final_holdout,sentence_plus_historical
JBHT,2024-10-15 17:00:00,3,2024,0,-0.000626265700387,0.57741493,sentence_plus_historical_xgboost_depth1_trees100,final_holdout,sentence_plus_historical
JBHT,2024-04-16 17:00:00,1,2024,0,-0.0881652768847109,0.426111,sentence_plus_historical_xgboost_depth1_trees100,final_holdout,sentence_plus_historical
JBHT,2025-04-15 17:00:00,1,2025,0,-0.0313079337553116,0.53085834,sentence_plus_historical_xgboost_depth1_trees100,final_holdout,sentence_plus_historical
JCI,2023-12-12 08:30:00,4,2023,0,-0.0729540989365945,0.40643188,sentence_plus_historical_xgboost_depth1_trees100,final_holdout,sentence_plus_historical
JCI,2023-08-02 08:30:00,3,2023,0,-0.1066177592779218,0.55573267,sentence_plus_historical_xgboost_depth1_trees100,final_holdout,sentence_plus_historical
JCI,2023-05-05 08:30:00,2,2023,1,0.0435849656136515,0.7140863,sentence_plus_historical_xgboost_depth1_trees100,final_holdout,sentence_plus_historical
JCI,2024-07-31 08:30:00,3,2024,1,0.0023749464250347,0.606341,sentence_plus_historical_xgboost_depth1_trees100,final_holdout,sentence_plus_historical
JCI,2024-05-01 08:30:00,2,2024,0,-0.0395612342426893,0.5198266,sentence_plus_historical_xgboost_depth1_trees100,final_holdout,sentence_plus_historical
JCI,2025-02-05 08:30:00,1,2025,1,0.148506139979994,0.7425083,sentence_plus_historical_xgboost_depth1_trees100,final_holdout,sentence_plus_historical
LDOS,2025-02-11 08:00:00,4,2025,0,-0.0909574265821021,0.6358857,sentence_plus_historical_xgboost_depth1_trees100,final_holdout,sentence_plus_historical
LHX,2024-04-26 08:30:00,1,2024,1,0.0160677007632674,0.5390707,sentence_plus_historical_xgboost_depth1_trees100,final_holdout,sentence_plus_historical
MAS,2023-02-09 08:00:00,4,2023,1,0.0306565492951114,0.4068907,sentence_plus_historical_xgboost_depth1_trees100,final_holdout,sentence_plus_historical
MAS,2023-10-26 08:00:00,3,2023,1,0.0784241458791681,0.42540443,sentence_plus_historical_xgboost_depth1_trees100,final_holdout,sentence_plus_historical
MAS,2023-07-27 08:00:00,2,2023,0,-0.0056829616239529,0.40215996,sentence_plus_historical_xgboost_depth1_trees100,final_holdout,sentence_plus_historical
MAS,2023-04-26 07:45:00,1,2023,1,0.0497280840984102,0.38632134,sentence_plus_historical_xgboost_depth1_trees100,final_holdout,sentence_plus_historical
MAS,2025-02-11 08:00:00,4,2025,0,-0.0140172413597611,0.5568532,sentence_plus_historical_xgboost_depth1_trees100,final_holdout,sentence_plus_historical
MAS,2024-10-29 08:00:00,3,2024,1,0.0081352262312072,0.48014015,sentence_plus_historical_xgboost_depth1_trees100,final_holdout,sentence_plus_historical
MAS,2024-07-25 08:00:00,2,2024,1,0.0854677121037525,0.47997656,sentence_plus_historical_xgboost_depth1_trees100,final_holdout,sentence_plus_historical
MAS,2024-04-24 08:00:00,1,2024,0,-0.055582113078466,0.37486497,sentence_plus_historical_xgboost_depth1_trees100,final_holdout,sentence_plus_historical
MAS,2025-04-23 08:00:00,1,2025,0,-0.0674322984039771,0.5319826,sentence_plus_historical_xgboost_depth1_trees100,final_holdout,sentence_plus_historical
MMM,2024-01-23 09:00:00,4,2024,0,-0.1237358532435822,0.48470628,sentence_plus_historical_xgboost_depth1_trees100,final_holdout,sentence_plus_historical
MMM,2023-10-24 09:00:00,3,2023,1,0.0577031703427404,0.40643188,sentence_plus_historical_xgboost_depth1_trees100,final_holdout,sentence_plus_historical
MMM,2023-07-25 09:00:00,2,2023,1,0.0618039934080454,0.35016885,sentence_plus_historical_xgboost_depth1_trees100,final_holdout,sentence_plus_historical
MMM,2024-10-22 09:00:00,3,2024,0,-0.0285405241072205,0.6413827,sentence_plus_historical_xgboost_depth1_trees100,final_holdout,sentence_plus_historical
NDSN,2023-02-21 08:30:00,1,2023,0,-0.0821784799407258,0.39898324,sentence_plus_historical_xgboost_depth1_trees100,final_holdout,sentence_plus_historical
NOC,2023-01-26 09:00:00,4,2023,0,-0.0703240877360957,0.42742416,sentence_plus_historical_xgboost_depth1_trees100,final_holdout,sentence_plus_historical
NOC,2023-10-26 09:00:00,3,2023,0,-0.0432418549712302,0.52340835,sentence_plus_historical_xgboost_depth1_trees100,final_holdout,sentence_plus_historical
NOC,2023-07-27 09:00:00,2,2023,0,-0.0095115068910743,0.6262194,sentence_plus_historical_xgboost_depth1_trees100,final_holdout,sentence_plus_historical
NOC,2025-01-30 09:00:00,4,2025,0,-0.0227762536390768,0.57519007,sentence_plus_historical_xgboost_depth1_trees100,final_holdout,sentence_plus_historical
NOC,2024-10-24 09:00:00,3,2024,0,-0.0242205531198924,0.7222804,sentence_plus_historical_xgboost_depth1_trees100,final_holdout,sentence_plus_historical
NOC,2024-07-25 09:00:00,2,2024,1,0.0779132733164478,0.56257224,sentence_plus_historical_xgboost_depth1_trees100,final_holdout,sentence_plus_historical
NSC,2023-01-25 08:45:00,4,2023,0,-0.0542042405846907,0.57914114,sentence_plus_historical_xgboost_depth1_trees100,final_holdout,sentence_plus_historical
NSC,2024-04-24 08:45:00,1,2024,0,-0.0531583596984326,0.4963368,sentence_plus_historical_xgboost_depth1_trees100,final_holdout,sentence_plus_historical
OTIS,2023-02-01 08:30:00,4,2023,0,-0.004413957723641,0.6153074,sentence_plus_historical_xgboost_depth1_trees100,final_holdout,sentence_plus_historical
OTIS,2024-01-31 08:30:00,4,2024,1,0.0156147598771454,0.510001,sentence_plus_historical_xgboost_depth1_trees100,final_holdout,sentence_plus_historical
OTIS,2023-10-25 08:30:00,3,2023,1,0.0119082941350684,0.46510285,sentence_plus_historical_xgboost_depth1_trees100,final_holdout,sentence_plus_historical
OTIS,2023-07-26 08:30:00,2,2023,1,0.0283462988988187,0.6116417,sentence_plus_historical_xgboost_depth1_trees100,final_holdout,sentence_plus_historical
OTIS,2025-01-29 08:30:00,4,2025,0,-0.010105844705445,0.5307596,sentence_plus_historical_xgboost_depth1_trees100,final_holdout,sentence_plus_historical
OTIS,2024-10-30 08:30:00,3,2024,0,-0.003336855834108,0.51521176,sentence_plus_historical_xgboost_depth1_trees100,final_holdout,sentence_plus_historical
OTIS,2024-07-24 08:30:00,2,2024,0,-0.0248775505304131,0.5540631,sentence_plus_historical_xgboost_depth1_trees100,final_holdout,sentence_plus_historical
OTIS,2024-04-24 08:30:00,1,2024,0,-0.0574526826909045,0.44603884,sentence_plus_historical_xgboost_depth1_trees100,final_holdout,sentence_plus_historical
OTIS,2025-04-23 08:30:00,1,2025,0,-0.0925717388737628,0.39799494,sentence_plus_historical_xgboost_depth1_trees100,final_holdout,sentence_plus_historical
PNR,2023-07-27 09:00:00,2,2023,1,0.0429159441624187,0.53905016,sentence_plus_historical_xgboost_depth1_trees100,final_holdout,sentence_plus_historical
PNR,2024-10-22 09:00:00,3,2024,1,0.0116082433294052,0.550882,sentence_plus_historical_xgboost_depth1_trees100,final_holdout,sentence_plus_historical
PWR,2023-02-23 09:00:00,4,2023,1,0.0857460539351597,0.607492,sentence_plus_historical_xgboost_depth1_trees100,final_holdout,sentence_plus_historical
PWR,2023-11-02 09:00:00,3,2023,1,0.029329496789662,0.6648499,sentence_plus_historical_xgboost_depth1_trees100,final_holdout,sentence_plus_historical
PWR,2023-05-04 09:00:00,1,2023,1,0.0076198095438686,0.6675453,sentence_plus_historical_xgboost_depth1_trees100,final_holdout,sentence_plus_historical
PWR,2024-10-31 09:00:00,3,2024,0,-0.0224437588445811,0.6491559,sentence_plus_historical_xgboost_depth1_trees100,final_holdout,sentence_plus_historical
PWR,2024-08-01 09:00:00,2,2024,0,-0.0051531059404614,0.61608005,sentence_plus_historical_xgboost_depth1_trees100,final_holdout,sentence_plus_historical
PWR,2024-05-02 09:00:00,1,2024,1,0.0013058711657065,0.45062646,sentence_plus_historical_xgboost_depth1_trees100,final_holdout,sentence_plus_historical
ROK,2024-05-07 08:30:00,2,2024,0,-0.0338858747028606,0.41602746,sentence_plus_historical_xgboost_depth1_trees100,final_holdout,sentence_plus_historical
ROL,2023-07-27 08:30:00,2,2023,0,-0.0664406145073004,0.5651791,sentence_plus_historical_xgboost_depth1_trees100,final_holdout,sentence_plus_historical
ROL,2025-02-13 08:30:00,4,2025,1,0.0137197615490245,0.6040735,sentence_plus_historical_xgboost_depth1_trees100,final_holdout,sentence_plus_historical
ROL,2024-07-25 08:30:00,2,2024,0,-0.0583767879190562,0.53056556,sentence_plus_historical_xgboost_depth1_trees100,final_holdout,sentence_plus_historical
ROL,2024-04-25 08:30:00,1,2024,1,0.0527183013954563,0.33022884,sentence_plus_historical_xgboost_depth1_trees100,final_holdout,sentence_plus_historical
RSG,2023-02-15 17:00:00,4,2023,1,0.0557466246365334,0.5314591,sentence_plus_historical_xgboost_depth1_trees100,final_holdout,sentence_plus_historical
RSG,2023-10-26 17:00:00,3,2023,0,-0.0046728433198297,0.48752785,sentence_plus_historical_xgboost_depth1_trees100,final_holdout,sentence_plus_historical
RSG,2025-02-13 17:00:00,4,2025,1,0.0450902102466085,0.5277006,sentence_plus_historical_xgboost_depth1_trees100,final_holdout,sentence_plus_historical
RSG,2024-07-24 17:00:00,2,2024,0,-0.0443300533675204,0.5709304,sentence_plus_historical_xgboost_depth1_trees100,final_holdout,sentence_plus_historical
RSG,2024-04-30 17:00:00,1,2024,0,-0.0465663918960855,0.43913454,sentence_plus_historical_xgboost_depth1_trees100,final_holdout,sentence_plus_historical
RTX,2024-07-25 08:00:00,2,2024,1,0.1032308674654474,0.648918,sentence_plus_historical_xgboost_depth1_trees100,final_holdout,sentence_plus_historical
SWK,2024-05-01 23:00:00,1,2024,0,-0.0992378887749984,0.3736495,sentence_plus_historical_xgboost_depth1_trees100,final_holdout,sentence_plus_historical
TXT,2023-01-25 08:00:00,4,2023,1,0.0318457616455905,0.47246253,sentence_plus_historical_xgboost_depth1_trees100,final_holdout,sentence_plus_historical
TXT,2023-10-26 08:00:00,3,2023,1,0.0097175752432139,0.5525959,sentence_plus_historical_xgboost_depth1_trees100,final_holdout,sentence_plus_historical
TXT,2024-04-25 08:00:00,1,2024,0,-0.087789730869322,0.43814054,sentence_plus_historical_xgboost_depth1_trees100,final_holdout,sentence_plus_historical
UBER,2023-02-08 08:00:00,4,2023,1,0.016148641857743,0.64880055,sentence_plus_historical_xgboost_depth1_trees100,final_holdout,sentence_plus_historical
UBER,2024-10-31 08:00:00,3,2024,0,-0.0836744111937076,0.6085974,sentence_plus_historical_xgboost_depth1_trees100,final_holdout,sentence_plus_historical
UBER,2024-05-08 08:00:00,1,2024,0,-0.0839235136255633,0.7227903,sentence_plus_historical_xgboost_depth1_trees100,final_holdout,sentence_plus_historical
UNP,2023-07-26 08:45:00,2,2023,1,0.071967161920138,0.45369068,sentence_plus_historical_xgboost_depth1_trees100,final_holdout,sentence_plus_historical
UNP,2025-01-23 08:45:00,4,2025,1,0.0660442472850197,0.607034,sentence_plus_historical_xgboost_depth1_trees100,final_holdout,sentence_plus_historical
UNP,2024-10-24 08:45:00,3,2024,0,-0.0408389587192936,0.73046625,sentence_plus_historical_xgboost_depth1_trees100,final_holdout,sentence_plus_historical
UPS,2023-08-08 08:30:00,2,2023,0,-0.0213651959207846,0.43122545,sentence_plus_historical_xgboost_depth1_trees100,final_holdout,sentence_plus_historical
UPS,2024-10-24 08:30:00,3,2024,1,0.0153844307987311,0.45720056,sentence_plus_historical_xgboost_depth1_trees100,final_holdout,sentence_plus_historical
UPS,2025-04-29 08:30:00,1,2025,0,-0.0377580064365744,0.39267832,sentence_plus_historical_xgboost_depth1_trees100,final_holdout,sentence_plus_historical
URI,2024-04-25 08:30:00,1,2024,1,0.0083150335009352,0.6840702,sentence_plus_historical_xgboost_depth1_trees100,final_holdout,sentence_plus_historical
VLTO,2023-10-26 00:00:00,3,2023,0,-0.058536942726613,0.44886634,sentence_plus_historical_xgboost_depth1_trees100,final_holdout,sentence_plus_historical
VLTO,2025-04-30 08:30:00,1,2025,1,0.0160983981201892,0.5935845,sentence_plus_historical_xgboost_depth1_trees100,final_holdout,sentence_plus_historical
VRSK,2023-03-01 08:30:00,4,2023,1,0.0721231572582008,0.5284698,sentence_plus_historical_xgboost_depth1_trees100,final_holdout,sentence_plus_historical
VRSK,2025-02-26 08:30:00,4,2025,1,0.0291379922755189,0.59678763,sentence_plus_historical_xgboost_depth1_trees100,final_holdout,sentence_plus_historical
VRSK,2024-07-31 08:30:00,2,2024,0,-0.0514619238183601,0.48949403,sentence_plus_historical_xgboost_depth1_trees100,final_holdout,sentence_plus_historical
VRSK,2024-05-01 08:30:00,1,2024,1,0.103048851288636,0.61861885,sentence_plus_historical_xgboost_depth1_trees100,final_holdout,sentence_plus_historical
VRSK,2025-05-07 08:30:00,1,2025,0,-0.0317103185992506,0.4460028,sentence_plus_historical_xgboost_depth1_trees100,final_holdout,sentence_plus_historical
WAB,2024-02-14 08:30:00,4,2024,0,-0.0082726226956297,0.5943789,sentence_plus_historical_xgboost_depth1_trees100,final_holdout,sentence_plus_historical
WAB,2023-10-25 08:30:00,3,2023,1,0.0735210329309549,0.65307903,sentence_plus_historical_xgboost_depth1_trees100,final_holdout,sentence_plus_historical
WAB,2023-07-27 08:30:00,2,2023,1,0.0511395939128962,0.47652435,sentence_plus_historical_xgboost_depth1_trees100,final_holdout,sentence_plus_historical
WAB,2025-02-12 08:30:00,4,2025,0,-0.0835788542596854,0.65901333,sentence_plus_historical_xgboost_depth1_trees100,final_holdout,sentence_plus_historical
WAB,2024-10-23 08:30:00,3,2024,1,0.0051268894040795,0.5439167,sentence_plus_historical_xgboost_depth1_trees100,final_holdout,sentence_plus_historical
WAB,2024-04-24 08:30:00,1,2024,1,0.0917348598834729,0.6578743,sentence_plus_historical_xgboost_depth1_trees100,final_holdout,sentence_plus_historical
XYL,2024-02-06 09:00:00,4,2024,1,0.0648316932736294,0.6780146,sentence_plus_historical_xgboost_depth1_trees100,final_holdout,sentence_plus_historical
XYL,2023-08-02 09:00:00,2,2023,0,-0.0436728247028807,0.7014021,sentence_plus_historical_xgboost_depth1_trees100,final_holdout,sentence_plus_historical
XYL,2024-10-31 09:00:00,3,2024,0,-0.0696833649937058,0.44625658,sentence_plus_historical_xgboost_depth1_trees100,final_holdout,sentence_plus_historical
XYL,2024-07-30 09:00:00,2,2024,0,-0.0580018982435321,0.4951902,sentence_plus_historical_xgboost_depth1_trees100,final_holdout,sentence_plus_historical
XYL,2024-05-02 09:00:00,1,2024,1,0.0444598615053588,0.71873313,sentence_plus_historical_xgboost_depth1_trees100,final_holdout,sentence_plus_historical
AAL,2023-01-26 08:30:00,4,2023,1,0.0008017695489079,0.6084966,sentence_plus_historical_xgboost_depth1_trees100,final_holdout,sentence_plus_historical
AAL,2024-04-25 09:15:00,1,2024,0,-0.0139277367840555,0.6339002,sentence_plus_historical_xgboost_depth1_trees100,final_holdout,sentence_plus_historical
RHI,2023-01-27 17:00:00,4,2023,1,0.0056366818932869,0.44490668,sentence_plus_historical_xgboost_depth1_trees100,final_holdout,sentence_plus_historical
RHI,2024-01-30 17:00:00,4,2024,0,-0.0220325317565629,0.45830554,sentence_plus_historical_xgboost_depth1_trees100,final_holdout,sentence_plus_historical
RHI,2023-10-24 17:00:00,3,2023,1,0.0492852244492568,0.40315223,sentence_plus_historical_xgboost_depth1_trees100,final_holdout,sentence_plus_historical
RHI,2023-07-25 17:00:00,2,2023,0,-0.0804486599418826,0.40499568,sentence_plus_historical_xgboost_depth1_trees100,final_holdout,sentence_plus_historical
RHI,2023-04-26 17:00:00,1,2023,0,-0.033063658787259,0.38881275,sentence_plus_historical_xgboost_depth1_trees100,final_holdout,sentence_plus_historical
RHI,2025-01-29 17:00:00,4,2025,0,-0.1064910611685646,0.45048282,sentence_plus_historical_xgboost_depth1_trees100,final_holdout,sentence_plus_historical
RHI,2024-10-22 17:00:00,3,2024,1,0.0600496603811538,0.4300437,sentence_plus_historical_xgboost_depth1_trees100,final_holdout,sentence_plus_historical
RHI,2024-07-24 17:00:00,2,2024,0,-0.0272551287423549,0.4348756,sentence_plus_historical_xgboost_depth1_trees100,final_holdout,sentence_plus_historical
RHI,2024-04-25 17:00:00,1,2024,0,-0.0175733535676723,0.3847532,sentence_plus_historical_xgboost_depth1_trees100,final_holdout,sentence_plus_historical
